ItemNo;Description;Module;ItemMainGroup;ItemSubGroup;Stock;Price_B2B;ManufacturerCode;ManufacturerName;ReferenceNumber;GTIN;GrossWeight
ANTB0005;ANTHBOT Battery 5000mAh;BABHOME;GA;;2;121,80;ANTHBOT;Anthbot;210010103;8885022190166;0,548
ANTB0008;ANTHBOT "RTK Wall Mount Kit";BABHOME;GA;;1;50,75;ANTHBOT;Anthbot;210010097;8885022190173;1,29
CAMD0003;DJI O4 Air Unit für FPV-Drohne;BABHOME;CE;;1;88,31;DJI;DJI;DF3L2904;6941565997395;0,029
CPUA0065;AMD Ryzen 5 5600X BOX | 100-100000065BOX;CPU;AMD;BOX;19;116,91;AMD;Advanced Micro Devices;100-100000065BOX;0730143312042;0,48
CPUA0067;AMD Ryzen 9 5950X BOX | 100-100000059WOF;CPU;AMD;BOX;178;265,50;AMD;Advanced Micro Devices;100-100000059WOF;0730143312745;0,12
CPUA0098;AMD Ryzen 7 7700X BOX | 100-100000591WOF;CPU;AMD;BOX;42;167,51;AMD;Advanced Micro Devices;100-100000591WOF;730143314428;0,19
CPUA0125;AMD Ryzen 9 9900X BOX | 100-100000662WOF;CPU;AMD;BOX;43;265,91;AMD;Advanced Micro Devices;100-100000662WOF;0730143315296;0,1705
CPUA0126;AMD Ryzen 9 9950X BOX | 100-100001277WOF;CPU;AMD;BOX;68;389,51;AMD;Advanced Micro Devices;100-100001277WOF;0730143315272;0,171
CPUA0130;AMD Ryzen 7 9800X3D BOX | 100-100001084WOF;CPU;AMD;BOX;19;335,00;AMD;Advanced Micro Devices;100-100001084WOF;0730143315289;0,094
CPUA0135;AMD Ryzen 9 9900X3D BOX | 100-100001368WOF;CPU;AMD;BOX;53;409,50;AMD;Advanced Micro Devices;100-100001368WOF;0730143315579;0,149
CPUA0136;AMD Ryzen 9 9950X3D BOX | 100-100000719WOF;CPU;AMD;BOX;58;487,01;AMD;Advanced Micro Devices;100-100000719WOF;0730143315555;0,154
CPUA0139;AMD Ryzen 7 9850X3D BOX | 100-100001973WOF;CPU;AMD;BOX;108;362,51;AMD;Advanced Micro Devices;100-100001973WOF;0730143318280;0,096
CPUI0173;Intel Cpu Core i9-13900KF, box | BX8071513900KF;CPU;INTEL;BOX;1;349,51;INTEL;Intel;BX8071513900KF;5032037258623;0,1
CPUI0201;Intel Cpu Core i5-14600K, box | BX8071514600K;CPU;INTEL;BOX;19;249,01;INTEL;Intel;BX8071514600K;5032037278447;0,103
CPUI0203;Intel Cpu Core i7-14700K, box | BX8071514700K;CPU;INTEL;BOX;4;335,00;INTEL;Intel;BX8071514700K;5032037278485;0,103
CPUI0204;Intel Cpu Core i7-14700KF, box | BX8071514700KF;CPU;INTEL;BOX;1;297,01;INTEL;Intel;BX8071514700KF;5032037278508;0,1044
CPUI0205;Intel Cpu Core i9-14900K, box | BX8071514900K;CPU;INTEL;BOX;27;392,50;INTEL;Intel;BX8071514900K;5032037278522;0,1046
CPUI0206;Intel Cpu Core i9-14900KF, box | BX8071514900KF;CPU;INTEL;BOX;87;365,00;INTEL;Intel;BX8071514900KF;5032037278546;0,1046
CPUI0215;Intel Cpu Core 7-14700, box | BX8071514700;CPU;INTEL;BOX;118;308,00;INTEL;Intel;BX8071514700;5032037279239;0,49
CPUI0216;Intel Cpu Core 7-14700, tray | CM8071504820817;CPU;INTEL;TRAY;7;320,01;INTEL;Intel;CM8071504820817;5059902133663;0,04
CPUI0222;Intel Cpu Core i5-14400, box | BX8071514400;CPU;INTEL;BOX;129;188,51;INTEL;Intel;BX8071514400;5032037279130;0,46
CPUI0232;Intel Cpu Ultra 5 245K, box | BX80768245K;CPU;INTEL;BOX;46;149,00;INTEL;Intel;BX80768245K;5032037282086;0,104
CPUI0233;Intel Cpu Ultra 5 245KF, box | BX80768245KF;CPU;INTEL;BOX;45;137,50;INTEL;Intel;BX80768245KF;5032037282109;0,1024
CPUI0235;Intel Cpu Ultra 7 265KF, box | BX80768265KF;CPU;INTEL;BOX;135;212,00;INTEL;Intel;BX80768265KF;5032037281980;0,1048
CPUI0241;Intel Cpu Ultra 9 285, box | BX80768285;CPU;INTEL;BOX;92;499,00;INTEL;Intel;BX80768285;5032037282390;0,74
CPUI0253;Intel Cpu Ultra 7 270K, box | BX80768270K;CPU;INTEL;BOX;19;266,00;INTEL;Intel;BX80768270K;5032037284837;0,086
ENAB0001;Enabot ROLA PetPal Spiele Modul;SMART;;;16;22,84;ENAB;Enabot;WH287306;6972822120683;0,852
ENAB0002;Enabot ROLA PetPal Leckerlie Modul;SMART;;;12;24,36;ENAB;Enabot;WH287305;6972822120706;0,769
ENAB0004;Enabot ROLA Mini Cat Teaser;SMART;;;82;9,64;ENAB;Enabot;WH287377;6972822120867;0,094
ENAB0009;Enabot EBO Air2 White;SMART;;;67;137,03;ENAB;Enabot;WH287322;6972822120935;0,738
ENAB0010;Enabot EBO Air2 Blue;SMART;;;48;131,95;ENAB;Enabot;WH287323;6972822121079;0,742
ENAB0011;Enabot EBO Air2 Pink;SMART;;;45;131,95;ENAB;Enabot;WH287324;6972822121000;0,714
ENAB0012;Enabot EBO Air2 Plus White;SMART;;;38;253,75;ENAB;Enabot;WH287325;6972822121178;1,072
ENAB0013;Enabot EBO Air2 Plus Grey;SMART;;;12;233,45;ENAB;Enabot;WH287326;6972822121246;1,07
ENAB0014;Enabot EBO Air2 Plus Pink;SMART;;;42;233,45;ENAB;Enabot;WH287327;6972822121314;1,068
GARE0003;ECOFLOW Camping Light;BAB GREENVISION;PPS;;13;51,16;ECOFLOW;Ecoflow;EFS-CLI-B-M1;4895251600545;0,35833
GARH0001;HOOKII Neomow X Series up to 1500m²;BABHOME;GA;;10;1421,00;HOOKII;HOOKII;NEOMOW X LE;6975849060284;27,65
GARH0002;HOOKII Neomow X Series up to 3000m²;BABHOME;GA;;10;1522,50;HOOKII;HOOKII;NEOMOW X SE;6975849060277;27,65
GARH0003;HOOKII Neomow X Series up to 4000m²;BABHOME;GA;;10;1522,50;HOOKII;HOOKII;NEOMOW X;6975849060116;27,65
GARH0004;HOOKII Neomow X Series up to 6000m²;BABHOME;GA;;5;1827,00;HOOKII;HOOKII;NEOMOW X PRO;6975849060123;27,65
GARH0005;HOOKII Neomow Canopy Garage;BABHOME;GA;;35;76,13;HOOKII;HOOKII;8955412000;6975849061229;1,962
HDIS0139;Seagate BarraCuda ST2000DM008 / 2TB / 3,5";FESTPLATTE;INTERN G;;20;93,18;SEAGATE;Seagate;ST2000DM008;0763649113653;0,392
HDIS0241;Seagate ST10000VE001 SkyHawk AI / 10TB;FESTPLATTE;INTERN G;;4;382,06;SEAGATE;Seagate;ST10000VE001;0763649150474;0,7625
HDIS0258;Seagate Exos 7E10 / ST6000NM019B / 6TB / 3,5";FESTPLATTE;INTERN;OEM;3;395,01;SEAGATE;Seagate;ST6000NM019B;8719706022095;0,648
HDIS0269;Seagate IronWolf Pro ST20000NT001 / 20TB;FESTPLATTE;INTERN G;;8;704,25;SEAGATE;Seagate;ST20000NT001;8719706432276;0,73
HDIS0270;Seagate IronWolf Pro ST16000NT001 / 16TB;FESTPLATTE;INTERN G;;1;593,78;SEAGATE;Seagate;ST16000NT001;8719706432290;0,7025
HDIS0273;Seagate Exos X24 ST24000NM002H / 24TB;FESTPLATTE;INTERN;3.5";8;995,00;SEAGATE;Seagate;ST24000NM002H;0763649174883;0,739
HDIS0277;Seagate Exos M ST30000NM004K / 30 TB;FESTPLATTE;INTERN;3.5";10;1095,00;SEAGATE;Seagate;ST30000NM004K;8719706437295;0,744
HDIS0281;Seagate IronWolf ST2000VN003 / 2TB;FESTPLATTE;INTERN G;;62;131,17;SEAGATE;Seagate;ST2000VN003;7636490078323;0,432
HDIS0282;Seagate IronWolf ST6000VN006/ 6TB;FESTPLATTE;INTERN G;;5;218,32;SEAGATE;Seagate;ST6000VN006;8719706027670;0,6625
HDIS0286;Seagate IronWolf Pro ST28000NT000 / 28TB;FESTPLATTE;INTERN G;;20;849,50;SEAGATE;Seagate;ST28000NT000;8719706438667;0,694
HDIS0289;Seagate IronWolf Pro ST8000NT001 / 8 TB;FESTPLATTE;INTERN;;3;302,47;SEAGATE;Seagate;ST8000NT001;8719706432337;0,7725
HDIS0293;Seagate Exos 7E10  ST8000NM018B / 8TB;FESTPLATTE;INTERN;OEM;2;380,01;SEAGATE;Seagate;ST8000NM018B;8719706022163;0,763
HDIS0294;Seagate Exos X24 ST24000NM007H / 24TB;FESTPLATTE;INTERN;3.5";18;1199,01;SEAGATE;Seagate;ST24000NM007H;0763649174920;0,737
HDIS0295;Seagate BarraCuda ST20000DM001 / 20TB / 3,5";FESTPLATTE;INTERN G;;5;596,82;SEAGATE;Seagate;ST20000DM001;8719706439411;0,694
HDIS0297;Seagate Exos X18 / ST14000NM005J / 14TB;FESTPLATTE;INTERN;OEM;2;490,03;SEAGATE;Seagate;ST14000NM005J;0763649139103;0,65
HDIS0298;Seagate Exos X24 ST16000NM002H / 16TB;FESTPLATTE;INTERN;OEM;10;799,01;SEAGATE;Seagate;ST16000NM002H;8719706431460;0,688
HDIS0299;Seagate Exos 7E10 / ST4000NM025B / 4TB / 3,5";FESTPLATTE;INTERN;OEM;20;295,01;SEAGATE;Seagate;ST4000NM025B;8719706022088;0,6675
HDIS0300;Seagate Exos X24 ST20000NM007H / 20TB;FESTPLATTE;INTERN;3.5";10;895,01;SEAGATE;Seagate;ST20000NM007H;8719706431378;0,732
HDIS0301;Seagate Exos 7E10 / ST6000NM001B / 6TB / 3,5";FESTPLATTE;INTERN;OEM;3;325,00;SEAGATE;Seagate;ST6000NM001B;8719706022422;0,72
HDIS0312;Seagate Exos 7E10 / ST2000NM001B / 2TB / 3,5";FESTPLATTE;INTERN;OEM;1;175,01;SEAGATE;Seagate;ST2000NM001B;8719706021173;0,614
HDIS0314;Seagate Exos 7E10 / ST4000NM027B / 4TB / 3,5";FESTPLATTE;INTERN;OEM;4;235,00;SEAGATE;Seagate;ST4000NM027B;8719706027298;0,66
HDIS0315;Seagate Exos 7E10 / ST6000NM020B / 6TB / 3,5";FESTPLATTE;INTERN;OEM;1;279,00;SEAGATE;Seagate;ST6000NM020B;8719706022125;0,65
HDIS0316;Seagate Barracuda ST24000DM001 - Festplatte - 24 TB - intern - 3.5" (8.9 cm);FESTPLATTE;INTERN;OEM;1;1014,99;SEAGATE;Seagate;ST24000DM001;8719706439480;0
HDIS0317;Seagate Exos 7E10 / ST4000NM001B / 4TB / SAS/ 3,5";FESTPLATTE;INTERN;OEM;1;235,00;SEAGATE;Seagate;ST4000NM001B;8719706019774;0,6875
HDIS0318;Seagate Exos 7E10 / ST6000NM000B / 6TB / 3,5";FESTPLATTE;INTERN;OEM;1;325,00;SEAGATE;Seagate;ST6000NM000B;8719706022415;0,716
HDIS0321;Seagate Exos X24 ST20000NM001H / 20TB;FESTPLATTE;INTERN;3.5";6;990,00;SEAGATE;Seagate;ST20000NM001H;0763649175095;0
HDIS0322;Seagate IronWolf Pro ST32000NT000 / 32TB;FESTPLATTE;INTERN G;;32;1145,94;SEAGATE;Seagate;ST32000NT000;8719706436830;0,7175
HDIT0203;Toshiba MG09ACA18TE / 18TB / 3.5";FESTPLATTE;EXTERN;;1;601,26;TOSHIBA;Toshiba;MG09ACA18TE;4260557511664;0,712
HDIT0210;Toshiba MG10ACA20TE / 20TB / 3.5";FESTPLATTE;EXTERN;;5;683,13;TOSHIBA;Toshiba;MG10ACA20TE;4260557512487;0,776
HDIT0218;Toshiba N300 High-Rel. 3,5" Hard Drive 10TB;FESTPLATTE;EXTERN;;5;324,83;TOSHIBA;Toshiba;MN10ADA10TS;4260557512777;0,804
HDIT0220;Toshiba N300 High-Rel. 3,5" Hard Drive 12TB Gold;FESTPLATTE;EXTERN;;8;379,42;TOSHIBA;Toshiba;HDWG51CUZSVA;4260557512920;0,742
HDIT0227;Toshiba N300 High-Rel. 3,5" Hard Drive 6TB Gold;FESTPLATTE;EXTERN;;18;225,36;TOSHIBA;Toshiba;MN10ADA600S;4260557512951;0,76
HDIT0228;Toshiba N300 High-Rel. 3,5" Hard Drive 8TB Gold;FESTPLATTE;EXTERN;;17;281,70;TOSHIBA;Toshiba;MN10ADA800S;4260557512944;0,784
HDIT0229;Toshiba S300 Pro Surveillance 3,5" 10TB Green;FESTPLATTE;EXTERN;;11;303,71;TOSHIBA;Toshiba;MD10ADA10TV;4260557512722;0,75
HDIT0232;Toshiba S300 Pro Surveillance 3,5" 8TB Green;FESTPLATTE;EXTERN;;3;278,18;TOSHIBA;Toshiba;MD10ADA800V;4260557512739;0,775
HDIT0237;Toshiba MG10ADA10TE / 10TB / 3.5";FESTPLATTE;EXTERN;;40;349,48;TOSHIBA;Toshiba;MG10ADA10TE;4260557513156;0,805
HDIT0238;Toshiba MG10ADA800E / 8TB / 3.5";FESTPLATTE;EXTERN;;8;324,83;TOSHIBA;Toshiba;MG10ADA800E;4260557513149;0,785
HDIT0244;Toshiba MG11ACA20TE-V / 20 TB/ 7200 RPM / 3.5" ;FESTPLATTE;EXTERN;;2;536,99;TOSHIBA;Toshiba;MG11ACA20TE-V;4260557513484;0,735
HDIT0246;Toshiba MG11ACA24TE-V / 24 TB/ 7200 RPM / 3.5" ;FESTPLATTE;EXTERN;;4;613,58;TOSHIBA;Toshiba;MG11ACA24TE-V;4260557513491;0
HDIT0247;Toshiba MG11ACA22TE /22 TB / 7200 RPM / 3.5";FESTPLATTE;EXTERN;;5;631,19;TOSHIBA;Toshiba;MG11ACA22TE;4260557513613;0,797
HDIT0248;Toshiba MG11 Series MG11ACA20TE / Festplatte / 20 TB / intern / 3.5";FESTPLATTE;EXTERN;;5;633,83;TOSHIBA;Toshiba;MG11ACA20TE;4260557513606;0,784
HDIW0162;Western Digital WD161KFGX / 16 TB/ Red Pro;FESTPLATTE;INTERN;3.5 ZOLL;18;572,42;WD;Western Digital;WD161KFGX;0718037877662;0,725
HDIW0165;Western Digital WD20EZBX / 2TB;FESTPLATTE;INTERN;3.5 ZOLL;26;134,00;WD;Western Digital;WD20EZBX;0718037877501;0,501
HDIW0206;Western Digital WD40EFPX / 4TB / red plus;FESTPLATTE;INTERN;3.5 ZOLL;62;182,05;WD;Western Digital;WD40EFPX;0718037899794;0,602
HDIW0207;Western Digital WD60EFPX / 6TB / red plus;FESTPLATTE;INTERN;3.5 ZOLL;20;251,52;WD;Western Digital;WD60EFPX;0718037899800;0,618
HDIW0209;Western Digital WD23PURZ / 2 TB;FESTPLATTE;INTERN;3.5 ZOLL;60;126,62;WD;Western Digital;WD23PURZ;0718037896199;0,502
HDIW0212;Western Digital WD64PURZ / 6 TB;FESTPLATTE;INTERN;3.5 ZOLL;40;218,56;WD;Western Digital;WD64PURZ;0718037898339;0,624
HDIW0213;Western Digital WD11PURZ / 1 TB;FESTPLATTE;INTERN;3.5 ZOLL;40;99,74;WD;Western Digital;WD11PURZ;0718037896687;0,5
HDIW0214;Western Digital WD20EFPX / 2 TB / red plus;FESTPLATTE;INTERN;3.5 ZOLL;44;156,03;WD;Western Digital;WD20EFPX;0718037899770;0,4975
HDIW0216;Western Digital WD80EFPX / 8TB / red plus;FESTPLATTE;INTERN;3.5 ZOLL;20;299,65;WD;Western Digital;WD80EFPX;0718037899817;0,756
HDIW0218;Western Digital WD85PURZ / 8 TB;FESTPLATTE;INTERN;3.5 ZOLL;20;298,79;WD;Western Digital;WD85PURZ;0718037889245;0,7475
HDIW0219;Western Digital WD6005FFBX / 6 TB / Red Pro;FESTPLATTE;INTERN;3.5 ZOLL;10;259,22;WD;Western Digital;WD6005FFBX;0718037902821;0,725
HDIW0220;Western Digital WD4005FFBX / 4 TB / Red Pro;FESTPLATTE;INTERN;3.5 ZOLL;10;247,18;WD;Western Digital;WD4005FFBX;0718037902814;0,725
HDIW0221;Western Digital WD8005FFBX / 8 TB / Red Pro;FESTPLATTE;INTERN;3.5 ZOLL;20;294,45;WD;Western Digital;WD8005FFBX;0718037902838;0,75
HDIW0223;Western Digital WD122KFBX / 12 TB/ Red Pro;FESTPLATTE;INTERN;3.5 ZOLL;8;509,11;WD;Western Digital;WD122KFBX;0718037901282;0,78
HDIW0224;Western Digital WD102PURP /10 TB;FESTPLATTE;INTERN;3.5 ZOLL;7;346,05;WD;Western Digital;WD102PURP;0718037901275;0,757
HDIW0225;Western Digital WD122PURP /12 TB;FESTPLATTE;INTERN;3.5 ZOLL;12;446,66;WD;Western Digital;WD122PURP;0718037901299;0,78
HDIW0228;Western Digital WD8002PURP / 8TB purple pro;FESTPLATTE;INTERN;3.5 ZOLL;18;328,71;WD;Western Digital;WD8002PURP;718037896748;0,757
HDIW0230;Western Digital WD100EFGX  / 10TB / red plus;FESTPLATTE;INTERN;3.5 ZOLL;10;377,28;WD;Western Digital;WD100EFGX;0718037906201;0,762
HDIW0232;Western Digital WD40EFZZ / 4TB / red plus;FESTPLATTE;INTERN;3.5 ZOLL;20;179,53;WD;Western Digital;WD40EFZZ;0718037905754;0,6
HDIW0233;Western Digital WD34PURZ / 3 TB;FESTPLATTE;INTERN;3.5 ZOLL;20;149,00;WD;Western Digital;WD34PURZ;0718037905730;0,589
HDIW0234;Western Digital WD44PURZ / 4 TB;FESTPLATTE;INTERN;3.5 ZOLL;10;172,59;WD;Western Digital;WD44PURZ;0718037905778;0,5875
HDIW0244;Western Digital WD122KRYZ / 12 TB / GOLD;FESTPLATTE;INTERN;SAS/RAID;13;484,82;WD;Western Digital;WD122KRYZ;0718037901442;0,796
HDIW0245;Western Digital WD40EZZX / 4TB;FESTPLATTE;INTERN;3.5 ZOLL;34;134,35;WD;Western Digital;WD40EZZX;718037905761;0
HDIW0246;Western Digital WD241KFGX / 24 TB/ Red Pro;FESTPLATTE;INTERN;3.5 ZOLL;10;858,63;WD;Western Digital;WD241KFGX;0718037905464;0,6975
HDXT0223;Toshiba Canvio Advance 1TB white;FESTPLATTE;EXTERN;2.5 ZOLL;50;70,42;TOSHIBA;Toshiba;HDTCA10EW3AA;4260557511299;0,23
HDXT0224;Toshiba Canvio Advance 1TB red;FESTPLATTE;EXTERN;2.5 ZOLL;25;70,42;TOSHIBA;Toshiba;HDTCA10ER3AA;4260557511268;0,23
HDXT0225;Toshiba Canvio Advance 2TB black;FESTPLATTE;EXTERN;2.5 ZOLL;40;88,03;TOSHIBA;Toshiba;HDTCA20EK3AA;4260557511213;0,2512
HDXT0226;Toshiba Canvio Advance 2TB white;FESTPLATTE;EXTERN;2.5 ZOLL;13;88,03;TOSHIBA;Toshiba;HDTCA20EW3AA;4260557511305;0,2552
HDXT0228;Toshiba Canvio Advance 4TB black;FESTPLATTE;EXTERN;2.5 ZOLL;10;133,81;TOSHIBA;Toshiba;HDTCA40EK3CA;4260557511220;0,3096
HDXT0229;Toshiba Canvio Advance 4TB white;FESTPLATTE;EXTERN;2.5 ZOLL;16;133,81;TOSHIBA;Toshiba;HDTCA40EW3CA;4260557511312;0,29
HDXT0230;Toshiba Canvio Advance 4TB red;FESTPLATTE;EXTERN;2.5 ZOLL;10;133,81;TOSHIBA;Toshiba;HDTCA40ER3CA;4260557511282;0,3116
HDXT0234;Toshiba Canvio Advance 1TB green;FESTPLATTE;EXTERN;2.5 ZOLL;20;70,42;TOSHIBA;Toshiba;HDTCA10EG3AA;4260557511237;0,2288
HDXT0235;Toshiba Canvio Advance 2TB green;FESTPLATTE;EXTERN;2.5 ZOLL;10;88,03;TOSHIBA;Toshiba;HDTCA20EG3AA;4260557511244;0,248
HDXT0237;Toshiba Can. Basics 1TB black 2,5" USB3.2;FESTPLATTE;EXTERN;2.5 ZOLL;60;75,71;TOSHIBA;Toshiba;HDTB510EK3AA;4260557512340;0,239
HDXT0238;Toshiba Can. Basics 2TB black 2,5" USB3.2;FESTPLATTE;EXTERN;2.5 ZOLL;20;86,28;TOSHIBA;Toshiba;HDTB520EK3AA;4260557512357;0,2552
HDXT0239;Toshiba Can. Basics 4TB black 2,5" USB3.2;FESTPLATTE;EXTERN;2.5 ZOLL;60;132,05;TOSHIBA;Toshiba;HDTB540EK3CA;4260557512364;0,291
HDXT0240;Toshiba Canvio Flex 4TB silver;FESTPLATTE;EXTERN;2.5 ZOLL;53;141,73;TOSHIBA;Toshiba;HDTX240ESCCA;4260557513286;0,334
HDXT0242;Toshiba Canvio Flex 2TB silver;FESTPLATTE;EXTERN;2.5 ZOLL;47;93,93;TOSHIBA;Toshiba;HDTX220ESCAA;4260557513279;0,2742
HDXT0244;Toshiba Canvio Flex 1TB silver;FESTPLATTE;EXTERN;2.5 ZOLL;27;83,63;TOSHIBA;Toshiba;HDTX210ESCAA;4260557513262;0,2532
HDXV0002;Verbatim Store n Go 2,5 1TB USB 3.0 silber 53071;FESTPLATTE;EXTERN;2.5 ZOLL;270;57,25;VERB;Verbatim;53071;0023942530718;0,23
HDXV0003;Verbatim Store n Go 2,5 2TB USB 3.0 schwarz 53177;FESTPLATTE;EXTERN;2.5 ZOLL;297;78,16;VERB;Verbatim;53177;0023942531777;0,248
HDXV0005;Verbatim Store n Go 2,5 1TB USB 3.0 black Gen 2 53194;FESTPLATTE;EXTERN;2.5 ZOLL;291;62,83;VERB;Verbatim;53194;0023942531944;0,235
HDXV0006;Verbatim Store n Go 2,5 1TB USB 3.0 silver Gen 2 53197;FESTPLATTE;EXTERN;2.5 ZOLL;275;57,45;VERB;Verbatim;53197;0023942531975;0,23625
HDXV0011;Verbatim Store´N´Go Alu Slim 2.5" 4TB USB 3.0 GEN1 Black 53223;FESTPLATTE;EXTERN;2.5 ZOLL;252;114,59;VERB;Verbatim;53223;0023942532231;0,3385
HDXW0204;Western Digital My Passport 5TB Black;FESTPLATTE;EXTERN;2.5 ZOLL;5;122,82;WD;Western Digital;WDBPKJ0050BBK-WESN;0718037868448;0,3
HDXW0236;Western Digital My Passport 6TB Black;FESTPLATTE;EXTERN;2.5 ZOLL;20;154,28;WD;Western Digital;WDBR9S0060BBK-WESN;0718037903873;0,31333
HHWB0034;Beurer HT 80 - Haartrockner/Haarstyler;BABHOME;HW;;88;28,93;BEURER;Beurer;591.19;4211125591199;0,925
HHWB0035;Beurer Warmluftbürste rotierend HT 85 ICONIC Pro;BABHOME;HW;;44;26,90;BEURER;Beurer;104.04;4211125104047;1,03
HHWB0036;Braun Oral-B Junior Pro Frozen;BABHOME;HW;;134;31,47;BRAUN;Braun;14876673;8006540774724;0,4
HHWB0037;Braun Oral-B Junior Pro Grogu/Starwars;BABHOME;HW;;224;31,47;BRAUN;Braun;957196;8006540957196;0,4
HHWB1047;Braun Oral-B iO Series 6 Black Lava;BABHOME;HW;;240;83,23;BRAUN;Braun;445111;4210201445111;0,656
HHWB1048;Braun Oral-B iO Series 6 White;BABHOME;HW;;340;83,23;BRAUN;Braun;445234;4210201445234;0,658
HHWB1049;Braun Oral-B iO Series 6 Grey Opal;BABHOME;HW;;422;81,71;BRAUN;Braun;445258;4210201445258;0,655
HHWB1050;Braun Oral-B iO Series 6 Pink Sand;BABHOME;HW;;404;83,23;BRAUN;Braun;445197;4210201445197;0,692
HHWB1051;Braun Oral-B iO Series 8N Black Onyx;BABHOME;HW;;106;105,56;BRAUN;Braun;IOM8.2Q2.2BD;4210201408567;0,82467
HHWB1054;Braun Oral-B iO Series 10 Stardust White;BABHOME;HW;;60;207,06;BRAUN;Braun;435457;4210201435457;0,871
HHWB1055;Braun Oral-B iO Series 10 Cosmic Black;BABHOME;HW;;161;214,17;BRAUN;Braun;435587;4210201435587;0,87
HHWB1111;Braun Oral-B iO Ultimative Reinigung Aufsteckbürsten weiß 8 Stk;BABHOME;HW;;12;34,00;BRAUN;Braun;434818;4210201434818;0,15531
HHWB1125;Braun Oral-B iO Series 10 Lunar;BABHOME;HW;;126;214,17;BRAUN;Braun;996297;8700216996297;0,858
HHWB1127;Braun Oral-B Pro Tiefenreinigung Aufsteckbürsten - 6 Stk - Weiß;BABHOME;HW;;27;15,23;BRAUN;Braun;860793;8006540860793;0,556
HHWB1128;Braun All-in-One Style Kit 7 MGK7410 - Trimmer;BABHOME;HW;;74;43,65;BRAUN;Braun;MGK7410;4210201447238;0,59
HHWB1129;Braun Oral-B iO Ultimative Reinigung Aufsteckbürsten schwarz (8 Stk.);BABHOME;HW;;500;34,00;BRAUN;Braun;434832;4210201434832;0,15531
HHWB1130;Braun BNA100 - Nasensauger - schnurlos;BABHOME;HW;;17;17,76;BRAUN;Braun;BNA100EU;4022167001016;0,35767
HHWB1131;Braun Oral-B iO Aufsteckbürsten Ultimative Reinigung 6er;BABHOME;HW;;196;27,41;BRAUN;Braun;194761;8700216194761;0,08033
HHWB1134;Braun Oral-B iO Ultimative Reinigung - Zahnbürstenaufsätze 4 St.;BABHOME;HW;;500;18,78;BRAUN;Braun;195027;8700216195027;0,05817
HHWB1136;Braun Oral-B iO Ultimative Reinigung - Zahnbürstenaufsätze 8 St.;BABHOME;HW;;480;34,00;BRAUN;Braun;778541;8700216778541;0,125
HHWB1137;Braun Oral-B iO Ultimative Reinigung - Zahnbürstenaufsätze 10 St.;BABHOME;HW;;342;40,09;BRAUN;Braun;777063;8700216777063;0,18613
HHWB1138;Braun Oral-B iO Ultimative Reinigung - Zahnbürstenaufsätze 10 St.;BABHOME;HW;;500;42,63;BRAUN;Braun;777131;8700216777131;0,18513
HHWB4001;BaByliss Hydro-Fusion Hydro Fusion Smooth & Shape Heißluftbürste;BABHOME;HW;;2;36,54;BABYLISS;BaByliss;AS774E;3030050179880;1,166
HHWB4002;BaByliss Super-X Metal Professioneller Haarschneider;BABHOME;HW;;1;56,84;BABYLISS;BaByliss;E996E;3030050165371;1,2
HHWB4003;BaByliss Super-X 15-in-1-Multi-Trimmer;BABHOME;HW;;3;62,93;BABYLISS;BaByliss;MT996E;3030050165388;1,116
HHWB4006;BaByliss Wave Secret Air Locken-Styler;BABHOME;HW;;8;86,28;BABYLISS;BaByliss;C1900E;3030050182644;1,49
HHWB4008;Babyliss Black Onyx Glätteisen;BABHOME;HW;;2;41,62;BABYLISS;BaByliss;ST484E;3030050192995;0,875
HHWB4012;Babyliss Inspired Glätteisen;BABHOME;HW;;8;34,51;BABYLISS;BaByliss;ST212PE;3030050193022;0,825
HHWB4016;Babyliss Air Volume;BABHOME;HW;;2;52,78;BABYLISS;BaByliss;AS95E;3030050190915;1,14167
HHWB4022;BaByliss D374DE Cordkeeper 2000 Haartrockner;BABHOME;HW;;8;26,39;BABYLISS;BaByliss;D374DE;3030050188042;1,01
HHWB5006;Beurer HC 100 Haartrockner Violett;BABHOME;HW;;15;68,01;BEURER;Beurer;100.83;4211125100834;1,925
HHWB5009;Beurer Tageslichtlampe TL 35;BABHOME;HW;;46;37,56;BEURER;Beurer;10065;6970229250545;1,08
HHWB5010;Beurer TL 30 - Dekorationsleuchte - LED;BABHOME;HW;;104;31,97;BEURER;Beurer;608.05;6970229251702;0,94
HHWB5011;Beurer TL 80 - Energielicht;BABHOME;HW;;45;55,83;BEURER;Beurer;608.10;4211125608101;3,65
HHWB5012;Beurer IL 11 Infrarotlampe;BABHOME;HW;;91;15,23;BEURER;Beurer;614.03;4211125614034;0,6
HHWB5014;Beurer MP41 - Elektrisches Maniküre-/Pediküregerät;BABHOME;HW;;112;23,85;BEURER;Beurer;572.11;4211125572112;0,48
HHWB5016;Beurer HC 25 - Föhn;BABHOME;HW;;67;15,23;BEURER;Beurer;591.13;4211125591137;0,67
HHWB5022;Beurer LB 300 Plus - Luftbefeuchter - Black;BABHOME;HW;;53;118,76;BEURER;Beurer;10067;4211125100674;3,95
HHWB5025;Beurer MG 10 - Massageball - schnurlos;BABHOME;HW;;51;9,90;BEURER;Beurer;648.14;4211125648145;0,294
HHWB5029;Beurer Inhalator IH 57 weiss/grau;BABHOME;HW;;1;38,06;BEURER;Beurer;60142;4211125601423;0,52
HHWB5030;Beurer UB 100 - Wärmeunterbett;BABHOME;HW;;12;73,08;BEURER;Beurer;UB 100;4211125375003;2,5
HHWB5031;Beurer UB 90 - Wärmeunterbett;BABHOME;HW;;64;49,74;BEURER;Beurer;370008;4211125370008;1,56667
HHWB5032;Beurer BM 48 - Oberarm Blutdruckmessgerät;BABHOME;HW;;38;32,48;BEURER;Beurer;103.50;4211125103507;0,59688
HHWE0017;Ecovacs Deebot mini blue;BABHOME;HW;;39;182,70;ECOVACS;Ecovacs;DJX11;6970135036530;10,85
HHWE0018;Ecovacs Deebot X8 Omni | DEX56;BABHOME;HW;;1;1013,99;ECOVACS;Ecovacs;DDX15-23EC;6970135035588;0
HHWE1003;ECOFLOW Wave 2 Add-on Battery;BAB GREENVISION;PPS;;6;517,65;ECOFLOW;Ecoflow;ZYDKT210-EB;4895251604758;9,18
HHWE1008;ECOFLOW Wave 3 Add-on Battery ;BAB GREENVISION;PPS;;9;518,46;ECOFLOW;Ecoflow;EFWAVE3-EB;4895251631020;11,06
HHWE1011;ECOFLOW WAVE Series Car Vent Seal (Magnetic Version);BAB GREENVISION;PPS;;7;51,16;ECOFLOW;Ecoflow;EFA-WAVE3CARVENTSEAL;4895251631143;0,761
HHWE1012;ECOFLOW Shower Kit;BAB GREENVISION;PPS;;6;65,98;ECOFLOW;Ecoflow;EFA-SHOWERKIT;4895251643023;1,86
HHWE1013;ECOFLOW WAVE Series Stabilizing Strap Kit;BAB GREENVISION;PPS;;4;28,93;ECOFLOW;Ecoflow;EFA-WAVE3STRAP;4895251643016;0,301
HHWG1032;Ghd Mini Paddle Brush - schwarz;BABHOME;HW;;500;11,17;GHD;ghd ;99350164194;5060829516477;0,17708
HHWG1040;Ghd Sleek Talker - Haaröl;BABHOME;HW;;182;17,15;GHD;ghd ;99350151476;5060829514640;0,1565
HHWG1042;Ghd Perfect Ending - Final Fix Haarspray;BABHOME;HW;;62;4,87;GHD;ghd ;10000022340;5060356734269;0,083
HHWG1043;Ghd Shiny Ever After - Hitzeschutz Spray;BABHOME;HW;;303;7,31;GHD;ghd ;99280000059;5060356734306;0,11783
HHWG1046;Ghd Dramatic Ending - Haarserum;BABHOME;HW;;157;9,44;GHD;ghd ;99280000058;5060356734290;0,066
HHWG1048;Ghd Body Goals Total Volume - Schaumfestiger;BABHOME;HW;;335;9,44;GHD;ghd ;99280000057;5060356734283;0,29567
HHWG1072;Ghd Duet Style Geschenkset;BABHOME;HW;;151;195,39;GHD;ghd ;99400000111;5056668006842;2,00833
HHWG1079;Ghd Chronos Curve Grand Tong - Lockenstab;BABHOME;HW;;14;125,86;GHD;ghd ;99350173923;5056668002868;1,0125
HHWH0001;HAND Desinfektionsgel MOVE Med+ 100ml;BABHOME;HW;;500;0,51;OHNE;ohne Angabe;4260510498452;4260510498452;0,109
HHWK2005;Kärcher S 4 Twin - Kehrmaschine - 20 L - Kunststoff;BABHOME;HW;;24;92,37;KÄRCHER;Kärcher;1.766-360.0;4054278247939;11,5
HHWK2018;Kärcher AD 2 - Staubsauger - Kanister - beutellos;BABHOME;HW;;30;78,16;KÄRCHER;Kärcher;1.629-711.0;4054278242026;6,45
HHWK2046;Kärcher VC 3 - Staubsauger - Zylinder-Vakuum - Beutellos;BABHOME;HW;;19;83,74;KÄRCHER;Kärcher;1.198-053.0;4054278991726;7,5
HHWK2067;Kärcher SC 2 UPRIGHT - Dampfmopp;BABHOME;HW;;39;74,60;KÄRCHER;Kärcher;1.513-500.0;4054278990279;3,9
HHWK2071;Kärcher Schmutzwasser-Tauchpumpe SP 22.000 750W;BABHOME;HW;;181;99,47;KÄRCHER;Kärcher;1.645-851.0;4054278952031;7,45
HHWK2072;Kärcher Fensterdüse Comfort Zubehör;BABHOME;HW;;68;12,69;KÄRCHER;Kärcher;2.863-336.0;4066529041487;0,164
HHWK2074;Kärcher WV Verlängerungsset Zubehör für Fensterreiniger Kärcher WV;BABHOME;HW;;53;24,36;KÄRCHER;Kärcher;2.633-144;4054278544830;1,1
HHWK2080;Kärcher VCH 4 UVClean;BABHOME;HW;;49;79,17;KÄRCHER;Kärcher;1.198-412.0;4066529180155;3,16
HHWK2081;Kärcher SE 3 Compact Home;BABHOME;HW;;40;123,83;KÄRCHER;Kärcher;1.081-530.0;4066529001580;5,9
HHWK2082;Kärcher Autoreinigungsset Innen NW 35, 7-teilig;BABHOME;HW;;21;33,50;KÄRCHER;Kärcher;2.863-304.0;4054278656342;0,907
HHWK2084;Kärcher Bohrstaubfänger (für WD 2 - WD 6);BABHOME;HW;;43;14,21;KÄRCHER;Kärcher;2.863-234.0;4054278207414;0,30417
HHWK2085;Kärcher PCL 6;BABHOME;HW;;101;167,48;KÄRCHER;Kärcher;1.644-020.0;4066529086884;6,1
HHWK2087;Kärcher Adapter Anti-Twist;BABHOME;HW;;67;13,20;KÄRCHER;Kärcher;2.644-257.0;4054278825779;0,1585
HHWK2089;Kärcher Powerschrubber PS 30 Plus;BABHOME;HW;;62;31,47;KÄRCHER;Kärcher;2.644-212.0;4054278713311;1,273
HHWK2090;Kärcher Reinigungsset für Fassaden und Glasflächen (TLA 4 + Zubehör);BABHOME;HW;;153;90,34;KÄRCHER;Kärcher;2.644-249.0;4054278817514;4,692
HHWK2092;Kärcher WD 4 V-20/5/22 - Staubsauger - Kanister;BABHOME;HW;;32;81,20;KÄRCHER;Kärcher;1.628-209.0;4066529027870;9,6
HHWK2093;Kärcher WD 4 S V-20/5/22 - Staubsauger - Kanister;BABHOME;HW;;2;97,44;KÄRCHER;Kärcher;1.628-260.0;4066529027887;10
HHWK2094;Kärcher WD 4 P V-20/5/22 - Staubsauger - Kanister;BABHOME;HW;;21;106,58;KÄRCHER;Kärcher;1.628-270.0;4066529027894;10
HHWK2095;Kärcher WD 5 V-25/5/22 - Staubsauger - Kanister;BABHOME;HW;;13;111,65;KÄRCHER;Kärcher;1.628-300.0;4054278661872;12
HHWK2096;Kärcher VC 4, 2-in-1-Stabstaubsauger, Beutellos, Schwarz, Gelb, Rechteckig, Trocken, HEPA;BABHOME;HW;;13;117,23;KÄRCHER;Kärcher;1.198-630.0;4054278975375;4,28
HHWK2097;Kärcher VC 6, 2-in-1-Stabstaubsauger, Beutellos, Schwarz, Gelb, Rechteckig, Trocken, HEPA;BABHOME;HW;;17;187,78;KÄRCHER;Kärcher;1.198-670.0;4054278975399;0
HHWK2098;Kärcher SC 1 Multi & Up, Tragbarer Dampfreiniger, 0,2 l, Schwarz, Gelb, 5 m, 1300 W, 220-240 V;BABHOME;HW;;13;65,98;KÄRCHER;Kärcher;1.516-410.0;4054278999159;3,1
HHWM0015;Makita P-73374 - Universal-Bit-Set mit Universalhalter - 31-teilig;BABHOME;DV;;47;7,31;MAKITA;Makita;P-73374;0088381704038;0,267
HHWM0017;Makita B-44410 - Stichsägeblatt-Set A, 10-teilig für Holz, Metall, Kunststoff;BABHOME;DV;;15;11,67;MAKITA;Makita;B-44410;0088381445474;0,2218
HHWM0019;Makita DHK180Z - Meißelhammer, 18V;BABHOME;DV;;2;284,20;MAKITA;Makita;DHK180Z;0088381891424;3,72
HHWM0023;Makita DHR241Z - Bohrhammer - 3 Modi - 18V;BABHOME;DV;;25;107,08;MAKITA;Makita;DHR241Z;0088381661768;3,42
HHWM0024;Makita BL1860B - LXT Batterie, 18V, Li-Ion, 6 Ah ;BABHOME;DV;;35;65,98;MAKITA;Makita;197422-4;0088381464123;0,708
HHWM0027;Makita P-81050 - Bit-Box mit Bits in den Längen 25 mm und 75 mm - 99-teilig;BABHOME;DV;;96;21,01;MAKITA;Makita;P-81050;0088381443395;0,9
HHWM0028;Makita E-25096 - Bit-Set mit Ratschenschraubendreher - 44-teilig ;BABHOME;DV;;50;20,81;MAKITA;Makita;E-25096;0197050364623;0,765
HHWM0029;Makita DHP489Z - Schlagbohrschrauber - 18V;BABHOME;DV;;47;117,74;MAKITA;Makita;DHP489Z;0088381775601;1,94167
HHWM0030;Makita MAKPAC 2 - Box für Elektrowerkzeuge;BABHOME;DV;;90;18,78;MAKITA;Makita;821550-0;0088381430128;1,559
HHWM0031;Makita DJV186Z - Stichsäge - 18V;BABHOME;DV;;27;66,48;MAKITA;Makita;DJV186Z;0197050011855;1,882
HHWM0034;Makita DDF487Z - Bohrschrauber, 18V;BABHOME;DV;;49;79,17;MAKITA;Makita;DDF487Z;0088381736558;1,272
HHWM0038;Makita DTW700Z - Schlagschrauber, 18 V;BABHOME;DV;;34;177,63;MAKITA;Makita;DTW700Z;0088381723831;2,42
HHWM4005;Melitta TS Smart - Silber;BABHOME;HW;;3;669,90;MELITTA;Melitta;F 85/0-101;4006508217847;13,42
HHWM4006;Melitta TS Smart - Schwarz;BABHOME;HW;;11;654,68;MELITTA;Melitta;F 85/0-102;4006508217830;13,48
HHWM4007;Melitta CI Touch - Silber;BABHOME;HW;;3;487,20;MELITTA;Melitta;F 630-111;4006508228034;11,4
HHWM4008;Melitta Latticia OT - Schwarz;BABHOME;HW;;7;355,25;MELITTA;Melitta;F300-100;4006508223923;9,25
HHWM4013;Melitta AromaFresh Glas Pro X - Grau;BABHOME;HW;;4;162,40;MELITTA;Melitta;1030-03;4006508230136;5,22
HHWM4014;Melitta AromaFresh Glas Pro X - Schwarz/Silber;BABHOME;HW;;1;147,18;MELITTA;Melitta;1030-02;4006508225507;5,2
HHWM5000;MOVA Z60 Ultra Roller Complete;BABHOME;HW;;30;629,30;MOVA;MOVA;RLZ83CE-1;6977728947303;24,12
HHWO0004;OutIn Mino - Space Grey - Portable Electric Espresso Machine;BABHOME;HW;;21;131,95;OUTIN;OutIn;OTEM-MO-01-AA-SG;1230000232463;1,2
HHWP0101;Philips 7000 series DST7050/70 - Dampfbügeleisen - Grün;BABHOME;HW;;6;75,01;PHILIPS;Philips;DST7050/70;8720389015809;1,874
HHWR0018;Remington Haarschneider HC5020;BABHOME;HW;;14;10,15;REMINGTON;Remington;HC5020;5038061139082;0,56666
HHWR3019;ROWENTA Dual Force RH6737WH (2-in-1) - Vaccum cleaner;BABHOME;HW;;1;96,43;ROWENTA;Rowenta;RH6737;3221616007222;4,318
HHWR8000;Ryobi RAK30MIX - Schraubendreher- und Bohrer-Bitsatz;BABHOME;DV;;130;11,17;RYOBI;Ryobi ;5132002254;4892210113375;0,775
HHWT1001;Terra Home Magnetischer Topfuntersetzer Eiche, 2er Set;BABHOME;HW;;491;1,02;TERRA HOME;Terra Home;44111;4262363856472;0,27
HHWW029;WMF Perfect Plus One Pot Schnellkochtopf-Set 4,5L+3L;BABHOME;HW;;2;154,28;WMF;WMF;0794459990;4000530725172;5,66
HHWW032;WMF KÜCHENminis Smoothie-to-go, Deep Black;BABHOME;HW;;5;38,57;WMF;WMF;3200002261;4211129226776;1,838
HHWX0136;Roborock Saros 10R Black;BABHOME;HW;;10;740,95;ROBOROCK;Roborock;S10R52-00;6970995783445;21,76
HHWX0140;Dreame X40 Master Robotersauger Schwarz;BABHOME;HW;;8;395,85;DREAME;Dreame;X40 MASTER;6976233677163;26,08
HHWX0145;Dreame H15 Mix Handstaubsauger;BABHOME;HW;;33;441,53;DREAME;Dreame;HHV46B;6978515250514;22,5
HHWX0148;Roborock Saros 20X Black;BABHOME;HW;;18;1004,85;ROBOROCK;Roborock;S20X52-00;6936905905512;21,85
HHWX0149;Roborock Qrevo Curv 2 Flow X White;BABHOME;HW;;12;588,70;ROBOROCK;Roborock;QC2FX02-00;6936905905154;19,1
LEGO0041;LEGO Star Wars Captain Rex Y-Wing Microfighter;BABHOME;DV;;500;6,29;LEGO;Lego;75391;5702017584478;0,1365
LEGO0045;LEGO Speed Champions Visa Cash App RB VCARB 01 F1 Rennauto 77246;BABHOME;DV;;93;14,41;LEGO;Lego;77246;5702017816135;0,31575
LEGO0047;LEGO Star Wars Clone Trooper & Battle Droid Battle Pack 75372;BABHOME;DV;;80;15,73;LEGO;Lego;75372;5702017584317;0,24288
LEGO0048;LEGO NINJAGO Lloyds grüner Walddrache 71829;BABHOME;DV;;194;10,35;LEGO;Lego;71829;5702017815640;0,2395
LEGO0062;LEGO Botanical Lotusblumen;BABHOME;DV;;92;6,70;LEGO;Lego;40647;5702017471549;0,16
MBAI0031;TUF GAMING B760-PLUS WIFI | 90MB1ER0-M1EAY0;MAINBOARD;;;17;105,00;ASUS;Asustek;90MB1ER0-M1EAY0;4711387095119;1,97
MBAI0044;ProArt X870E-CREATOR WIFI | 90MB1IG0-M0EAY0;MAINBOARD;;;140;345,01;ASUS;Asustek;90MB1IG0-M0EAY0;4711387730775;2,81
MBAI0046;ASUS PRIME B840-PLUS WIFI | 90MB1IZ0-M0EAY0;MAINBOARD;;;150;112,50;ASUS;Asustek;90MB1IZ0-M0EAY0;4711387797273;1,82
MBAI0047;ASUS PRIME B840M-A WIFI | 90MB1J20-M0EAY0;MAINBOARD;;;45;106,50;ASUS;Asustek;90MB1J20-M0EAY0;4711387797143;1,546
MBAI0048;PRIME B850-PLUS WIFI | 90MB1L80-M0EAY0;MAINBOARD;;;100;115,51;ASUS;Asustek;90MB1L80-M0EAY0;4711387931509;1,81
MOHP0024;HP 524pm - Series 5 Pro - LED-Monitor - 61 cm (24") (9E0G9UT#ABB);PERIPHERIE;MONITOR;;6;239,00;HP;Hewlett Packard;9E0G9UT#ABB;0198122902057;8,96
MOL0000;Lenovo ThinkVision T24D-40 - LED-Monitor - 61 cm (23,8") (64B9GAT1EU);PERIPHERIE;MONITOR;;29;144,01;LENOVO;Lenovo;64B9GAT1EU;0198156725684;7,74
NASS0084;Synology DiskStation DS925+ - NAS-Server;NAS;OHNE HDD;;70;522,73;SYN;Synology;DS925+;4711174726004;4,025
NASS0085;Synology DiskStation DS425+ - NAS-Server;NAS;OHNE HDD;;64;445,59;SYN;Synology;DS425+;4711174725991;3,78
NASS0086;Synology Disk Station DS225+ - NAS-Server;NAS;OHNE HDD;;14;293,34;SYN;Synology;DS225+;4711174726387;2,435
NAVC0001;Carnegie Robotics Duro;BABHOME;DV;;3;3248,00;CARNEGIE;Carnegie Robotics;DURO 00862-02;;1,234
NAVS0001;STMicro EVB-LIV4F GNSS/GPS Development Tool TESEO-LIV4F;BABHOME;DV;;4;274,05;STMICRO;STMicro;EVB-LIV4F;;0,407
NAVS1001;Septentrio Mosaic-Go Evaluation Kit;BABHOME;DV;;2;669,90;SEPTENTRIO;Septentrio;MOSAIC-GO EVK;;0,166
NAVU0001;Unicore UM980 USB Dongle;BABHOME;DV;;5;233,45;UNICORE;Unicore;UM980;;0,024
NAVU1001;U-BLOX NEO-F9P-15B USB Dongle;BABHOME;DV;;5;253,75;U-BLOX;U-BLOX;NEO-F9P-15B;;0,017
NETA0011;FRITZ!BOX 5690 FIBER - WiFi 7 ;NETZWERK;ZUBEHÖR;;42;218,23;FRITZ!;FRITZ!;20003096;4023125030963;1,031
NETT0002;TP-LINK TL-SF1005D 5-Port 10/100Mbps Desktop Switc;NETZWERK;SWITCH;;79;5,58;TP-LINK;TP-LINK;TL-SF1005D;6935364020064;0,20389
NETT0003;TP-LINK TL-SG1008D - Switch - 8 x 10/100/1000;NETZWERK;SWITCH;;43;13,91;TP-LINK;TP-LINK;TL-SG1008D;6935364092313;0,315
NETT0019;TP-LINK TL-WA850RE 300Mbps Universal;NETZWERK;ZUBEHÖR;;124;11,17;TP-LINK;TP-LINK;TL-WA850RE;6935364070199;0,24
NETT0051;TP-LINK RE550 - Wi-Fi-Range-Extender - Wi-Fi;NETZWERK;ZUBEHÖR;;428;37,05;TP-LINK;TP-LINK;RE550;6935364072469;0,368
NETT0054;TP-LINK TL-WA855RE 300Mbps Mini Wireless N Range Extender;NETZWERK;ZUBEHÖR;;173;13,30;TP-LINK;TP-LINK;TL-WA855RE;6935364099305;0,209
NETT0079;TP-LINK Archer T3U Plus - Netzwerkadapter - USB 3.0;NETZWERK;ZUBEHÖR;;65;12,69;TP-LINK;TP-LINK;ARCHER T3U PLUS;6935364053413;0,161
NETT0081;TP-LINK UH700 - Hub - 7 x SuperSpeed USB 3.0;NETZWERK;ZUBEHÖR;;1;21,32;TP-LINK;TP-LINK;UH700;6935364010065;0,531
NETT0085;TP-LINK JetStream TL-SG3428XMP - Switch - managed - 24 x 10/100/1000 (PoE+);NETZWERK;SWITCH;;37;345,10;TP-LINK;TP-LINK;TL-SG3428XMP;6935364030773;6,14
NETT0086;TP-LINK JetStream - TL-SG3452 - T2600G-52TS - Switch - managed;NETZWERK;SWITCH;;7;249,69;TP-LINK;TP-LINK;TL-SG3452;6935364010751;4,55
NETT0097;TP-LINK Archer MR400 V3 - Wireless Router - WWAN;NETZWERK;ROUTER;;11;52,78;TP-LINK;TP-LINK;ARCHER MR400 V3;6935364086862;0,742
NETT0147;TP-LINK EAP620HD - AccessPoint;NETZWERK;ROUTER;;69;91,86;TP-LINK;TP-LINK;EAP620HD*;4897098687765;1,263
NETT0149;TP-LINK Festa F65 - Access Point;NETZWERK;ZUBEHÖR;;33;84,25;TP-LINK;TP-LINK;FESTA F65;8885021370170;0,902
NETT0150;TP-LINK Festa F65-WALL - Access Point;NETZWERK;ZUBEHÖR;;43;71,05;TP-LINK;TP-LINK;FESTA F65-WALL;8885021370156;0,426
NETT0151;TP-LINK Festa F65-Outdoor - Access Point;NETZWERK;ZUBEHÖR;;11;121,80;TP-LINK;TP-LINK;FESTA F65-OUTDOOR;8885021370163;1,555
NETT0152;TP-LINK Festa F61 - Access Point;NETZWERK;ZUBEHÖR;;27;50,75;TP-LINK;TP-LINK;FESTA F61;8885021370194;0,887
NETT0153;TP-LINK Festa F61-Outdoor - Access Point;NETZWERK;ZUBEHÖR;;24;109,62;TP-LINK;TP-LINK;FESTA F61-OUTDOOR;8885021370187;1,552
NETT0154;TP-LINK Festa F54 - Access Point;NETZWERK;ZUBEHÖR;;55;61,92;TP-LINK;TP-LINK;FESTA F54;8885021370200;1,104
NETT0155;TP-LINK Festa F52 - Access Point;NETZWERK;ZUBEHÖR;;46;48,21;TP-LINK;TP-LINK;FESTA F52;8885021370231;1,056
NETT0156;TP-LINK Festa F52-Wall - Access Point;NETZWERK;ZUBEHÖR;;18;47,71;TP-LINK;TP-LINK;FESTA F52-WALL;8885021370217;0,334
NETT0157;TP-LINK Festa F52-Outdoor - Access Point;NETZWERK;ZUBEHÖR;;9;58,87;TP-LINK;TP-LINK;FESTA F52-OUTDOOR;8885021370224;0,711
NETT0158;TP-LINK Festa FS352GP - Switch;NETZWERK;SWITCH;;1;279,13;TP-LINK;TP-LINK;FESTA FS352GP;8885020622393;7,446
NETT0160;TP-LINK Festa FS328GP - Switch;NETZWERK;SWITCH;;8;223,30;TP-LINK;TP-LINK;FESTA FS328GP;8885020621501;4,38
NETT0161;TP-LINK Festa FS328G - Switch;NETZWERK;SWITCH;;11;132,97;TP-LINK;TP-LINK;FESTA FS328G;8885020624014;3,15
NETT0162;TP-LINK Festa FS318GP - Switch;NETZWERK;SWITCH;;13;177,63;TP-LINK;TP-LINK;FESTA FS318GP;8885020621488;3,473
NETT0163;TP-LINK Festa FS318G - Switch;NETZWERK;SWITCH;;13;93,38;TP-LINK;TP-LINK;FESTA FS318G;8885020623994;2,97
NETT0165;TP-LINK Festa FS308GP - Switch;NETZWERK;SWITCH;;28;75,11;TP-LINK;TP-LINK;FESTA FS308GP;8885020621440;1,414
NETT0166;TP-LINK Festa FS308G - Switch;NETZWERK;SWITCH;;17;54,81;TP-LINK;TP-LINK;FESTA FS308G;8885020622379;1,07
NETT0167;TP-LINK Festa FR365 - Router;NETZWERK;ROUTER;;11;116,73;TP-LINK;TP-LINK;FESTA FR365;8885020622416;1,69
NETT0168;TP-LINK Festa FR205 - Router;NETZWERK;ROUTER;;10;48,21;TP-LINK;TP-LINK;FESTA FR205;8885020621525;0,758
NETT0192;TP-LINK Tapo C420S1 - Überwachungskamera;NETZWERK;;;22;69,02;TP-LINK;TP-LINK;TAPO C420S1;4897098685105;0,94063
NETT0201;TP-LINK Tapo A100 - Powerbank ;NETZWERK;;;22;16,54;TP-LINK;TP-LINK;TAPO A100;4897098685143;0,16
NETT0207;TP-LINK Tapo T100 V1 - Bewegungssensor;BABHOME;;;237;12,69;TP-LINK;TP-LINK;TAPO T100;4897098682944;0,0615
NETT0218;TP-LINK Tapo L930-5 - Leuchtstreifen;BABHOME;CE;;95;27,41;TP-LINK;TP-LINK;TAPO L930-5;4897098681367;0,64
NETT0227;TP-LINK Omada EAP783 V1 - Accesspoint - Wi-Fi 7;NETZWERK;ROUTER;;38;406,00;TP-LINK;TP-LINK;EAP783;4895252503517;2,7
NETT1004;Teltonika RUT956 - Wireless Router;NETZWERK;ROUTER;;46;187,78;TELTONIKA;Teltonika Networks;RUT956200000;4779051840175;0,92
NETT1008;Teltonika TSW212 - Switch;NETZWERK;ROUTER;;29;81,71;TELTONIKA;Teltonika Networks;TSW212000000;4779051841370;0,642
NETT1010;Teltonika RUT200 - Wireless Router;NETZWERK;ROUTER;;285;82,22;TELTONIKA;Teltonika Networks;RUT200010000;4779051840229;0,346
NETT1011;Teltonika RUT260 - Wireless Router;NETZWERK;ROUTER;;8;138,04;TELTONIKA;Teltonika Networks;RUT260000000;4779051841332;0,396
NETT1013;Teltonika RUT906 - Wireless Router;NETZWERK;ROUTER;;5;152,25;TELTONIKA;Teltonika Networks;RUT906000000;4779051840830;0,86
NETT1014;Teltonika RUTM50 - Wireless Router;NETZWERK;ROUTER;;2;411,08;TELTONIKA;Teltonika Networks;RUTM50000000;4779051840540;1,048
NETT1022;Teletonika TRB142 - Gateway;NETZWERK;ROUTER;;15;81,20;TELTONIKA;Teltonika Networks;TRB142003000;4779027312385;0,392
NETT1023;Teltonika TRB143 - Gateway;NETZWERK;ROUTER;;5;126,88;TELTONIKA;Teltonika Networks;TRB143000000;4779051840137;0,446
NETT1024;Teltonika TRB145 - Gateway;NETZWERK;ROUTER;;71;83,23;TELTONIKA;Teltonika Networks;TRB145003000;4779027312415;0,398
NETT1026;Teltonika TRB500 - Gateway;NETZWERK;ROUTER;;9;289,28;TELTONIKA;Teltonika Networks;TRB500000000;4779051840236;0,75
NETT1029;Teltonika TSW101 - Switch;NETZWERK;ROUTER;;4;43,65;TELTONIKA;Teltonika Networks;TSW101000000;4779051840113;0,442
NETT1030;Teltonika TSW110 - Switch;NETZWERK;ROUTER;;16;28,93;TELTONIKA;Teltonika Networks;TSW110000000;4779027312958;0,398
NETT1035;Teltonika TRM240 - Modem;NETZWERK;ROUTER;;1;57,86;TELTONIKA;Teltonika Networks;TRM240000000;4779027312774;0,247
NETT1047;Teltonika PR1KC640 - Antenne;NETZWERK;ROUTER;;20;90,84;TELTONIKA;Teltonika Networks;PR1KC640;4779051841394;1,145
NETT1048;Teltonika PR5MEC00 - DIN-Schienenmontagekit;NETZWERK;ROUTER;;9;4,97;TELTONIKA;Teltonika Networks;PR5MEC00;4779051840915;0,062
NETT1049;Teltonika PR1KCS28 - Antenne;NETZWERK;ZUBEHÖR;;4;19,29;TELTONIKA;Teltonika Networks;PR1KCS28;4779051840328;0,22
NETT1054;Teltonika PR5MEC12 - Oberflächenbefestigungs-Kit;NETZWERK;ROUTER;;2;2,64;TELTONIKA;Teltonika Networks;PR5MEC12;4779051841042;0,014
NETT1060;Teltonika DAP142 - Accesspoint;NETZWERK;ROUTER;;4;50,75;TELTONIKA;Teltonika Networks;DAP142000000;4779051843268;0,256
NETT1066;Teltonika RUTM09 - Router;NETZWERK;ROUTER;;3;188,28;TELTONIKA;Teltonika Networks;RUTM09000000;4779051840472;0,944
NETT1071;Teltonika RUT140 - Wireless Router;NETZWERK;ROUTER;;25;45,68;TELTONIKA;Teltonika Networks;RUT140000000;4779051840700;0,162
NETT1072;Teltonika RUT142 - Wireless Router;NETZWERK;ROUTER;;5;50,75;TELTONIKA;Teltonika Networks;RUT142000000;4779051840724;0,168
NETT1074;Teltonika RUTM56 - Wireless Router;NETZWERK;ROUTER;;4;502,43;TELTONIKA;Teltonika Networks;RUTM56000000;4779051845231;1,76
NETT1075;Teltonika TRB141 - Gateway;NETZWERK;ROUTER;;1;92,37;TELTONIKA;Teltonika Networks;TRB141003000;4779027312620;0,414
NETT1078;Teltonika TRM500 - Wireless Router;NETZWERK;ROUTER;;4;261,87;TELTONIKA;Teltonika Networks;TRM500000000;4779051841455;0,5
NETT1082;Teltonika TRB256 - Gateway;NETZWERK;SWITCH;;24;86,28;TELTONIKA;Teltonika Networks;TRB256000400;4779051841851;0,2
NETT1083;Teltonika TRB246 - Gateway;NETZWERK;SWITCH;;3;106,58;TELTONIKA;Teltonika Networks;TRB246000600;4779051841844;0,202
NETT1094;Teltonika	Mobile SMA antenna;NETZWERK;ZUBEHÖR;;50;2,94;TELTONIKA;Teltonika Networks;PR1US440;4779051840908;0,028
NETT1099;Teltonika Ethernet cable 1.5M;NETZWERK;ZUBEHÖR;;46;2,23;TELTONIKA;Teltonika Networks;PR2LA15B;4779051840618;0,072
NETU0008;UbiQuiti UniFi USW-16-POE Switch ;NETZWERK;ROUTER;;123;244,73;UBIQ;UBIQUITI;USW-16-POE;0817882028547;3,68
NETU0010;UbiQuiti WiFi 6 Mesh Access Point;NETZWERK;ROUTER;;13;152,29;UBIQ;UBIQUITI;U6-MESH;0810010078278;1,03
NETU0012;UbiQuiti UniFi AP-AC Pro Access Point;NETZWERK;ROUTER;;1;116,20;UBIQ;UBIQUITI;UAP-AC-PRO;0810354023514;0,944
NETU0013;UbiQuiti UniFi U6-PRO Wi-Fi 6 Access Point ;NETZWERK;ROUTER;;100;132,92;UBIQ;UBIQUITI;U6-PRO;0810010076830;1,58
NETU0016;UbiQuiti UniFi USW-48-POE Switch;NETZWERK;SWITCH;;108;488,57;UBIQ;UBIQUITI;USW-48-POE;0810010072146;5,68
NETU0017;UbiQuiti UniFi USW-Pro-24-POE Switch ;NETZWERK;SWITCH;;59;572,21;UBIQ;UBIQUITI;USW-PRO-24-POE;0817882027649;5,65
NETU0023;UbiQuiti UniFi USW-PRO-48-POE Switch ;NETZWERK;SWITCH;;40;897,92;UBIQ;UBIQUITI;USW-PRO-48-POE;0817882027656;7,52
NETU0024;UbiQuiti UniFi Dream Machine Special Edition;NETZWERK;ROUTER;;50;418,15;UBIQ;UBIQUITI;UDM-SE;0810010077769;6,32
NETU0028;UbiQuiti UniFi Dream Machine Pro Access Point;NETZWERK;ROUTER;;4;334,52;UBIQ;UBIQUITI;UDM-PRO;0817882027373;5,7
NETU0034;Ubiquiti UniFi Switch USW Flex Mini - Switch - managed;NETZWERK;SWITCH;;373;23,77;UBIQ;UBIQUITI;USW-FLEX-MINI;0817882029698;0,235
NETU0035;UbiQuiti Networks POE-24-24W-G - Power Injector;NETZWERK;ZUBEHÖR;;59;9,95;UBIQ;UBIQUITI;POE-24-24W-G;0810354023538;0,338
NETU0036;UbiQuiti Networks POE-48-24W-G - Power Injector;NETZWERK;ZUBEHÖR;;50;10,15;UBIQ;UBIQUITI;POE-48-24W-G;0810354023088;0,333
NETU0048;UbiQuiti Networks POE-24-24W - Power Injector;NETZWERK;ZUBEHÖR;;50;1014,99;UBIQ;UBIQUITI;POE-24-24W;0810354023033;0,327
NETU0067;UbiQuiti UniFi Switch Lite USW-Lite-16-POE - Switch;NETZWERK;SWITCH;;93;167,26;UBIQ;UBIQUITI;USW-LITE-16-POE;0810010071163;1,6075
NETU0076;UbiQuiti WiFi U6-PLUS Access Point;NETZWERK;ROUTER;;240;83,89;UBIQ;UBIQUITI;U6+;0810084691090;0,677
NETU0079;UbiQuiti USW-ENTERPRISE-8-POE- Switch - L3 - managed - 8 x 10/100/1000/2.5G (PoE+);NETZWERK;SWITCH;;1;365,33;UBIQ;UBIQUITI;USW-ENTERPRISE-8-POE;0810010074775;2,73
NETU0084;UbiQuiti UniFi Protect UVC-G5-BULLET - Netzwerk-Überwachungskamera;NETZWERK;ROUTER;;28;102,12;UBIQ;UBIQUITI;UVC-G5-BULLET;0810084690185;0,544
NETU0090;UbiQuiti UniFi Protect Pro - UNVR-PRO - netzwerkfähig;NETZWERK;ZUBEHÖR;;27;403,18;UBIQ;UBIQUITI;UNVR-PRO;0810010075574;11,8
NETU0100;UbiQuiti UniFi Protect UVC-G5-PRO - Netzwerk-Überwachungskamera;NETZWERK;ROUTER;;125;213,15;UBIQ;UBIQUITI;UVC-G5-PRO;0810084690246;1,1433
NETU0104;UbiQuiti UniFi U7-PRO - AccessPoint - WiFi 7 - Indoor;NETZWERK;ROUTER;;500;147,90;UBIQ;UBIQUITI;U7-PRO;0810084693650;1,6
NETU0107;UbiQuiti UniFi Cloud Gateway Ultra UniFi - UCG-ULTRA;NETZWERK;ROUTER;;150;83,19;UBIQ;UBIQUITI;UCG-ULTRA;0810084695203;0,945
NETU0110;UbiQuiti UniFi Access Reader G2 Professional - UA-G2-PRO;NETZWERK;ROUTER;;5;220,08;UBIQ;UBIQUITI;UA-G2-PRO;0810084691656;0,587
NETU0122;UbiQuiti Gateway Pro UniFi UXG-MAX;NETZWERK;ROUTER;;15;161,97;UBIQ;UBIQUITI;UXG-MAX;810084695210;0,828
NETU0129;UbiQuiti U7 Pro Max - Access Point;NETZWERK;ROUTER;;199;224,48;UBIQ;UBIQUITI;U7-PRO-MAX;0810084695555;1,61
NETU0130;UbiQuiti UniFi U7 Pro Wall - Access Point;NETZWERK;ROUTER;;250;161,10;UBIQ;UBIQUITI;U7-PRO-WALL;0810084695548;0,87
NETU0136;UbiQuiti UniFi G2 Starter Kit - Zugangskontrollgerät;NETZWERK;ROUTER;;7;203,00;UBIQ;UBIQUITI;UA-G2-SK;0810084691670;1,624
NETU0143;UbiQuiti UISP Professional - UISP-S-PRO - Switch - managed;NETZWERK;ROUTER;;8;324,80;UBIQ;UBIQUITI;UISP-S-PRO;0810010074386;5,55
NETU0147;Ubiquiti SFP+-Transceiver-Modul - UACC-CM-RJ45-MG;NETZWERK;ZUBEHÖR;;48;52,82;UBIQ;UBIQUITI;UACC-CM-RJ45-MG;0810084690154;0,03424
NETU0148;UbiQuiti U7-LITE - Access Point - WiFi 7 - Indoor;NETZWERK;ZUBEHÖR;;500;81,87;UBIQ;UBIQUITI;U7-LITE;0810084698747;0,681
NETU0150;Ubiquiti UniFi Cloud Gateway Fiber - Gateway;NETZWERK;ZUBEHÖR;;89;228,00;UBIQ;UBIQUITI;UCG-FIBER;0810177161288;1,58125
NETU0151;UbiQuiti WiFi 7 Long-Range Access Point;NETZWERK;ZUBEHÖR;;314;130,29;UBIQ;UBIQUITI;U7-LR;0810177161929;0,967
NETU0152;Ubiquiti UniFi UNAS Pro - NAS-Server - Rack - einbaufähig;NETZWERK;ZUBEHÖR;;5;409,35;UBIQ;UBIQUITI;UNAS-PRO;0810010079251;10,84
NETU0154;Ubiquiti UniFi Express 7 - Gateway - Wi-Fi 7, 10GbE, 2.5GbE;NETZWERK;ZUBEHÖR;;28;160,22;UBIQ;UBIQUITI;UX7;0810010074300;1,268
NETU0155;Ubiquiti UniFi U7-PRO-XG - Accesspoint;NETZWERK;ZUBEHÖR;;65;163,74;UBIQ;UBIQUITI;U7-PRO-XG;0810177160632;1,48
NETU0156;Ubiquiti UniFi Flex 2.5G - Switch - managed;NETZWERK;ZUBEHÖR;;100;127,65;UBIQ;UBIQUITI;USW-FLEX-2.5G-8;0810084696057;0,851
NETU0157;Ubiquiti UniFi Flex 2.5G - Switch - 5-Port - managed;NETZWERK;ZUBEHÖR;;182;42,25;UBIQ;UBIQUITI;USW-FLEX-2.5G-5;0810084696040;0,43
NETU0160;Ubiquiti UniFi U7 Pro Outdoor - Accesspoint - Wi-Fi 7;NETZWERK;ZUBEHÖR;;100;242,09;UBIQ;UBIQUITI;U7-PRO-OUTDOOR;0810084698730;2,19
NETU0164;Ubiquiti Networks POE-24-30W - Power Injector ;NETZWERK;ZUBEHÖR;;42;10,56;UBIQ;UBIQUITI;POE-24-30W;0810354023545;0,345
NETU0170;Ubiquiti UniFi Protect G5 PTZ - Netzwerk-Überwachungskamera;NETZWERK;ZUBEHÖR;;4;215,68;UBIQ;UBIQUITI;UVC-G5-PTZ;0810084693582;1,102
NETU0171;Ubiquiti UniFi Touch - VoIP-Telefon;NETZWERK;ZUBEHÖR;;2;162,86;UBIQ;UBIQUITI;UTP-TOUCH-U;0810084691915;1,595
NETU0172;Ubiquiti UniFi U7 Pro XGS - Accesspoint - Wi-Fi 7;NETZWERK;ZUBEHÖR;;1;242,09;UBIQ;UBIQUITI;U7-PRO-XGS;0810084698341;1,575
NETU0173;Ubiquiti UniFi Protect G6 - Netzwerk-Überwachungskamera - Turret;NETZWERK;ZUBEHÖR;;31;156,70;UBIQ;UBIQUITI;UVC-G6-TURRET-W;0810084698815;1,00833
NETU0181;Ubiquiti UniFi U7 Pro XG Wall - Accesspoint;NETZWERK;SWITCH;;100;235,04;UBIQ;UBIQUITI;U7-PRO-XG-WALL;810177165118;0,736
NETU0183;Ubiquiti PowerAmp - Netzwerkverstärker - 2 x;NETZWERK;SWITCH;;10;492,98;UBIQ;UBIQUITI;UPL-AMP-B;0810084694275;4,075
NETU0184;Ubiquiti UniFi UNAS 2 - NAS-Server - RAM 4 GB;NETZWERK;SWITCH;;20;161,97;UBIQ;UBIQUITI;UNAS-2-B;0810177162667;2,675
NETU0186;Ubiquiti  UniFi Protect G6 - Netzwerk-Überwachungskamera;NETZWERK;SWITCH;;100;157,58;UBIQ;UBIQUITI;UVC-G6-BULLET-B;0810177163398;1,22333
NETU0187;Ubiquiti  UniFi Protect G6 - Netzwerk-Überwachungskamera;NETZWERK;SWITCH;;100;157,58;UBIQ;UBIQUITI;UVC-G6-BULLET-W;0810084698792;1,22333
NETU0188;Ubiquiti  UniFi G6 Pro Turret - Netzwerk-Überwachungskamera;NETZWERK;SWITCH;;50;374,13;UBIQ;UBIQUITI;UVC-G6-PRO-TURRET-B;8101771637876;1,625
NETU0189;Ubiquiti UniFi Switch Ultra L2, Gigabit Ethernet;NETZWERK;SWITCH;;100;82,75;UBIQ;UBIQUITI;USW-ULTRA;0810084693698;0,5
NOCO0002;NOCO GB20 | Boost 12V 500A Jump Starter | Boost Jump Starters;BABHOME;DV;;211;62,73;NOCO;NOCO;GB20;1210000615015;1,2
NOCO0004;NOCO GB50 | Boost 12V 1500A Jump Starter | Boost Jump Starters;BABHOME;DV;;216;106,58;NOCO;NOCO;GB50;1210000618177;1,46667
NOCO0006;NOCO GB150 | Boost 12V 3000A Jump Starter | Boost Jump Starters;BABHOME;DV;;79;198,78;NOCO;NOCO;GB150;1210000615060;3,8
NOCO0008;NOCO GENIUS1EU | 1A Battery Charger | Genius Battery Chargers ;BABHOME;DV;;256;26,14;NOCO;NOCO;GENIUS1EU;1210000619242;0,6
NOCO0009;NOCO GENIUS2EU | 2A Battery Charger | Genius Battery Chargers;BABHOME;DV;;324;33,98;NOCO;NOCO;GENIUS2EU;1210000619259;0,733
NOCO0010;NOCO GENIUS5EU | 5A Battery Charger | Genius Battery Chargers;BABHOME;DV;;135;51,23;NOCO;NOCO;GENIUS5EU;1210000619266;1
NOCO0011;NOCO GENIUS10EU | 10A Battery Charger | Genius Battery Chargers;BABHOME;DV;;141;75,80;NOCO;NOCO;GENIUS10EU;1210000619273;2
NOCO0012;NOCO GB251 | Boost Max 24V 3000A Jump Starter | Boost Jump Starters;BABHOME;DV;;4;634,38;NOCO;NOCO;GB251;1210000619419;9,45
NOCO0013;NOCO GB250 | Boost Max 12V 5250A Jump Starter  | Boost Jump Starters;BABHOME;DV;;7;634,38;NOCO;NOCO;GB250;1210000619402;9,95
NOCO0015;NOCO GBX75 | Boost X 12V 2500A Jump Starter | Boost Jump Starters;BABHOME;DV;;14;166,46;NOCO;NOCO;GBX75;1210000620088;2,374
NOCO0016;NOCO AX65 | Boost Air 12V 2000A | Jump Starter and Air Compressor;BABHOME;DV;;59;197,93;NOCO;NOCO;AX65;1210000624253;4,8875
NOCO0017;NOCO GBX155 | Boost X 4250 A | Jump Starter | Boost Jump Starters;BABHOME;DV;;160;262,89;NOCO;NOCO;GBX155;1210000620095;3,65
NOCO0018;NOCO GENIUS U65 | USB-C Charger;BABHOME;DV;;144;49,13;NOCO;NOCO;U65;1210000620057;0,64167
NOCO0019;NOCO XGC4 | Genius Boost | 56W XGC Power Adapter;BABHOME;DV;;38;42,53;NOCO;NOCO;XGC4;1210000617309;0,86667
NOCO0020;NOCO GBC013 | NOCO GB20/40 EVA Protection Case | Boost Accessories;BABHOME;DV;;51;15,11;NOCO;NOCO;GBC013;1210000617279;0,334
NOCO0021;NOCO GBC014 | NOCO GB70 EVA Protection Case | Boost Accessories;BABHOME;DV;;15;18,22;NOCO;NOCO;GBC014;1210000617286;0,616
NOCO0022;NOCO GBC015 | NOCO GB150 EVA Protection Case | Boost Accessories;BABHOME;DV;;53;24,95;NOCO;NOCO;GBC015;1210000617293;1,09
NOCO0024;NOCO GBC101 | NOCO GBX45 EVA Protection Case | Boost Accessories;BABHOME;DV;;87;18,22;NOCO;NOCO;GBC101;1210000621047;0,354
NOCO0025;NOCO GBC102 | NOCO GBX55 EVA Protection Case | Boost Accessories;BABHOME;DV;;93;21,43;NOCO;NOCO;GBC102;1210000621054;0,574
NOCO0028;NOCO GENIUS2DEU | NOCO 2A Direct-Mount Battery Charger | Genius Battery Chargers;BABHOME;DV;;276;30,74;NOCO;NOCO;GENIUS2DEU;1210000618146;0,50667
NUCA0015;ASUS NUC 15 Pro Slim Kit RNUC15CRKC500002 | 90AR00R2-M00060;BAREBONE;;;63;320,91;ASUS;Asustek;90AR00R2-M00060;4711387949832;1,56
PETK0003;Petkit Trinkbrunnen Eversweet Solo 2;BABHOME;;;22;36,03;PETKIT;Petkit;P4114;6973293808896;1,203
PETK0008;Petkit Trinkbrunnen Wasserfilter 5.0 | 5 Stk;BABHOME;;;17;14,49;PETKIT;Petkit;P4171;6975069302959;0,183
PETK0009;Petkit Trinkbrunnen Reinigungsset;BABHOME;;;5;5,08;PETKIT;Petkit;PK2301;6975069302393;0,023
PETK0011;Petkit Futterautomat YumShare Dual-Hopper mit Kamera;BABHOME;;;42;91,10;PETKIT;Petkit;P591;6975069302713;3,44
PETK0012;Petkit Futterautomat Feuchtigkeitsbeutel (Desiccant) 5 Stk;BABHOME;;;102;5,50;PETKIT;Petkit;P5121;6931580101280;0,142
PETK0014;Petkit Breezy2 Haustier Transporttasche Cremeweiß;BABHOME;;;5;49,70;PETKIT;Petkit;P7704 CREMEWEIß;6975069300863;2,028
PETK0015;Petkit Breezy2 Haustier Transporttasche Grün;BABHOME;;;9;49,70;PETKIT;Petkit;PP7704 GRÜN;6973293808629;2,025
PETK0016;Petkit Breezy2 Haustier Transporttasche Rosa Blau;BABHOME;;;3;49,70;PETKIT;Petkit;P7704 ROSA BLAU;6973293808506;2,02
PETK0017;Petkit Breezy xZone Haustier Transporttasche Grau;BABHOME;;;3;32,71;PETKIT;Petkit;P7703;6973293802337;1,715
PETK0018;Petkit AirSalon Max;BABHOME;;;9;258,83;PETKIT;Petkit;PD10;6975069301389;12,25
PETK0019;Petkit AirSalon Max Pro;BABHOME;;;3;269,10;PETKIT;Petkit;PD10 PRO;6975069301778;12,5
PETK0020;Petkit Tierfell Staubsauger-Set;BABHOME;;;21;100,70;PETKIT;Petkit;LM4;6975069301723;4,51667
PETK0021;Petkit 2 in 1 Trimmer Pro;BABHOME;;;54;12,40;PETKIT;Petkit;PK413;6973293809190;0,307
PETK0023;Petkit LED Krallenschere Pro;BABHOME;;;17;7,00;PETKIT;Petkit;ZJ3;6975069303017;0,164
PETK0024;Petkit Tierfell Bürste *neue Edition*;BABHOME;;;18;11,00;PETKIT;Petkit;PK414;6973293807905;0,16
PETK0025;Petkit 4 in 1 Kratzspielzeug;BABHOME;;;13;16,60;PETKIT;Petkit;P610;6931580101303;1,453
PETK0027;Petkit Katzenstreu Occult Bluttest | 4 Beutel;BABHOME;;;5;29,00;PETKIT;Petkit;PKCL08;6975069303918;10,25
PETK0028;Petkit Katzenklo Pura Max 2 Premium;BABHOME;;;108;314,93;PETKIT;Petkit;P9902;6975069305028;15,52
PETK0030;Petkit Katzenklo Purobot Ultra;BABHOME;;;31;584,64;PETKIT;Petkit;P9903;6975069305523;21,44
PETK0031;Petkit Katzenklo Pura Max Abtrennung weiß;BABHOME;;;16;6,90;PETKIT;Petkit;P9220D;6975069303352;0,099
PETK0033;Petkit Katzenklo Müllbeutel für Pura Max 2/ Purobot Max Pro;BABHOME;;;13;6,20;PETKIT;Petkit;P99042;6975069304281;0,196
PETK0034;Petkit Katzenklo Purobot Ultra Nachfüllringe Müllbeutel 3 Stk (P99034);BABHOME;;;45;20,00;PETKIT;Petkit;P99034;6975069304892;0,428
PETK0035;Petkit Katzenklo Pura X Lufterfrischer Nachfüller 4x50 ml;BABHOME;;;8;12,40;PETKIT;Petkit;P9214;6973293800258;0,288
PETK0036;Petkit Katzenklo Pura Max 2 / Pura X Auffangmatte Wasserfest;BABHOME;;;2;13,80;PETKIT;Petkit;LITTER PAD;6973293800371;0,062
PETK0037;Petkit Katzenklo Pura Max & Pura Max 2 Lufterfrischer N50 3 Stk.;BABHOME;;;25;12,40;PETKIT;Petkit;P9223;6975069303956;0,181
PETK0038;Petkit Katzenklo Purobot Ultra Lufterfrischer N60 3 Stk (P9224);BABHOME;;;21;17,90;PETKIT;Petkit;P9224;6975069305240;0,293
PETK0040;Petkit Katzenklo Pura Max 2 & Purobot Max Pro Unterlage;BABHOME;;;19;22,10;PETKIT;Petkit;P99035;6975069304830;0,485
PETK0041;Petkit Katzenstreu Entferner Magnetisch 2 Stk;BABHOME;;;19;11,67;PETKIT;Petkit;P99021;6975069303413;0,341
PETK0043;Petkit Katzenstreu Entferner Set Tofu;BABHOME;;;3;11,00;PETKIT;Petkit;P99022;6975069303536;0,352
PETK0044;Petkit Katzenstreu Entferner Set Mineralsand;BABHOME;;;2;10,00;PETKIT;Petkit;P99023;6975069303475;0,353
PETK0045;Petkit Purobot Max Pro 2;BABHOME;;;60;369,92;PETKIT;Petkit;P9904 PRO 2;6975069306278;14,85
PETK0046;Petkit Trinkbrunnen Eversweet Max - UVC Pump;BABHOME;;;52;60,70;PETKIT;Petkit;P4115 UVC;6975069307305;1,875
PETK0047;Petkit Trinkbrunnen Eversweet Max 2 -100;BABHOME;;;25;60,70;PETKIT;Petkit;P4116;6975069307107;1,8
PETK0048;Petkit Trinkbrunnen Eversweet Max 2 - 100 - UVC Pump;BABHOME;;;53;71,80;PETKIT;Petkit;P4116 UVC;6975069307091;1,90625
PETK0049;Petkit Schaumstofffilter für Wireless Pumpe | 15pcs;BABHOME;;;2;8,30;PETKIT;Petkit;FOAM-15PCS;6973293809244;0,012
PETK0050;Petkit Wireless Pump Replacement;BABHOME;;;23;10,66;PETKIT;Petkit;P4113;6973293809077;0,11
PETK0051;Petkit Fresh Element SOLO New - Grey;BABHOME;;;13;55,20;PETKIT;Petkit;P570 GREY;6973293802276;2,04
PETK0058;Petkit Natural Cat Litter - 4bags;BABHOME;;;8;24,80;PETKIT;Petkit;PKCL11;6975069306063;10,3
PETK0059;Petkit 5 in 1 Mixed Cat Litter (Upgrade) -3bags;BABHOME;;;16;22,10;PETKIT;Petkit;PKCL12;6973293808971;7,6
PETK0061;Petkit Urine Monitor Cat Litter  - 4bags;BABHOME;;;14;29,42;PETKIT;Petkit;PKCL10;6975069306803;10,2
PETK0062;Petkit Crystal Litter  - 4bags Exclusive für PUROBOT CRYSTAL DUO;BABHOME;;;30;56,60;PETKIT;Petkit;C01;6975069306551;12,34
PETK0063;Petkit Crystal PH Litter - 4bags Exclusive for PUROBOT CRYSTAL DUO;BABHOME;;;20;55,83;PETKIT;Petkit;C1;6975069306650;11,94
PETK0067;Petkit Purobot Crystal duo ;BABHOME;;;45;151,80;PETKIT;Petkit;P9905;6975069307244;11,8
PETK0072;Petkit Pura Air Smart Spray;BABHOME;;;19;29,00;PETKIT;Petkit;K3;6973293806052;0,54
PETK0074;Petkit Standard Litter  Sifter P99031 For PUROBOT ULTRA;BABHOME;;;10;11,67;PETKIT;Petkit;FILTER NET-BLUE;6975069304779;0,208
PETK0077;Petkit Ständer für Futterautomat;BABHOME;;;16;11,00;PETKIT;Petkit;DP1;6975069303680;0,634
PETK0080;Petkit Wireless Pump-UVC for Sales;BABHOME;;;36;15,73;PETKIT;Petkit;P4113 UVC;6975069301846;0,112
PETK0081;Petkit Easy-Step Pedal - Step for Automatic Litter Boxes with Dirt Catcher;BABHOME;;;29;25,38;PETKIT;Petkit;P9225;6975069305691;0,675
PETK0082;Petkit Futterautomat YumShare Dual-Hopper mit Kamera;BABHOME;;;58;152,25;PETKIT;Petkit;D4SH-EU;6975069307596;3,775
PETK0083;Petkit Front Entry Hood for PUROBOT CRYSTAL DUO;BABHOME;;;45;32,99;PETKIT;Petkit;P99051;6975069305677;1,18
PETK0084;Petkit PURA MAX FENCE 2.0 for Purobot Max Pro 2;BABHOME;;;42;10,15;PETKIT;Petkit;P99045;6975069306407;0,116
PETK0085;Petkit PUROBOT CRYSTAL DUO With Front Entry Hood-EU;BABHOME;;;58;192,85;PETKIT;Petkit;T7-W1 -EU;6975069308807;12,56
PLAY0002;Playmobil 70191 City Life - Krankenhaus mit Einrichtung;BABHOME;DV;;9;50,75;PLAY;Playmobil;70191;4008789701916;2,67
PPCA0005;Anker EverFrost Powered Cooler 33L + Cooler Battery SET;BAB GREENVISION;;;8;436,45;ANKER;Anker;A17A03M2+A17B5011;0194644126353;28,3
PPCA0006;Anker EverFrost Powered Cooler 43L + Cooler Battery SET;BAB GREENVISION;;;1;477,05;ANKER;Anker;A17A13M2+A17B5011;0194644126346;0
PPCA0007;Anker EverFrost Powered Cooler 53L + Cooler Battery SET;BAB GREENVISION;;;4;558,25;ANKER;Anker;A17A23M2+A17B5011;0194644126339;33,75
PPCA0009;Anker EverFrost Powered Cooler Battery;BAB GREENVISION;;;14;1014,99;ANKER;Anker;A17B5011*;194644182649;0,268
PPCE0003;ECOFLOW Glacier Plug-in Battery;BAB GREENVISION;PPS;;7;221,68;ECOFLOW;Ecoflow;ZYDBX100-EB;4895251604802;2,5
PPCE0004;ECOFLOW Glacier Protection Bag;BAB GREENVISION;PPS;;1;93,53;ECOFLOW;Ecoflow;EFB-GLACIER;4895251605984;2,0175
PPCE0007;ECOFLOW GLACIER Classic 35L;BAB GREENVISION;PPS;;10;497,35;ECOFLOW;Ecoflow;EFGLACIER35L-EU-NBOX;4895251641623;24,78
PPCE0010;ECOFLOW GLACIER Classic 35L+Battery Bundle;BAB GREENVISION;PPS;;7;598,85;ECOFLOW;Ecoflow;EFGLACIER35L-EU-NBOX/ZYDBX100-EB;;0
PPE0015;ECOFLOW Battery 2kWh ;BAB GREENVISION;PPS;;8;1231,70;ECOFLOW;Ecoflow;ZMM100BP2;4897082668718;18,56
PPE0016;ECOFLOW Battery 5kWh;BAB GREENVISION;PPS;;3;2754,20;ECOFLOW;Ecoflow;ZMM100BP5;4897082668831;44,2
PPE0020;ECOFLOW Double handle Connection Cable;BAB GREENVISION;PPS;;7;79,03;ECOFLOW;Ecoflow;L48DH-0.75M;4897082666516;0,862
PPE0021;ECOFLOW XT60i Cable 2.5m;BAB GREENVISION;PPS;;11;18,17;ECOFLOW;Ecoflow;LMC4-XT60I-2.5M;4895251603072;0,325
PPE0023;ECOFLOW River 2 Bag;BAB GREENVISION;PPS;;1;50,04;ECOFLOW;Ecoflow;BZMR600;4895251604314;1,83333
PPE0027;ECOFLOW Delta Max US Extra Battery Bag;BAB GREENVISION;PPS;;14;64,55;ECOFLOW;Ecoflow;BDELTAMAXEB-US;4897082665779;0,293
PPE0030;ECOFLOW Portable Power Station Grounding Adapter;BAB GREENVISION;PPS;;15;71,76;ECOFLOW;Ecoflow;ZMA003-EU/UK-C20;4895251600293;0,243
PPE0031;ECOFLOW Delta Pro EU EV X-Stream Adapter;BAB GREENVISION;PPS;;3;71,76;ECOFLOW;Ecoflow;DELTAPROCC-EU;4897082665571;0,31
PPE0044;ECOFLOW Infinity Cable ;BAB GREENVISION;PPS;;12;88,20;ECOFLOW;Ecoflow;L38DH-2M-HV;4897082668091;1,205
PPE0047;ECOFLOW Battery 2kWh Mounting Strap;BAB GREENVISION;PPS;;61;36,34;ECOFLOW;Ecoflow;AFRB-MM100BP2;4897082669357;1,78
PPE0048;ECOFLOW Battery 5kWh Mounting Strap;BAB GREENVISION;PPS;;3;36,34;ECOFLOW;Ecoflow;AFRB-MM100BP5;4897082668749;2,38
PPE0070;ECOFLOW Rigid Solar Panel Mounting Feet;BAB GREENVISION;PPS;;16;12,18;ECOFLOW;Ecoflow;AKIT-MS331;4895251600033;0,278
PPE0142;ECOFLOW Rapid 5000 - Powerbank Black;BAB GREENVISION;PPS;;88;33,50;ECOFLOW;Ecoflow;EF-RAPID5000-B-EU;4895251629300;0,235
PPE0143;ECOFLOW Rapid 5000 - Powerbank Blue;BAB GREENVISION;PPS;;68;33,50;ECOFLOW;Ecoflow;EF-RAPID5000-L-EU;4895251627542;0,25
PPE0144;ECOFLOW Rapid 5000 - Powerbank Silver;BAB GREENVISION;PPS;;4;33,50;ECOFLOW;Ecoflow;EF-RAPID5000-EU;4895251627405;0,23953
PPE0148;ECOFLOW Charger 65W ;BAB GREENVISION;PPS;;1;44,56;ECOFLOW;Ecoflow;EFA-65W-GAN-CHARGER-EU;4895251622905;0,214
PPE0164;ECOFLOW Delta Pro 3/Delta Pro Extra Battery Cable;BAB GREENVISION;PPS;;5;58,67;ECOFLOW;Ecoflow;EFL-DELTAPRO348DH-0.85M;4895251625005;1,08667
PPE0165;ECOFLOW Delta Pro 3/Delta Pro Extra Battery Cable 2m;BAB GREENVISION;PPS;;6;95,41;ECOFLOW;Ecoflow;EFL-DELTAPRO348DH-2M;4895251624992;1,74333
PPE0166;ECOFLOW Delta Pro 3 EV-stream adapter;BAB GREENVISION;PPS;;1;73,59;ECOFLOW;Ecoflow;EFL-EVX-STREAMADAPTER-EU;4895251609142;0,687
PPE0209;ECOFLOW Battery 2kWh ;BAB GREENVISION;PPS;;5;1231,70;ECOFLOW;Ecoflow;ZMM100BP2;04897082668718;18,56
PPE0220;ECOFLOW RAPID Pro X - Powerbank ;BAB GREENVISION;PPS;;1;171,54;ECOFLOW;Ecoflow;EF-RP27KGEEK-EU;4895251646673;1,21
PPE0222;ECOFLOW RAPID Pro 20K - Powerbank;BAB GREENVISION;PPS;;15;86,28;ECOFLOW;Ecoflow;EF-RAPIDPRO20K-EU;4895251641289;0,934
PPE0223;ECOFLOW RAPID 25K Build-in cable - Powerbank Green;BAB GREENVISION;PPS;;28;71,05;ECOFLOW;Ecoflow;EF-RAPID25K100W-G-EU;4895251653671;0,77
PPE0226;ECOFLOW RAPID 25K no build-in cable - Powerbank Green;BAB GREENVISION;PPS;;30;65,98;ECOFLOW;Ecoflow;EF-RAPID25K140W-G-EU;4895251653855;0,74
PPE0227;ECOFLOW RAPID 25K no build-in cable - Powerbank Silver;BAB GREENVISION;PPS;;28;65,98;ECOFLOW;Ecoflow;EF-RAPID25K140W-S-EU;4895251653848;0,716
PPE0228;ECOFLOW RAPID 25K no build-in cable - Powerbank Black;BAB GREENVISION;PPS;;25;65,98;ECOFLOW;Ecoflow;EF-RAPID25K140W-B-EU;4895251653831;0,666
PPE0229;ECOFLOW RAPID Pro X Apple Watch charger magnetic block;BAB GREENVISION;PPS;;18;86,28;ECOFLOW;Ecoflow;EFA-RPGEEKWATCH;4895251651165;0,122
PPE0230;ECOFLOW RAPID Pro 320W station - Powerbank;BAB GREENVISION;PPS;;12;106,58;ECOFLOW;Ecoflow;EF-STATION320W-EU;4895251646376;1,335
PPE0231;ECOFLOW 140W Charger (No cable) ;BAB GREENVISION;PPS;;15;56,84;ECOFLOW;Ecoflow;EFA-140W-GAN-CHARGER-EU;4895251641500;0,28
PPE0232;ECOFLOW 100W Charger (No cable) ;BAB GREENVISION;PPS;;14;42,63;ECOFLOW;Ecoflow;EFA-100W-GAN-CHARGER-EU;4895251641449;0,232
PPE0233;ECOFLOW 240W C-C Cable;BAB GREENVISION;PPS;;28;14,21;ECOFLOW;Ecoflow;EFA-240W-C-C-CABLE-EU;4895251645447;0,114
PPE0234;ECOFLOW RAPID Mag 5K - Powerbank White;BAB GREENVISION;PPS;;40;25,38;ECOFLOW;Ecoflow;EF-RAPIDQI1-5K-W-EU;4895251647793;0,17
PPE0235;ECOFLOW RAPID Mag 5K - Powerbank Purple;BAB GREENVISION;PPS;;48;25,38;ECOFLOW;Ecoflow;EF-RAPIDQI1-5K-VT-EU;4895251647830;0,18622
PPE0236;ECOFLOW RAPID Mag 5K - Powerbank Black;BAB GREENVISION;PPS;;40;25,38;ECOFLOW;Ecoflow;EF-RAPIDQI1-5K-B-EU;4895251647809;0,18622
PPE0237;ECOFLOW RAPID Mag 10K - Powerbank White;BAB GREENVISION;PPS;;40;40,60;ECOFLOW;Ecoflow;EF-RAPIDQI1-10K-W-EU;4895251647991;0,286
PPE0239;ECOFLOW RAPID Mag 10K - Powerbank Schwarz;BAB GREENVISION;PPS;;25;40,60;ECOFLOW;Ecoflow;EF-RAPIDQI1-10K-B-EU;4895251648004;0,28167
PPE0242;ECOFLOW Delta Pro Ultra - Inverter;BAB GREENVISION;PPS;;12;1847,30;ECOFLOW;Ecoflow;EFDELTAPROULTRA-EU;4895251608596;41,45
PPE0258;ECOFLOW Alternator Charger Mounting Bracket;BAB GREENVISION;PPS;;13;34,81;ECOFLOW;Ecoflow;EFA-ALTCHARGERBRACKET;4895251636209;1,17
PPE0259;ECOFLOW DELTA 3 Bag;BAB GREENVISION;PPS;;17;49,02;ECOFLOW;Ecoflow;EFDELTA3-BAG;4895251629638;1,21
PPE0260;ECOFLOW DELTA 3 Cable;BAB GREENVISION;PPS;;25;49,02;ECOFLOW;Ecoflow;EFDELTA3-CABLE;4895251632515;0,352
PPE0272;ECOFLOW Get Set Kit + 2x 2kWh Battery;BAB GREENVISION;PPS;;4;3603,25;ECOFLOW;Ecoflow;;;0
PPE0273;EcoFlow Trolley (DELTA Pro Ultra)	;BAB GREENVISION;PPS;;7;126,88;ECOFLOW;Ecoflow;EFTROLLEY-DPU;4895251609036;17,4
PPE0285;ECOFLOW TRAIL Plus 300 DC - Portable Powerstation;BAB GREENVISION;PPS;;4;142,10;ECOFLOW;Ecoflow;EF-TRAIL300PLUS-N;4895251648424;2,85833
PPE0286;ECOFLOW TRAIL Portable Powerstation Waterproof Carrying Case;BAB GREENVISION;PPS;;13;42,12;ECOFLOW;Ecoflow;EFB-TRAIL200/300-BAG;4895251665056;0,446
PPE1001;everHome EcoTracker IR - Energiemessgerät ;BAB GREENVISION;ZUBEHÖR;;326;68,01;EVERHOME;everHome;ET-IR;0610371446279;0,168
PPH0009;Huawei SmartCharger Wallbox - SCharger-7KS-S0;BAB GREENVISION;;;15;406,00;HUAWEI;Huawei;02314BXJ;;4,174
PPSE0006;ECOFLOW Micro Inverter to Power Station Connection Cable - Car Charge Connector;BAB GREENVISION;PPS;;3;21,11;ECOFLOW;Ecoflow;EFL-BKWRIVERCABLE-0.5M;4895251606547;0,213
PPSE0010;ECOFLOW AC Cable - DE-Wieland - Charging cable;BAB GREENVISION;PPS;;37;28,42;ECOFLOW;Ecoflow;EFL-BKWAC-DIY;4895251607773;0,206
PPSE0012;ECOFLOW AC Cable - 3m - Charging cable;BAB GREENVISION;PPS;;8;21,11;ECOFLOW;Ecoflow;EFL-BKWAC-3M-EU;4895251607698;0,447
PPSE0013;ECOFLOW 100W - Solar Panel;BAB GREENVISION;PPS;;2;93,58;ECOFLOW;Ecoflow;ZMS330;4897082668619;4,13
PPSE0015;ECOFLOW Single Axis Solar Tracker;BAB GREENVISION;PPS;;3;289,28;ECOFLOW;Ecoflow;EFSAST;4895251605205;12,6
PPSE0020;ECOFLOW Solar Extension Cable (3m);BAB GREENVISION;PPS;;2;35,53;ECOFLOW;Ecoflow;EFMC4-3M;4897082661832;0,55875
PPSE0026;ECOFLOW Solar Angle Guide;BAB GREENVISION;PPS;;4;10,86;ECOFLOW;Ecoflow;SOLARAG;4897082668404;0,053
PPSE0031;ECOFLOW 2 x 100W Rigid Solar Panel Combo;BAB GREENVISION;PPS;;2;129,92;ECOFLOW;Ecoflow;ZMS331-2-AKIT-2;4895251602709;15,52
PPSE0038;ECOFLOW 30*400W Rigid Solar Panel Combo;BAB GREENVISION;PPS;;10;4449,46;ECOFLOW;Ecoflow;ZPTSP300-30;4895251603775;632,46
PPSE0041;ECOFLOW Distribution Panel;BAB GREENVISION;PPS;;4;418,59;ECOFLOW;Ecoflow;ZMM100LD-EU;4897082669210;4,13
PPSE0043;ECOFLOW Get Set Kit;BAB GREENVISION;PPS;;6;1319,50;ECOFLOW;Ecoflow;ZMM100-COMBO1-EU;4895251601429;25,13
PPSE0044;ECOFLOW Prepared Kit;BAB GREENVISION;PPS;;3;1886,17;ECOFLOW;Ecoflow;ZMM100-COMBO2-EU;4895251601436;28,76
PPSE0046;ECOFLOW Balcony Hook Kit;BAB GREENVISION;PPS;;5;73,44;ECOFLOW;Ecoflow;EFA-PTSP300HOOK;4895251606653;3,87
PPSE0048;ECOFLOW LFP Battery Power Cable 1,5m;BAB GREENVISION;PPS;;22;95,71;ECOFLOW;Ecoflow;LB-CONT-1.5M;4897082669432;1,265
PPSE0056;ECOFLOW Solar adjustable Tilt Mount Bracket;BAB GREENVISION;PPS;;13;244,01;ECOFLOW;Ecoflow;AA-FRAME-TILT;4895251604550;17,08
PPSE0063;ECOFLOW Adjustable Ground & Suspended Solar Bracket;BAB GREENVISION;PPS;;16;95,71;ECOFLOW;Ecoflow;EFA-DJUST;4895251608442;11,75
PPSE0072;ECOFLOW Wave2 Nylon Cable and support Frame;BAB GREENVISION;PPS;;3;36,34;ECOFLOW;Ecoflow;EFA-WAVE2IM;4895251606073;0,247
PPSE0078;ECOFLOW Solar Hat M-L;BAB GREENVISION;PPS;;2;95,92;ECOFLOW;Ecoflow;EFPOWERHAT-M-L;4895251628808;0,754
PPSE0079;ECOFLOW Solar Hat L-XL;BAB GREENVISION;PPS;;2;95,92;ECOFLOW;Ecoflow;EFPOWERHAT-L-XL;4895251628815;0,764
PPSE0083;ECOFLOW 4 x250W Rigid Solar Panel;BAB GREENVISION;PPS;;2;416,15;ECOFLOW;Ecoflow;EFSOLAR250W-R-D-LF-1-EU-4;4895251642002;46,85
PPSE0087;ECOFLOW STREAM Solar Panel Extension Cable 2.95m;BAB GREENVISION;PPS;;55;24,87;ECOFLOW;Ecoflow;EFL-STREAMMI-PV-2.95M;4895251640473;0,795
PPSE0088;ECOFLOW STREAM AC Cable 1.5m;BAB GREENVISION;PPS;;37;16,75;ECOFLOW;Ecoflow;EFL-STREAM-AC-1.5M-EU-H;4895251644631;0,4975
PPSE0089;ECOFLOW STREAM AC Cable 5m;BAB GREENVISION;PPS;;30;20,30;ECOFLOW;Ecoflow;EFL-STREAM-AC-5M-EU-H;4895251644662;1,22
PPSE0090;ECOFLOW STREAM AC Cable 15m;BAB GREENVISION;PPS;;2;29,59;ECOFLOW;Ecoflow;EFL-STREAM-AC-15M-EU-H;4895251644693;2,78333
PPSE0093;ECOFLOW Bracket - Lattice Balcony;BAB GREENVISION;PPS;;47;49,74;ECOFLOW;Ecoflow;EFA-BKWLATTICEBAL-W-EU;4895251642798;3,352
PPSE0096;ECOFLOW Bracket Adjustable - Facade;BAB GREENVISION;PPS;;14;40,60;ECOFLOW;Ecoflow;EFA-BKWBRACKETADJ-W-EU;4895251642842;2,399
PPSE0097;ECOFLOW Bracket - Facade;BAB GREENVISION;PPS;;11;12,59;ECOFLOW;Ecoflow;EFA-BKWFACADE-B-EU;4895251642835;0,404
PPSE0098;ECOFLOW Bracket - Pitched Roof;BAB GREENVISION;PPS;;10;108,61;ECOFLOW;Ecoflow;EFA-BKWPITCHEDROOF-W-EU;4895251642781;10,1
PPSE0099;ECOFLOW Bracket Lightweight - Facade;BAB GREENVISION;PPS;;12;12,59;ECOFLOW;Ecoflow;EFA-BKWBRACKETLIGHT-B-EU;4895251642859;0,34
PPSE0100;ECOFLOW Bracket - Lightweight;BAB GREENVISION;PPS;;10;100,49;ECOFLOW;Ecoflow;EFA-BKWLIGHTWEIGHT-W-EU;4895251642828;2,34
PPSE0101;ECOFLOW Single Axis Solar Tracker;BAB GREENVISION;PPS;;3;406,00;ECOFLOW;Ecoflow;EFA-BKSINGLETRACKER2-B-EU;4895251644037;27,24
PPSE0102;ECOFLOW Smart Plug 2 ;BAB GREENVISION;PPS;;74;25,88;ECOFLOW;Ecoflow;EF-OS-SM002-SMP2SHEL;4895251644723;0,083
PPSE0103;ECOFLOW Smart Meter;BAB GREENVISION;PPS;;34;83,74;ECOFLOW;Ecoflow;EFSMARTMETER-EU-120A;4895251646956;0,67167
PPSE0104;ECOFLOW x Shelly Smart Meter;BAB GREENVISION;PPS;;11;125,86;ECOFLOW;Ecoflow;EF-OS-SM003-SMSHEL;4895251644747;0,40833
PPSE0107;ECOFLOW STREAM Micro Inverter (incl. Cable);BAB GREENVISION;PPS;;8;111,65;ECOFLOW;Ecoflow;EFSTREAMMI800W+AC5M+PV3M*4;4895251640404;5,54
PPSE0108;EcoFlow Fixing Metal Tab (Deltra Pro Ultra) ;BAB GREENVISION;PPS;;3;24,26;ECOFLOW;Ecoflow;EFA-FIXINGMETALTAB;4895251613354;0,615
PPSE0113;ECOFLOW 2*450W Rigid Solar Panel Combo;BAB GREENVISION;PPS;;2;235,48;ECOFLOW;Ecoflow;EFSOLAR450W-2;4895251636902;52,2
PPSE0122;ECOFLOW 110W - Lightweight Portable Solar Panel;BAB GREENVISION;PPS;;30;126,88;ECOFLOW;Ecoflow;EFSOLARLIGHT110W-P-DXT4EU;4895251667388;0
PPSH0004;Huawei Inverter - 4kW - SUN2000-4KTL-M1;BAB GREENVISION;;;10;497,35;HUAWEI;Huawei;01074467-006;;20,26
PPSH0024;Huawei Inverter - 3kW - SUN2000-3KTL-M1;BAB GREENVISION;;;4;406,00;HUAWEI;Huawei;01074316-006;;20,4
PPSH0025;Huawei Inverter - 5kW - SUN2000-5KTL-L1;BAB GREENVISION;;;9;507,50;HUAWEI;Huawei;01075346-015;;13,75
PPSH0026;Huawei Inverter - 6kW - SUN2000-6KTL-L1;BAB GREENVISION;;;3;598,85;HUAWEI;Huawei;01075345-015;;13,55
PPSS2003;SMA Sunny Tripower Hybrid Inverter 8.0 Smart Energy;BAB GREENVISION;;;1;903,35;SMA;SMA;STP8.0-3SE-40;4260741339395;36,5
PVGC0001;Tecget 2 String DC-Übespannungsschutz Typ 2 ;BAB GREENVISION;;;4;76,13;TECGET;Tecget;QTGPVGAK12MC4;4061496516495;2,201
PVGC0003;Tecget 6 String DC-Übespannungsschutz Typ 2 ;BAB GREENVISION;;;3;182,70;TECGET;Tecget;QTGPVGAK32;;4,774
PVMS0003;Mounting Systems Schiene 4/35- 1,20m Alu;BAB GREENVISION;;;44;8,88;MOUNTING;;610-0704;;0
PVMS0004;Mounting Systems Schiene 4/35- 1,20m Alu schwarz;BAB GREENVISION;;;500;14,72;MOUNTING;;610-0097;;0,888
PVMS0009;Mounting Systems Schiene 4/35, 2,40m Alu;BAB GREENVISION;;;78;22,33;MOUNTING;;800-1344;;2,00667
PVMS0013;Mounting Systems GS 4/35 CS, 3,60m;BAB GREENVISION;;;95;20,81;MOUNTING;;800-1442;;2,8
PVMS0016;Mounting Systems Schiene 4/35, 4,40;BAB GREENVISION;;;86;25,88;MOUNTING;;800-1405;;0
PVMS0026;Mounting Systems GS 5/41 CS, 3,60m;BAB GREENVISION;;;231;16,75;MOUNTING;;800-1448;;2,085
PVMS0029;Mounting Systems Schiene 5/41, 4,40m Alu;BAB GREENVISION;;;139;19,29;MOUNTING;;800-1408;;0
PVMS0055;Mounting Systems Endkappe lang f. GS 5/41 schwarz;BAB GREENVISION;;;70;1,02;MOUNTING;;720-1894;;0,01784
PVMS0062;Mounting Systems Schiene 1/15 mit EPDM, 0,10m, ohne Schr.;BAB GREENVISION;;;60;0,66;MOUNTING;;720-1627;;0,02855
PVMS0070;Mounting Systems Schiene 4/32 inkl. EPDM, 0,395m;BAB GREENVISION;;;205;2,79;MOUNTING;;720-1939;;0,29
PVMS0072;Mounting Systems Dünnblechschraube 5,5x25mm ;BAB GREENVISION;;;400;0,61;MOUNTING;;720-1188;;0,0056
PVMS0102;Mounting Systems Verbinder innen f. Schiene 5/41 ;BAB GREENVISION;;;217;2,03;MOUNTING;;720-1739;;0,1938
PVMS0107;Mounting Systems Verbinder CCS-Schiene vormontiert;BAB GREENVISION;;;10;1,02;MOUNTING;;720-1664;;0,056
PVMS0109;Mounting Systems KS Verb.48x31, vm;BAB GREENVISION;;;245;1,52;MOUNTING;;720-1625;;0,072
PVMS0206;Mounting Systems Mittelklemme 30-40mm & EC Alu;BAB GREENVISION;;;23;0,76;MOUNTING;;720-1614;;0,06
PVMS0209;Mounting Systems Mittelklemme 30-40mm & EC sw;BAB GREENVISION;;;180;1,78;MOUNTING;;720-1617;;0,04808
PVMS0212;Mounting Systems Endklemme 30-40mm Alu;BAB GREENVISION;;;20;1,22;MOUNTING;;720-1327;;0,0538
PVMS0318;Mounting Systems Stockschraube M10x200 komplett-auf Holz;BAB GREENVISION;;;500;1,62;MOUNTING;;720-1184;4043377226815;0,123
PVMS0320;Mounting Systems Stockschraube M12x300 komplett-auf Holz;BAB GREENVISION;;;31;4,06;MOUNTING;;720-1311;;0,2608
PVMS0335;Mounting Systems Holzschraube 6x80 Dachhaken;BAB GREENVISION;;;500;0,25;MOUNTING;;720-1636;;0,01148
PVMS0340;Mounting Systems Befestigung Schiene (Hammerkopfschr. & Mutter);BAB GREENVISION;;;48;0,46;MOUNTING;;720-1312;4056835238978;0,02
PVMS0341;Mounting Systems Winkel Stockschraube M10;BAB GREENVISION;;;32;1,57;MOUNTING;;720-1641;;0,1136
PVMS0342;Mounting Systems Winkel Stockschraube M12;BAB GREENVISION;;;30;2,59;MOUNTING;;720-1642;;0,1112
PVMS0343;Mounting Systems Winkel Biber/Schiefer/Falzklemme M8;BAB GREENVISION;;;30;2,03;MOUNTING;;720-1651;;0,06004
PVMS0345;Mounting Systems Fixanker Beton M10x110mm;BAB GREENVISION;;;33;5,02;MOUNTING;;720-1639;;0,0699
PVMS0426;Mounting Systems Querverstrebung Dreiecke pur;BAB GREENVISION;;;5;5,99;MOUNTING;;721-0294;;0,52
PVMS0501;Mounting Systems Vorderer Stütze 10°,15°, 60mm, bg;BAB GREENVISION;;;2;2,18;MOUNTING;;720-1962;;0,27
PVMS0506;Mounting Systems Hintere Stütze, 10°, 60mm, bg;BAB GREENVISION;;;2;2,79;MOUNTING;;720-1963;;0,404
PVMS0520;Mounting Systems Bodenschiene 66x10,7mm- 2,393m;BAB GREENVISION;;;16;10,40;MOUNTING;;720-1967;;1,026
PVMS0528;Mounting Systems Hammerkopf M8x20 für Ballastwinkel;BAB GREENVISION;;;15;0,27;MOUNTING;;720-1637;;0,013
PVMS0529;Mounting Systems Mutter M8 für Ballastwinkel;BAB GREENVISION;;;16;0,27;MOUNTING;;720-1640;;0,008
PVMS0531;Mounting Systems Bautenschutzmatte Alu 370x150mm;BAB GREENVISION;;;34;1,37;MOUNTING;;720-1692;;0,342
PVMS0534;Bodenschiene 66x10,7mm-0,151m;BAB GREENVISION;;;6;2,54;MOUNTING;;720-2033;;0,065
PVMS0604;Mounting Systems Fixierungsschiene;BAB GREENVISION;;;22;28,42;MOUNTING;;720-1931;;2,45
PVMS0605;Mounting Systems hinterer Windabweiser, L=1861mm;BAB GREENVISION;;;203;16,75;MOUNTING;;720-1866;;3,0134
PVMS0614;Mounting Systems Seitenabweiser EW XL- 2277mm;BAB GREENVISION;;;97;9,39;MOUNTING;;720-1924;;1,33
PVMS0620;Mounting Systems 15° Grundschiene Süd- 1265mm;BAB GREENVISION;;;132;9,39;MOUNTING;;720-1872;;0,84
PVMS0622;Mounting Systems Grundschiene EW XL- 2287mm;BAB GREENVISION;;;183;17,26;MOUNTING;;720-1922;;1,75
PVMS0623;Mounting Systems Adapter Windabweiser 40mm;BAB GREENVISION;;;465;0,76;MOUNTING;;720-1882;;0,0825
PVMS0624;Mounting Systems Schienenabdeckung EW- 430mm;BAB GREENVISION;;;20;1,73;MOUNTING;;720-1870;;0,0616
PVMS0626;Mounting Systems 15° Schienenabdeckung Süd- 710mm;BAB GREENVISION;;;28;2,54;MOUNTING;;720-1865;;0,1028
PVMS0628;Mounting Systems Inbusschraube M6x35/24;BAB GREENVISION;;;28;0,22;MOUNTING;;720-1899;;0,00908
PVMS0629;Mounting Systems Inbusschraube M6x16;BAB GREENVISION;;;29;0,09;MOUNTING;;720-1884;;0,0056
PVMS0630;Mounting Systems Unterlegscheibe M6;BAB GREENVISION;;;29;0,02;MOUNTING;;720-1885;;0,0008
PVMS0631;Mounting Systems Schraube f. Metall 5,5x13;BAB GREENVISION;;;29;0,15;MOUNTING;;720-1883;;0,00388
PVMS0632;Mounting Systems Kugelsperrbolzen 6x50mm;BAB GREENVISION;;;326;1,32;MOUNTING;;720-1892;;0,01588
PVMS0633;Mounting Systems Gummiunterlage- 250mm;BAB GREENVISION;;;430;3,50;MOUNTING;;720-1921;;0,1939
PVMS0635;Mounting Systems Verb. Profil 15° S- L=1,293m;BAB GREENVISION;;;3;12,43;MOUNTING;;720-1919;;1,052
PVMS0637;Mounting Systems Verbindungsschiene, L=250mm;BAB GREENVISION;;;132;2,33;MOUNTING;;720-1915;;0,2065
PVMS0638;Mounting Systems Verbindungsschiene OW, L=800mm;BAB GREENVISION;;;195;7,61;MOUNTING;;720-1916;;0,675
PVMS0639;Mounting Systems Verbindungsschiene Süd;BAB GREENVISION;;;1;5,58;MOUNTING;;720-1918;;0,481
PVMS0640;Mounting Systems Stütze Flachdach 10°/15°;BAB GREENVISION;;;122;15,23;MOUNTING;;720-1873;;1,11
PVMS0642;Mounting Systems Verbindungsschiene S 15°- L=1080mm;BAB GREENVISION;;;275;18,78;MOUNTING;;720-2024;;0,904
PVMS0643;Mounting Systems Schienenabdeckung S 15°- L=480mm;BAB GREENVISION;;;500;6,60;MOUNTING;;720-2028;;0,1728
PVMS0719;Mounting Systems Solarfix Bolt M10x150;BAB GREENVISION;;;35;8,12;MOUNTING;;720-1947;;0,157
PVMS0826;Mounting Systems Solarfix 12mm;BAB GREENVISION;;;21;26,39;MOUNTING;;720-1942;;0,59167
PVMS0827;Mounting Systems Solarfix Bitumen Rosette- x WB 19.12;BAB GREENVISION;;;28;13,20;MOUNTING;;720-1977;;1,14167
PVMS0828;Mounting Systems Abstandslehre M5- x WB 17.12;BAB GREENVISION;;;20;52,27;MOUNTING;;712-0281;;0,631
PVSA0003;AIKO Neostar 3S+ G3-A-MCE54DB 470W;BAB GREENVISION;;;3;201,99;AIKO;AIKO;;;0
PVSEN003;SOL-50 Horizontalendkappe Alu schwarz;BAB GREENVISION;;;281;3,32;SEN;Sen Energiesysteme;104035;;0,0244
PVSEN005;SOL-50 XL-Vertikalprofil 4m pressblank;BAB GREENVISION;;;300;43,53;SEN;Sen Energiesysteme;103005;;0
PVSEN008;SOL-50 VarioDuo-Tragarm vormontiert;BAB GREENVISION;;;300;10,93;SEN;Sen Energiesysteme;105115/20;;0,292
PVSEN010;SOL-50 5,5x22mm Bohrschraube Alu / Alu Edelstahl;BAB GREENVISION;;;500;0,36;SEN;Sen Energiesysteme;6380508301;4061245025452;0,00463
PVSEN013;SOL-50 XL-Vertikalverbinder 2x100mm;BAB GREENVISION;;;500;1,14;SEN;Sen Energiesysteme;F10240/0;;0,02113
PVSEN017;SOL-50 Vertikalendkappe Kunststoff schwarz;BAB GREENVISION;;;310;1,23;SEN;Sen Energiesysteme;104055;;0,012
PVSEN019;SOL-50 XXL-Vertikalprofil 4m pressblank;BAB GREENVISION;;;1;47,06;SEN;Sen Energiesysteme;103205;;0
PVSG0032;Sungrow SBR032-V13 3.2 kWh battery module;BAB GREENVISION;;;2;1164,71;SUNGROW;Sungrow;ASA00460;6976922480357;36,68
PVSG0033;Sungrow SBR Accessory V112;BAB GREENVISION;;;6;539,98;SUNGROW;Sungrow;AST05151;;39,4
PVSG0034;Sungrow SBR Accessory V114;BAB GREENVISION;;;11;539,98;SUNGROW;Sungrow;AST03129;6976922480371;21,44
PVSG0072;Sungrow Hybrid-Wechselrichter SH10.0RT-V112;BAB GREENVISION;;;2;1015,00;SUNGROW;Sungrow;ASH00107;;36,45
PVSG0073;Sungrow SMR032 - Leermodul;BAB GREENVISION;;;17;35,53;SUNGROW;Sungrow;ASA00613;;12,22
PVSG0074;Sungrow Battery BUNDLE - 6,4 kWH;BAB GREENVISION;;;1;2639,00;SUNGROW;Sungrow;;;0
PVSG0075;Sungrow Battery BUNDLE - 6,4 kWH;BAB GREENVISION;;;1;2639,00;SUNGROW;Sungrow;;;0
PVSJ0004;Jolywood Solarpanel HD108N-R2-500W Transparent Black;BAB GREENVISION;;;219;162,40;JOLYWOOD;Jolywood;JW-HD108N-R2-500;2010000030448;28,01351
PVSJ0006;Jolywood Solarpanel HD108N-R2-500W Transparent Black / Palette;BAB GREENVISION;;;5;2215,75;JOLYWOOD;Jolywood;;0756893004464;0
PVSJ0008;Jolywood Solarpanel JW-HD96N-R2-460W Transparent Black;BAB GREENVISION;;;15;192,85;JOLYWOOD;Jolywood;JW-HD96N-R2-460W;;0
PVSJ0010;Jolywood Solarpanel JW-HD108N-R2-505W Transparent Black;BAB GREENVISION;;;28;152,25;JOLYWOOD;Jolywood;JW-HD108N-R2-505W;;0
PVSL0002;Luxor ECO LINE M108 Glas/Folie 425Wp;BABHOME;DV;;10;90,34;LUXOR;Luxor;LX-425 M108;4262431421731;20,7
PVSS0001;Sunpro Solarmodul BC Full Black 475W;BAB GREENVISION;;;500;252,74;SUNPRO;Sunpro;SPDG475-BC108RL10;;0
PVSS0002;Sunpro Solarmodul BC Full Black 475W / Palette;BAB GREENVISION;;;20;9098,46;SUNPRO;Sunpro;SPDG475-BC108RL10 | PALETTE;;0
PVST0003;Trina Solar TS4 Buchse (female) 4,0 - 6,0 mm²;BAB GREENVISION;;;5;0,51;TRINASOLAR;Trina Solar;7A000983;;0,013
PVST0009;Trina Solar Vertex S+ TSM-445NEG9R.28 445 WP;BAB GREENVISION;;;5;81,20;TRINASOLAR;Trina Solar;TSM-445NEG9R.28;;22,65
PVST1000;Tigo PV Optimierer - TS4-A-0 | 700W;BAB GREENVISION;;;500;28,93;TIGO;Tigo;TS4-A-O;;0,608
PVST9004;ABB CT Klemme 200A/5A;BAB GREENVISION;;;1;13,20;ABB;ABB;;4013614376870;0,32
PVST9006;MC4 MALE KBT4/10II-UR;BAB GREENVISION;;;98;0,51;STÄ;Stäubli;MC4 MALE KBT4/10II-UR;;0,01258
PVST9007;MC4 FEMALE KBT4/10II-UR;BAB GREENVISION;;;99;1,67;STÄ;Stäubli;MC4 FEMALE KBT4/10II-UR;;0,01161
RAM4C0109;Crucial Pro DDR4 - 32GB 3200 DIMM KIT 2x16GB (CP2K16G4DFRA32A);SPEICHER;DDR4;;35;185,75;CRUCIAL;Crucial;CP2K16G4DFRA32A;649528937780;0,109
RAM4C0110;Crucial DDR4 16GB 3200 CL22 TRAY (CP16G4DFRA32AT);SPEICHER;DDR4;;16;106,88;CRUCIAL;Crucial;CP16G4DFRA32AT;0649528937735;0,032
RAM4G0000;G.Skill DDR5 32GB PC 6000 CL28 G.Skill KIT (2x16GB) TR5NS NEO RGB;SPEICHER;DDR5;;20;505,47;G.SKILL;G.Skill;F5-6000J2836G16GX2-TR5NS;4713294236753;0,133
RAM4G0001;G.Skill AEGIS - DDR4 - 8 GB - DIMM 288-PIN;SPEICHER;DDR4;;10;50,55;G.SKILL;G.Skill;F4-3000C16S-8GISB;4719692013439;0,034
RAM4G0002;G.Skill AEGIS - DDR4 - 16 GB 2x8 GB;SPEICHER;DDR3;;5;97,14;G.SKILL;G.Skill;F4-3000C16D-16GISB;4719692013446;0,068
RAM4G0003;G.Skill AEGIS - DDR4 - 16 GB - DIMM 288-PIN;SPEICHER;DDR4;;4;95,41;G.SKILL;G.Skill;F4-3000C16S-16GISB;4719692013453;0,035
RAM4G0004;G.Skill AEGIS - DDR4 - 32 GB 2x16 GB;SPEICHER;DDR3;;34;177,63;G.SKILL;G.Skill;F4-3000C16D-32GISB;4719692013460;0,069
RAM4G0006;G.Skill Ripjaws V - DDR4 - 16 GB 2x8 GB;SPEICHER;DDR4;;10;122,31;G.SKILL;G.Skill;F4-3200C16D-16GVKB;4719692004970;0,123
RAM4G0011;G.Skill Ripjaws V - DDR4 - 16 GB 2x8 GB;SPEICHER;DDR3;;21;129,92;G.SKILL;G.Skill;F4-3200C16D-16GVGB;4719692006417;0,124
RAM4G0014;G.Skill TridentZ RGB Series - DDR4 - 16 GB;SPEICHER;DDR3;;46;116,01;G.SKILL;G.Skill;F4-3200C16D-16GTZR;4719692015198;0,186
RAM4G0015;G.Skill TridentZ RGB Series - DDR4 - 32 GB;SPEICHER;DDR3;;25;211,12;G.SKILL;G.Skill;F4-3200C16D-32GTZR;4719692015396;0,185
RAM4G0016;G.Skill TridentZ RGB Series - DDR4 - 16 GB;SPEICHER;DDR3;;14;147,18;G.SKILL;G.Skill;F4-3000C16D-16GTZR;4719692015457;0,19
RAM4G0020;G.Skill Value Series - DDR4 - 4 GB;SPEICHER;DDR3;;5;44,96;G.SKILL;G.Skill;F4-2133C15S-4GNT;4719692006844;0
RAM4G0022;G.Skill Value Series - DDR4 - 8 GB 2x4 GB;SPEICHER;DDR3;;1;73,08;G.SKILL;G.Skill;F4-2133C15D-8GNT;4719692006851;0,062
RAM4G0030;G.Skill AEGIS - DDR4 - 16 GB - PC2666;SPEICHER;DDR3;;32;95,41;G.SKILL;G.Skill;F4-2666C19S-16GIS;4713294220998;0,0364
RAM4G0031;G.Skill Ripjaws V - DDR4 - 32 GB 2x16 GB;SPEICHER;DDR3;;3;177,63;G.SKILL;G.Skill;F4-3200C16D-32GVK;4719692007018;0,122
RAM4G0032;G.Skill Value Series DDR4 8 GB DIMM 288-PIN;SPEICHER;DDR3;;7;49,23;G.SKILL;G.Skill;F4-2666C19S-8GNT;4719692019950;0,03
RAM4G0033;G.Skill AEGIS - DDR4 - 8 GB - PC3200;SPEICHER;DDR4;;5;51,16;G.SKILL;G.Skill;F4-3200C16S-8GIS;4713294224378;0,035
RAM4G0034;G.Skill AEGIS - DDR4 - 16 GB - PC3200;SPEICHER;DDR3;;14;101,50;G.SKILL;G.Skill;F4-3200C16D-16GIS;4713294224385;0,066
RAM4G0035;G.Skill AEGIS - DDR4 - 16 GB - PC3200;SPEICHER;DDR4;;11;94,29;G.SKILL;G.Skill;F4-3200C16S-16GIS;4713294224408;0,035
RAM4G0036;G.Skill AEGIS - DDR4 - 32 GB - PC3200;SPEICHER;DDR4;;19;181,69;G.SKILL;G.Skill;F4-3200C16D-32GIS;4713294224415;0,065
RAM4G0037;G.Skill Ripjaws V - DDR4 - 32 GB 2x16 GB;SPEICHER;DDR3;;9;206,05;G.SKILL;G.Skill;F4-3600C16D-32GVKC;4713294223623;0,132
RAM4G0039;G.Skill TridentZ Neo Series - DDR4 - 16 GB;SPEICHER;DDR3;;25;127,89;G.SKILL;G.Skill;F4-3600C16D-16GTZNC;4713294223449;0,0182
RAM4G0050;G.Skill DDR4 32GB PC 3600 CL18 KIT (2x16GB) 32GVK Ripjaws;SPEICHER;DDR4;;30;208,58;G.SKILL;G.Skill;F4-3600C18D-32GVK;4713294223104;0,12
RAM4G0051;G.Skill DDR4 32GB PC 4000 CL18 KIT (2x16GB) 32GVK Ripjaws;SPEICHER;DDR4;;14;258,83;G.SKILL;G.Skill;F4-4000C18D-32GVK;4713294224149;0,12
RAM4G0052;G.Skill DDR4 32GB PC 3600 CL18 KIT (2x16GB) 32GTZR Tri/RGB;SPEICHER;DDR4;;35;223,30;G.SKILL;G.Skill;F4-3600C18D-32GTZR;4713294223081;0,19
RAM4G0053;G.Skill Ripjaws V - DDR4 - 16 GB;SPEICHER;DDR3;;88;86,17;G.SKILL;G.Skill;F4-3200C22S-16GRS;4713294226648;0,028
RAM4G0055;G.Skill Ripjaws - DDR4 - 16 GB 2x8 GB;SPEICHER;DDR3;;76;94,90;G.SKILL;G.Skill;F4-3200C22D-16GRS;4713294226631;0,026
RAM4G0056;G.Skill Ripjaws - DDR4 - 32 GB 2x16 GB;SPEICHER;DDR3;;64;159,36;G.SKILL;G.Skill;F4-2400C16D-32GRS;4719692007681;0,054
RAM4G0057;G.Skill DDR4 32GB PC 6000 CL22 KIT (2x16GB) 32GRS Ripjaws;SPEICHER;DDR4;;75;171,54;G.SKILL;G.Skill;F4-3200C22D-32GRS;4713294226655;0,054
RAM4G0058;G.Skill Ripjaws - DDR4 - 8 GB ;SPEICHER;DDR3;;9;52,78;G.SKILL;G.Skill;F4-3200C22S-8GRS;4713294226624;0,028
RAM4G0059;G.Skill AEGIS - DDR4 - 8 GB 2400 CL17;SPEICHER;DDR3;;32;52,68;G.SKILL;G.Skill;F4-2400C17S-8GIS;4719692017727;0,036
RAM4G0060;G.Skill Value Series DDR4 16 GB  2x8GB 2666 CL19;SPEICHER;DDR3;;4;111,65;G.SKILL;G.Skill;F4-2666C19D-16GNT;4719692019967;0,062
RAM4G0061;G.Skill Ripjaws V - DDR4 - 16 GB 3200 CL16;SPEICHER;DDR4;;5;104,55;G.SKILL;G.Skill;F4-3200C16S-16GVK;4719692007506;0,088
RAM4G0063;G.Skill SO-DIMM Ripjaws - DDR4 - 16 GB 2x8 GB 2400 CL16;SPEICHER;DDR4;;66;100,49;G.SKILL;G.Skill;F4-2400C16D-16GRS;4719692007667;0,048
RAM4K0015;Kingston FURY Beast DDR4-3200-16GB KIT (KF432C16BBK2/16);SPEICHER;DDR4;;2;129,01;KINGSTON;Kingston;KF432C16BBK2/16;0740617319903;0,096
RAM4K0057;Kingston Fury BEAST RGB - DDR4-KIT-16GB - 2X8GB (KF436C18BB2A/16);SPEICHER;DDR4;;7;119,01;KINGSTON;Kingston;KF436C18BB2A/16;0740617337426;0,07552
RAM4K0058;Kingston FURY Beast RGB - DDR4-16GB - 2x8GB - (KF432C16BB2AK2/16);SPEICHER;DDR4;;18;149,91;KINGSTON;Kingston;KF432C16BB2AK2/16;0740617337532;0,14147
RAM4K0060;Kingston Fury Renegade - DDR4-KIT-16GB - 2X8GB (KF436C16RB2K2/16);SPEICHER;DDR4;;4;145,00;KINGSTON;Kingston;KF436C16RB2K2/16;0740617337815;0,136
RAM4L0006;Lexar DDR4-3200 SO-DIMM 16GB;SPEICHER;DDR3;;200;108,85;LEXAR;Lexar;LD4AS016G-B3200GSST;0843367123773;0,02625
RAM4L0017;Lexar DDR4-3200 SO-DIMM 8GB;SPEICHER;DDR3;;133;60,63;LEXAR;Lexar;LD4AS008G-B3200GSST;0843367123766;0,02625
RAM4L0036;Lexar DDR4 8GB 288 PIN U-DIMM 3200Mhz, CL22, 1.2V- BLISTER Package;SPEICHER;DDR4;;80;60,63;LEXAR;Lexar;LD4U08G32C22ST-BGS;843367132768;0,033
RAM4L0037;Lexar DDR4 16GB 288 PIN U-DIMM 3200Mhz, CL22, 1.2V- BLISTER Package;SPEICHER;DDR4;;14;102,67;LEXAR;Lexar;LD4U16G32C22ST-BGS;843367132775;0,0356
RAM4L0038;Lexar DDR5 16GB 262 PIN So-DIMM 5600Mhz, CL46, 1.1V- BLISTER Package;SPEICHER;DDR5;;87;179,53;LEXAR;Lexar;LD5S16G56C46ST-BGS;843367132454;0,0234
RAM4L0039;Lexar SO-DIMM 16GB, DDR5-5600, CL46-45-45-90;SPEICHER;DDR5;;100;179,53;LEXAR;Lexar;LD5S16G56C46ST-HGN;;0,01136
RAM4L0040;Lexar DDR5 16GB 288 PIN U-DIMM 5600Mhz, CL46, 1.1V- BLISTER Package;SPEICHER;DDR5;;140;179,53;LEXAR;Lexar;LD5U16G56C46ST-BGS;843367132782;0,0322
RAM4L0041;Lexar THOR 2.0 DDR5 6000 CL38 1.3V Memory with heatsink and RGB lighting, Black Color, Dual pack;SPEICHER;DDR5;;9;354,73;LEXAR;Lexar;LD5U16G60C38BV-RGD;843367140671;0,194
RAM5C0004;Crucial DDR5 - 16GB 5600 DIMM (CT16G56C46U5);SPEICHER;DDR3;;7;165,95;CRUCIAL;Crucial;CT16G56C46U5;649528929730;0,02938
RAM5C0021;Crucial DDR5 - 64GB 4800 SO-DIMM KIT 2x32GB (CT2K32G48C40S5);SPEICHER;DDR5;;16;486,19;CRUCIAL;Crucial;CT2K32G48C40S5;0649528906564;0,029
RAM5C0022;Crucial Pro DDR5-5600 Kit 32GB 2x16GB UDIMM CL46 (16Gbit);SPEICHER;DDR5;;3;338,00;CRUCIAL;Crucial;CP2K16G56C46U5;0649528937803;0,122
RAM5C0025;Corsair Vengeance RGB DDR5 - KIT 32GB-2X16GB -(CMH32GX5M2B6400Z36);SPEICHER;DDR5;;34;450,00;COR;Corsair;CMH32GX5M2B6400Z36;0840440492573;0,1464
RAM5C1008;Corsair Vengeance - DDR5 - Kit - 32 GB: 2 x 16 GB (CMK32GX5M2B6000C38);SPEICHER;DDR5;;6;349,01;COR;Corsair;CMK32GX5M2B6000C38;0840006684442;0,104
RAM5C1013;Corsair Vengeance - DDR5 - Kit - 48 GB: 2 x 24 GB (CMK48GX5M2B6400C36);SPEICHER;DDR5;;25;465,00;COR;Corsair;CMK48GX5M2B6400C36;0840006667216;0,104
RAM5C1016;Corsair Vengeance RGB - DDR5 - Kit - 32 GB: 2 x 16 GB (CMH32GX5M2B6400C36);SPEICHER;DDR5;;2;395,01;COR;Corsair;CMH32GX5M2B6400C36;0840006666073;0,1444
RAM5C1019;Corsair Vengeance RGB - DDR5 - Kit - 48 GB: 2 x 24 GB (CMH48GX5M2B6400C36);SPEICHER;DDR5;;12;425,00;COR;Corsair;CMH48GX5M2B6400C36;0840006667193;0,134
RAM5G0000;G.Skill DDR5 64GB PC 6000 CL30 G.Skill KIT (2x32GB) 64-TZ5RK RGB;SPEICHER;DDR5;;9;786,63;G.SKILL;G.Skill;F5-6000J3040G32GX2-TZ5RK;4713294231949;0,18
RAM5G0004;G.Skill Trident Z5 - DDR5 - 64 GB 2x 32GB Kit;SPEICHER;DDR5;;34;669,90;G.SKILL;G.Skill;F5-6000J3636F32GX2-TZ5RK;4713294233547;0,19
RAM5G0006;G.Skill DDR5 32GB PC 6000 CL32  KIT (2x16GB) 32-RS5K;SPEICHER;DDR5;;2;396,87;G.SKILL;G.Skill;F5-6000J3238F16GX2-RS5K;4713294231833;0,122
RAM5G0007;G.Skill DDR5 32GB PC 6000 CL36  KIT (2x16GB) 32-TZ5RK;SPEICHER;DDR5;;10;350,18;G.SKILL;G.Skill;F5-6000J3636F16GX2-TZ5RK;4713294230720;0,18
RAM5G0008;G.Skill DDR5 32GB PC 6400 CL32 KIT (2x16GB) 32-TZ5RK;SPEICHER;DDR5;;59;390,78;G.SKILL;G.Skill;F5-6400J3239G16GX2-TZ5RK;4713294231369;0,176
RAM5G0009;G.Skill DDR5 32GB PC 6000 CL32 (2x16GB) 32-GX2-FX5 FLARE AMD;SPEICHER;DDR5;;65;368,45;G.SKILL;G.Skill;F5-6000J3238F16GX2-FX5;4713294232656;0,122
RAM5G0010;G.Skill DDR5 32GB PC 6000 CL36 (2x16GB) 32-GX2-FX5 FLARE AMD;SPEICHER;DDR5;;15;331,91;G.SKILL;G.Skill;F5-6000J3636F16GX2-FX5;4713294232687;0,128
RAM5G0011;G.Skill DDR5 32GB PC 6000 CL30 (2x16GB) 32-GX2-FX5 FLARE AMD;SPEICHER;DDR5;;65;370,48;G.SKILL;G.Skill;F5-6000J3038F16GX2-FX5;4713294230539;0,122
RAM5G0013;G.Skill DDR5 32GB PC 6000 CL32 (2x16GB) 32-GX2-TZ5NR AMD EX;SPEICHER;DDR5;;4;392,81;G.SKILL;G.Skill;F5-6000J3238F16GX2-TZ5NR;4713294232649;0,176
RAM5G0015;G.Skill DDR5 64GB PC 6000 CL30 (2x32GB) 64-GX2-TZ5N AMD EX;SPEICHER;DDR5;;16;776,48;G.SKILL;G.Skill;F5-6000J3040G32GX2-TZ5N;4713294232755;0,178
RAM5G0016;G.Skill DDR5 64GB PC 6000 CL30 (2x32GB) 64-GX2-TZ5NR AMD E;SPEICHER;DDR5;;7;701,37;G.SKILL;G.Skill;F5-6000J3040G32GX2-TZ5NR;4713294232762;0,18
RAM5G0018;G.Skill DDR5 32GB PC 6400 CL32 G.Skill (2x16GB) 32-GX2-TZ5NR AMD;SPEICHER;DDR5;;24;431,38;G.SKILL;G.Skill;F5-6400J3239G16GX2-TZ5NR;4713294234575;0,188
RAM5G0019;G.Skill Ripjaws S5 schwarz - DDR5 - 32 GB KIT (2x16GB);SPEICHER;DDR5;;28;415,14;G.SKILL;G.Skill;F5-6000J3040F16GX2-RS5K;4713294232120;0,12
RAM5G0020;G.Skill DDR5 64GB PC 6000 CL36 (2x32GB) 64-GX2-FX5 FLARE AMD;SPEICHER;DDR5;;31;685,13;G.SKILL;G.Skill;F5-6000J3636F32GX2-FX5;4713294237637;0,128
RAM5G0021;G.Skill DDR5 64GB PC 6000 CL28 (2x32GB) 64-GX2-FX5 FLARE AMD;SPEICHER;DDR5;;16;861,74;G.SKILL;G.Skill;F5-6000J2836G32GX2-FX5;4713294237934;0,13
RAM5G0022;G.Skill Trident Z5 6800 CL34 - DDR5 - 64 GB 2x32 GB;SPEICHER;DDR5;;7;923,65;G.SKILL;G.Skill;F5-6800J3445G32GX2-TZ5RK;4713294230355;0,182
RAM5G0023;G.Skill Trident Z5 6800 CL34 - DDR5 - 64 GB 2x32 GB;SPEICHER;DDR5;;8;439,50;G.SKILL;G.Skill;F5-6000J3040F16GX2-TZ5RK;4713294232069;0,192
RAM5G0024;G.Skill Ripjaws S5 6000 CL36 - DDR5 - 64 GB KIT (2x32GB);SPEICHER;DDR5;;33;671,93;G.SKILL;G.Skill;F5-6000J3636F32GX2-RS5K;4713294233868;0,122
RAM5G0025;G.Skill DDR5 32GB PC 6000 CL36 (2x32GB) 32-GX2-FX5 FLARE;SPEICHER;DDR5;;43;674,98;G.SKILL;G.Skill;F5-6000J3636F32GX2-FX5W;4713294237644;0,128
RAM5G0026;G.Skill Trident Z5 8000 CL38 - DDR5 - 32 GB 2x16 GB;SPEICHER;DDR5;;7;517,14;G.SKILL;G.Skill;F5-8000J3848H16GX2-TR5NS;4713294236807;0,248
RAM5G0027;G.Skill Trident Z5 6400 CL32 - DDR5 - 32 GB 2x16 GB;SPEICHER;DDR5;;22;401,94;G.SKILL;G.Skill;F5-6400J3239G16GX2-TZ5K;4713294231345;0,186
RAM5G0028;G.Skill DDR5 32GB PC 6000 CL32 (2x16GB) 32-GX2-FX5 FLARE AMD;SPEICHER;DDR5;;16;449,65;G.SKILL;G.Skill;F5-6000J2836G16GX2-FX5;4713294237590;0,122
RAM5G0030;G.Skill DDR5 64GB PC 6000 CL30 (2x32GB) FLARE;SPEICHER;DDR5;;3;797,79;G.SKILL;G.Skill;F5-6000J3040G32GX2-FX5;4713294233424;0,128
RAM5K0015;Kingston FURY IMPACT SODIMM - DDR5-KIT-64GB-2x32 (KF548S38IBK2-64);SPEICHER;DDR5;;3;645,00;KINGSTON;Kingston;KF548S38IBK2-64;0740617326130;0,048
RAM5K0043;Kingston FURY BEAST - DDR5 - 32GB (KF556C36BBE2-32);SPEICHER;DDR5;;28;375,00;KINGSTON;Kingston;KF556C36BBE2-32;0740617350180;0,054
RAM5K0044;Kingston FURY BEAST RGB - DDR5-KIT-64GB-2x32 (KF556C40BBAK2-64);SPEICHER;DDR5;;19;750,00;KINGSTON;Kingston;KF556C40BBAK2-64;0740617328509;0,122
RAM5K0045;Kingston FURY BEAST - DDR5 - 64GB KIT 2x32 (KF556C36BBE2K2-64);SPEICHER;DDR5;;12;725,00;KINGSTON;Kingston;KF556C36BBE2K2-64;0740617350173;0,094
RAM5L0006;Lexar Ares DDR5 2x16GB 6800 Heatsink;SPEICHER;DDR5;;20;481,35;LEXAR;Lexar;LD5U16G68C34LA-RGD;843367133543;0,2
RAM5L0009;Lexar DDR5-6000 DIMM 2x16GB THOR Gaming;SPEICHER;DDR4;;100;348,41;LEXAR;Lexar;LD5U16G60C38LG-RGD;843367136094;0,218
REFD0002;Dell WD19S Dockingstation | 130W - Refurbished;REF;GRADE A;;127;50,75;DELL;Dell;WD19S130W;5397184513972;1,42
REFH0002;HP USB-C/A Universal Dock G2 - Refurbished;REF;GRADE A;;37;41,62;REFURB;Refurb®;5TW13AA#ABB*;;1,519
REFL0001;Lenovo ThinkPad T14 G5 (14");REF;NEW OPEN BOXED;;8;1218,00;REFURB;Refurb®;21MMSGBC00-L5;;2,4
REFL0002;Lenovo ThinkPad T16 G3 (16");REF;NEW OPEN BOXED;;10;1197,70;REFURB;Refurb®;21MQS1UM00-L5;;3,15
REFL0003;Lenovo ThinkPad T14 (14") - Refurbished;REF;GRADE A;;192;213,15;LENOVO;Lenovo;20S1-S35G00;7435110112153;2,4
REFL0004;Lenovo ThinkPad Thunderbolt 3 Workstation Dock 40AN - Refurbished;REF;GRADE A;;48;78,16;REFURB;Refurb®;40AN0135EU*;;1,437
REFL0005;Lenovo ThinkPad USB-C Dock 40AY - Refurbished;REF;GRADE A;;61;71,05;LENOVO;Lenovo;40AY0090EU*;;1,12
REFR0009;Refurb® Lenovo ThinkPad Dockingstation 40A90090EU;REF;GRADE A;;182;33,50;REFURB;Refurb®;RFBP00091060;5713518290584;1,48
REFR0017;Refurb® HP USB-C Dock G4 HSTNH-U601;REF;GRADE A;;107;25,38;REFURB;Refurb®;RFBP00118580;5713518291970;1,107
REFR2000;RETEQ Lenovo ThinkPad Yoga X13 (14");REF;GRADE A;;100;492,28;RETEQ;RETEQ;G209884-008A1;4250563440355;2,32
REFR2001;RETEQ Lenovo ThinkPad USB-C Docking - 40A90090EU;REF;GRADE A;;299;33,50;RETEQ;RETEQ;H303829/001A1;4250563426243;1,158
REFR2002;RETEQ Lenovo ThinkPad Hybrid USB-C Dock - 40AF0135EU;REF;GRADE A;;210;78,16;RETEQ;RETEQ;H304166/001A1;4250563451436;1,494
REFT0004;tecXL HP EliteBook 850 G7 (15,6");REF;GRADE A;;18;400,93;TECXL;tecXL;149997;4262431592554;2,81
REFT0005;tecXL HP EliteDesk 800 G4 MP;REF;GRADE A;;1;274,05;TECXL;tecXL;144880;4260771516346;2,112
REFT0007;tecXL HP EliteDesk 800 G6 MP;REF;GRADE A;;19;355,25;TECXL;tecXL;151591;4262431594756;2,22
REFT0010;tecXL Lenovo ThinkPad T14 Gen2 (14");REF;GRADE A;;18;362,86;TECXL;tecXL;166511;4262504943337;2,48
REFT0012;tecXL Lenovo ThinkCentre M80q MP;REF;GRADE A;;26;356,27;TECXL;tecXL;150736;4262431593452;2,44
REFT0013;tecXL Dell OptiPlex 7070 MP;REF;GRADE A;;7;279,63;TECXL;tecXL;171289;4262504946918;2,46
REFT0014;tecXL HP EliteDesk 800 G4 MP;REF;GRADE A;;1;257,81;TECXL;tecXL;144879;4260771516339;2,24
REFT0017;tecXL Asus BE24WQLB - LED-Monitor - (24.1");REF;GRADE A;;63;50,75;TECXL;tecXL;174992;4262575240144;8,55
REFT0018;tecXL Lenovo ThinkVision T24i - LED-Monitor - (24");REF;GRADE A;;85;58,87;TECXL;tecXL;146066;4262504949742;7,15
REFT0019;tecXL HP ProDesk 600 G4 MT;REF;GRADE A;;30;228,38;TECXL;tecXL;155472;4262431599614;6,2
REFT0020;tecXL Apple MacBook M1 Pro 2021 (14.2");REF;GRADE A;;10;680,05;TECXL;tecXL;177630;4262575242148;2,6
REFT1001;T1A Dell Latitude 5320 (13.3");REF;GRADE A;;60;279,13;T1A;Tier1Asset;L-5320-DE-T103;5711603083851;2,2
REFT1002;T1A Dell Latitude 5430 (14");REF;GRADE B;;59;324,80;T1A;Tier1Asset;L-5430-DE-P101;5711603088023;2,35
REFT1003;T1A Lenovo ThinkPad X1 Carbon Gen 10 (14");REF;GRADE A;;18;543,03;T1A;Tier1Asset;L-X1CG10-DE-T102;5711603087880;2,05
REFT1004;T1A Lenovo ThinkPad X1 Yoga Gen 4 (14");REF;GRADE A;;187;220,26;T1A;Tier1Asset;L-X1YG4-DE-T104;5711603084766;2,26
REFT1005;T1A Lenovo ThinkPad X1 Yoga Gen 5 (14");REF;GRADE A;;71;350,18;T1A;Tier1Asset;L-X1YG5-DE-T103;5711603088016;2,232
REFT1007;T1A Lenovo ThinkPad X1 Carbon Gen 8 (14");REF;GRADE B;;7;385,70;T1A;Tier1Asset;L-X1CG8-DE-P101;5711603098626;1,955
REFT1008;T1A Lenovo ThinkPad X1 Yoga Gen 3 (14");REF;GRADE A;;1;329,88;T1A;Tier1Asset;L-X1Y-DE-T103;5711603074439;2,334
REFT1010;T1A Dell Latitude 5320 (13.3");REF;GRADE B;;14;263,90;T1A;Tier1Asset;L-5320-DE-P103;5711603085060;2,164
REFT1011;T1A Lenovo ThinkPad X1 Yoga Gen 6 (14");REF;GRADE B;;76;446,60;T1A;Tier1Asset;L-X1YG6-DE-P104;5711603086135;0
REFT1012;T1A Lenovo ThinkPad X1 Yoga Gen 7 (14");REF;GRADE A;;59;578,55;T1A;Tier1Asset;L-X1YG7-DE-T104;5711603086197;2,38
REFT1013;T1A Dell Latitude 5420 (14");REF;GRADE A;;45;284,20;T1A;Tier1Asset;L-5420-DE-T104;5711603088276;2,42
REFT1014;T1A Lenovo ThinkPad T14 Gen 2 (14");REF;GRADE A;;73;345,10;T1A;Tier1Asset;L-T14G2-DE-T101;5711603097995;2,38
REFU0009;Upcycle IT Lenovo ThinkCentre M90q Tiny;REF;GRADE A;;25;380,63;UPCYCLE IT;Upcycle IT;DESK-M90Q-TINY-A001;5713552042200;2,166
REFU0013;Upcycle IT HP EliteBook 840 G8 (14");REF;GRADE A;;28;370,48;UPCYCLE IT;Upcycle IT;LAP-840G8-DE-A001;5713552043412;2,22
SDXS0015;SanDisk SDSSDE61-1T00-G25 Extreme Portable 1TB SSD;SSD;SATA;EXTERN;143;143,50;SANDISK;SanDisk;SDSSDE61-1T00-G25;0619659182557;0,123
SDXS0023;SanDisk Extreme Pro Portable SSD 4TB SDSSDE81-4T00-G25;SSD;SATA;EXTERN;28;443,50;SANDISK;SanDisk;SDSSDE81-4T00-G25;0619659184735;0,18
SDXS0028;SanDisk Portable SDSSDE30-1T00-G26 1TB SSD Gen 2;SSD;SATA;EXTERN;500;116,00;SANDISK;SanDisk;SDSSDE30-1T00-G26;0619659204877;0,116
SDXS0033;Samsung Portable 2 TB T5 EVO Black MU-PH2T0S/EU;SSD;SATA;EXTERN;286;209,51;SAMSUNG;Samsung;MU-PH2T0S/EU;8806094905403;0,29
SDXS0034;Samsung Portable 4 TB T5 EVO Black MU-PH4T0S/EU;SSD;SATA;EXTERN;19;342,50;SAMSUNG;Samsung;MU-PH4T0S/EU;8806094905410;0,29
SDXS1020;Samsung Portable SSD MU-PC2T0H/WW T7 2TB Blue;SSD;SATA;EXTERN;152;239,51;SAMSUNG;Samsung;MU-PC2T0H/WW;8806090312403;0,31467
SDXS1022;Samsung Portable SSD T7 MU-PC1T0T/WW 1TB Black ;SSD;SATA;EXTERN;25;158,50;SAMSUNG;Samsung;MU-PC1T0T/WW;8806090351679;0,28267
SDXV0009;Verbatim Metal Mini SSD 1TB USB-C Gen 2 32031;SSD;SATA;EXTERN;39;159,25;VERB;Verbatim;32031;0023942320319;0,145
SHG0003;Govee - Glide Wall Light (4+1);BABHOME;CE;;500;30,78;GOVEE;Govee;B6062 (4+1);6974316994152;1,0925
SHG0013;Govee - Glide Hexa Light Panels - 5 Stück;BABHOME;CE;;500;42,19;GOVEE;Govee;B6061;6974316994251;1,6525
SHG0017;Govee - Gaming Smart Light Bars ;BABHOME;CE;;286;32,53;GOVEE;Govee;H6047;6974316994299;1,63667
SHG0019;Govee - Neon Gaming Table Light - 2m;BABHOME;CE;;467;24,20;GOVEE;Govee;H61C2;6974316994305;0,84167
SHG0020;Govee - PC Monitor Pro Kit for 27-34 inch Monitor;BABHOME;CE;;345;36,49;GOVEE;Govee;H6608;6974316994312;1,36833
SHG0021;Govee - Smart Wifi&BLE Light Bulb 1200lm;BABHOME;CE;;500;13,15;GOVEE;Govee;H60093C1;6974316992745;0,23933
SHG0022;Govee - 20 x clips mounting bracket for neon LED strip H61A1 profiles*;BABHOME;CE;;500;7,19;GOVEE;Govee;H1000001;6974316992295;0,052
SHG0023;Govee - Double Sided Tape (15pcs) for RGBIC Light Panels H6061*;BABHOME;CE;;500;4,54;GOVEE;Govee;H1061001;6974316993070;0,0625
SHG0024;Govee -Glide Hexa Light Panels Expansion Pack (2 Panels) with Linking Cables for Light Panels H6061*;BABHOME;CE;;500;19,79;GOVEE;Govee;H1061002;6974316994466;0,52786
SHG0033;Govee - LED Strip Lights Matter ready 5 Meter*;BABHOME;CE;;500;22,88;GOVEE;Govee;H612ACD1;6974316999911;0,56875
SHG0038;Govee - Smart Wifi&BLE Light Bulb 800lm ;BABHOME;CE;;500;5,63;GOVEE;Govee;H6004CC1;6974316999034;0,11905
SHG0042;Govee - Netflix Envisual TV Backlight 55~65 inch*;BABHOME;CE;;19;48,64;GOVEE;Govee;H6098CD1;6974316999874;0,86875
SHG0043;Govee - Netflix WIFI & Bluetooth Curtain Lighting;BABHOME;CE;;1;62,18;GOVEE;Govee;H70BCCA1;6974316999881;1,4375
SHG0044;Govee - Govee Gaming Wall light*;BABHOME;CE;;110;72,52;GOVEE;Govee;H6063312;6974316999997;2,43125
SHG0052;Govee - Neon Rope Light 2 Bracket - 20 pcs- White*;BABHOME;CE;;500;4,97;GOVEE;Govee;H10D1000;6974316999386;0,046
SHG0053;Govee - Neon Rope Light 2 Clips - 5 pcs - White*;BABHOME;CE;;416;4,97;GOVEE;Govee;H10D2000;6974316999393;0,053
SHG0054;Govee - Neon Rope Light 2 Bracket  - 20 pcs- Black*;BABHOME;CE;;112;4,97;GOVEE;Govee;H10D1001;6974316999409;0,048
SHG0055;Govee - Neon Rope Light 2 Clips - 5 pcs - Black *;BABHOME;CE;;189;4,97;GOVEE;Govee;H10D2001;6974316999416;0,053
SHG0057;Govee - RGBIC RGBIC TV Light Bars for 45-70 inch TVs*;BABHOME;CE;;369;37,35;GOVEE;Govee;H6046311;6974316995098;1,16857
SHG0064;Govee RGBICW Outdoor String Lights;BABHOME;CE;;9;48,92;GOVEE;Govee;H7025CB1;6974316995890;1,48833
SHG0067;Govee RGBICWW Outdoor Spotlights;BABHOME;CE;;111;54,71;GOVEE;Govee;H7093311;6974316993353;2,08
SHG0074;Govee Smart Wireless Meat Thermometer (2-Probe);BABHOME;CE;;500;54,81;GOVEE;Govee;B5192011;6974316996798;0,498
SHG0078;Govee RGBWW Smart LED Bulb (2Packs) E14;BABHOME;CE;;183;10,35;GOVEE;Govee;B600CC02;6974316993360;0,21438
SHG0091;Govee - String Lights 2S - 20M;BABHOME;CE;;2;50,65;GOVEE;Govee;H80C4C42;6974316990642;1,2
SHG0094;Govee - LED Christmas Light 20 Meter;BABHOME;CE;;489;50,65;GOVEE;Govee;H6870341;6974316995784;1,27917
SHG0099;Govee Three-camera TV Backlight 75-85inches;BABHOME;CE;;14;123,73;GOVEE;Govee;R2A81C11;6974316993117;1,48
SHP0012;Philips Hue Bloom gen4 EU/UK black;BABHOME;CE;;7;50,24;PHILIPS;Philips;929002376001;8718699771126;0,825
SHP0016;Philips Hue gradient lightstrip ext EU;BABHOME;CE;;1;37,25;PHILIPS;Philips;929002995001;8719514339989;0,206
SHP0050;Philips Hue - White and Color Ambiance - Tischlampe - LED - Klasse G;BABHOME;CE;;18;97,44;PHILIPS;Philips;929003128501;8719514404595;1,852
SHP0072;Philips Hue White ambiance - LED-Spot-Glühbirne - GU10 - 4.2 W - Klasse E - warmweißes bis kaltweiß;BABHOME;CE;;4;30,96;PHILIPS;Philips;929003666702;8720169230033;0,15
SHP0126;Philips Hue White ambiance - LED-Lampe - Form: B39 - E14 - 4 W (Entsprechung 25 W);BABHOME;CE;;2;40,60;PHILIPS;Philips;929002294404;8719514356733;0,148
SHP0127;Philips Hue White and Colour Ambiance - LED-Lampe - Form: B39 - E14 - 4 W (Entsprechung 25 W);BABHOME;CE;;4;45,68;PHILIPS;Philips;929002294204;8719514356610;0,116
SHP0130;Philips Hue White and Color Ambiance - LED-Lampe - Form: B39 - E14 - 4 W (Entsprechung 25 W);BABHOME;CE;;5;77,14;PHILIPS;Philips;929002294205;8719514356719;0,14
SHP0131;Philips Hue White - LED-Lampe - Form: P45 - E14 - 5.7 W (Entsprechung 40 W);BABHOME;CE;;3;28,93;PHILIPS;Philips;929002440604;8719514356771;0,14
SHP0147;Philips Hue White and Color Ambiance Play extension;BABHOME;CE;;3;45,68;PHILIPS;Philips;915005735501;8718696170809;0,546
SOFM0091;Microsoft 365 Family - Abonnement-Lizenz (1 Jahr) - Digital Key;SOFTWARE;MICROSOFT;;40;77,14;MS;Microsoft;;;0
SOFM0092;Microsoft 365 Single - Abonnement-Lizenz (1 Jahr) - Digital Key;SOFTWARE;MICROSOFT;;315;57,86;MS;Microsoft;;4255809918346;0
SOFN0001;Norton 360 for Gamers;SOFT;;;500;4,90;NORTON;Norton;21436333;5397231022495;0,00483
SSDC0076;HDSSD M.2 (2280) 1TB Crucial P310 Plus NVMe Box;FESTPLATTE;SSD;;1;116,73;CRUCIAL;Crucial;CT1000P310SSD8;0649528942081;0,037
SSDC0078;Crucial P310 Gen4 2280 2TB NVMe PCIe M.2 SSD mit heatsink;FESTPLATTE;SSD;;16;219,24;CRUCIAL;Crucial;CT2000P310SSD5;0649528944771;0,07
SSDK0018;HDSSD 2.5" SA400S37/960G Kingston SSD 960GB A400;FESTPLATTE;SSD;;27;109,51;KINGSTON;Kingston;SA400S37/960G;0740617277357;0,053
SSDK0040;Kingston SNV3S/1000G - SSD - 1 TB - intern - M.2 2280 - PCIe 4.0 x4 (NVMe);FESTPLATTE;SSD;;25;114,00;KINGSTON;Kingston;SNV3S/1000G;740617344790;0,0356
SSDK1002;HDSSD 2,5" 480GB Kioxia Exceria SATA 6Gbit/s;FESTPLATTE;SSD;;138;71,55;KIOXIA;Kioxia;LTC10Z480GG8;4582563851856;0,1157
SSDK1003;HDSSD 2,5" 960GB Kioxia Exceria SATA 6Gbit/s;FESTPLATTE;SSD;;2;117,08;KIOXIA;Kioxia;LTC10Z960GG8;4582563851863;0,1149
SSDK1016;SSD M.2 (2280) Kioxia Exceria Plus G3 NVMe 1TB;FESTPLATTE;SSD;;40;138,77;KIOXIA;Kioxia;LSD10Z001TG8;4582563857872;0,06
SSDK1017;SSD M.2 (2280) Kioxia Exceria Plus G3 NVMe 2TB;FESTPLATTE;SSD;;71;190,37;KIOXIA;Kioxia;LSD10Z002TG8;4582563857889;0,0548
SSDK1023;SSD M.2 (2280) Kioxia Exceria Plus G4 NVMe 1TB;FESTPLATTE;SSD;;34;148,30;KIOXIA;Kioxia;LVD10Z001TG8;4582563859975;0,0564
SSDK1024;SSD M.2 (2280) Kioxia Exceria Plus G4 NVMe 2TB;FESTPLATTE;SSD;;120;196,88;KIOXIA;Kioxia;LVD10Z002TG8;4582563859982;0,0565
SSDK1028;SSD Kioxia Exceria Plus G2 Portable 2TB USB 3.2;FESTPLATTE;SSD;;55;224,63;KIOXIA;Kioxia;LXD20K002TG8;4582563859630;0,158
SSDK1029;SSD M.2 (2280) Kioxia Exceria Basic NVMe 1TB;FESTPLATTE;SSD;;233;125,76;KIOXIA;Kioxia;LSF10Z001TG8;4582761161108;0,0508
SSDK1030;SSD M.2 (2280) Kioxia Exceria Basic NVMe 2TB;FESTPLATTE;SSD;;500;203,38;KIOXIA;Kioxia;LSF10Z002TG8;4582761161115;0,0512
SSDK1033;SSD Kioxia Exceria G3 1TB (PCIe5.0/NVMe);FESTPLATTE;SSD;;123;137,90;KIOXIA;Kioxia;LVC10Z001TG8;4582761161504;0,0512
SSDK1034;SSD Kioxia Exceria G3 2TB (PCIe5.0/NVMe);FESTPLATTE;SSD;;137;200,18;KIOXIA;Kioxia;LVC10Z002TG8;4582761161511;0,0512
SSDK1035;SSD Kioxia Exceria Pro G2 1TB (PCIe5.0/NVMe);FESTPLATTE;SSD;;120;167,39;KIOXIA;Kioxia;LVE10Z1T02G8;4582761160286;0,06
SSDK1036;SSD Kioxia Exceria Pro G2 2TB (PCIe5.0/NVMe);FESTPLATTE;SSD;;56;280,14;KIOXIA;Kioxia;LVE10Z2T04G8;4582761160293;0,06
SSDL0010;SSD M.2 Lexar NM620 256GB NVME PCIe Gen. 3;FESTPLATTE;SSD;;26;61,49;LEXAR;Lexar;LNM620X256G-RNNNG;0843367123148;0,057
SSDL0011;SSD M.2 Lexar NM620 512GB NVME PCIe Gen. 3;FESTPLATTE;SSD;;47;87,16;LEXAR;Lexar;LNM620X512G-RNNNG;0843367123155;0,066
SSDL0012;SSD M.2 Lexar NM620 1TB NVME PCIe Gen. 3;FESTPLATTE;SSD;;95;114,92;LEXAR;Lexar;LNM620X001T-RNNNG;0843367123162;0,07
SSDL0022;Lexar 2TB High Speed NM620 PCIe Gen3 with 4;FESTPLATTE;SSD;;7;216,83;LEXAR;Lexar;LNM620X002T-RNNNG;0843367123179;0,048
SSDL0024;SSD M.2 Lexar 1TB NM710 PCIe Gen4x4 NVMe ;FESTPLATTE;SSD;;8;118,22;LEXAR;Lexar;LNM710X001T-RNNNG;0843367129706;0,066
SSDL0031;SSD M.2 Lexar 1TB PCIe Gen 4X4 NM790 NVMe;FESTPLATTE;SSD;;497;136,16;LEXAR;Lexar;LNM790X001T-RNNNG;0843367130283;0,068
SSDL0032;SSD M.2 Lexar 2TB PCIe Gen 4X4 NM790 NVMe;FESTPLATTE;SSD;;292;184,30;LEXAR;Lexar;LNM790X002T-RNNNG;0843367130290;0,066
SSDL0040;SSD M.2 Lexar 1TB PCIe Gen 4X4 NQ790 NVMe;FESTPLATTE;SSD;;15;115,60;LEXAR;Lexar;LNQ790X001T-RNNNG;0843367132218;0,06783
SSDL0041;SSD M.2 Lexar 2TB PCIe Gen 4X4 NQ790 NVMe;FESTPLATTE;SSD;;328;180,41;LEXAR;Lexar;LNQ790X002T-RNNNG;0843367132225;0,0685
SSDL0042;SSD M.2 Lexar 4TB PCIe Gen 4X4 NQ790 NVMe;FESTPLATTE;SSD;;30;299,22;LEXAR;Lexar;LNQ790X004T-RNNNG;0843367132232;0,06917
SSDL0044;SSD M.2 Lexar 1TB PCIe Gen 5 NM1090 Pro NVMe;FESTPLATTE;SSD;;22;158,72;LEXAR;Lexar;LNM109P001T-RNNNG;0843367136780;0,0612
SSDL0045;SSD M.2 Lexar 2TB PCIe Gen 5 NM1090 Pro NVMe;FESTPLATTE;SSD;;9;253,69;LEXAR;Lexar;LNM109P002T-RNNNG;0843367136797;0,061
SSDL0046;SSD M.2 Lexar 4TB PCIe Gen 5 NM1090 Pro NVMe;FESTPLATTE;SSD;;2;488,30;LEXAR;Lexar;LNM109P004T-RNNNG;0843367136803;0,06
SSDL0047;SSD M.2 Lexar 1TB PCIe Gen 5 NM990 NVMe;FESTPLATTE;SSD;;25;151,69;LEXAR;Lexar;LNM990X001T-RNNNG;0843367136841;0,068
SSDL0048;SSD M.2 Lexar 2TB PCIe Gen 5 NM990 NVMe;FESTPLATTE;SSD;;2;248,92;LEXAR;Lexar;LNM990X002T-RNNNG;0843367136858;0,067
SSDL0050;SSD M.2 Lexar 1TB PCIe Gen 4X4 NQ780 NVMe;FESTPLATTE;SSD;;149;125,76;LEXAR;Lexar;LNQ780X001T-RNNNG;843367137008;0,066
SSDS0095;HDSSD 2.5 (Sata) 250GB Samsung 870 EVO Basic;FESTPLATTE;SSD;;40;107,90;SAMSUNG;Samsung;MZ-77E250B/EU;8806090545931;0,12767
SSDS0096;HDSSD 2.5 (Sata) 500GB Samsung 870 EVO Basic;FESTPLATTE;SSD;;20;154,90;SAMSUNG;Samsung;MZ-77E500B/EU;8806090545924;0,125
SSDS0097;HDSSD 2.5 (Sata) 1TB Samsung 870 EVO Basic;FESTPLATTE;SSD;;1;249,90;SAMSUNG;Samsung;MZ-77E1T0B/EU;8806090545917;0,127
SSDS0110;SSD M.2 (2280) 1TB Samsung 990 PRO (PCIe/NVMe);FESTPLATTE;SSD;;147;184,90;SAMSUNG;Samsung;MZ-V9P1T0BW;8806094215021;0,122
SSDS0111;SSD M.2 (2280) 2TB Samsung 990 PRO (PCIe/NVMe);FESTPLATTE;SSD;;178;280,90;SAMSUNG;Samsung;MZ-V9P2T0BW;8806094215038;0,10917
SSDS0113;SSD M.2 (2280) 1TB Samsung 990 PRO Heatsink (PCIe/NVMe);FESTPLATTE;SSD;;20;195,90;SAMSUNG;Samsung;MZ-V9P1T0CW;8806094413748;0,111
SSDS0115;SSD M.2 (2280) 4TB Samsung 990 PRO (PCIe/NVMe);FESTPLATTE;SSD;;5;499,00;SAMSUNG;Samsung;MZ-V9P4T0BW;8806094947205;0,125
SSDS0121;SSD M.2 (2280) 1TB Samsung 990 EVO Plus;FESTPLATTE;SSD;;1;174,90;SAMSUNG;Samsung;MZ-V9S1T0BW;8806095575674;0,11
SSDS0122;SSD M.2 (2280) 2TB Samsung 990 EVO Plus;FESTPLATTE;SSD;;25;255,90;SAMSUNG;Samsung;MZ-V9S2T0BW;8806095575650;0,10933
SSDS0123;SSD M.2 (2280) 4TB Samsung 990 EVO Plus;FESTPLATTE;SSD;;5;464,90;SAMSUNG;Samsung;MZ-V9S4T0BW;8806095575667;0,10833
SSDS0124;SSD M.2 (2280) 1TB Samsung 9100 PRO (PCIe 5.0/NVMe);FESTPLATTE;SSD;;5;195,90;SAMSUNG;Samsung;MZ-VAP1T0BW;8806095811628;0,0876
SSDW0034;HDSSD M.2 500GB WD Red SA500 NAS SSD;FESTPLATTE;SSD;;10;179,53;WD;Western Digital;WDS500G1R0B;0718037872353;0,051
SSDW0036;HDSSD M.2 2TB WD Red SA500 NAS SSD;FESTPLATTE;SSD;;9;338,25;WD;Western Digital;WDS200T1R0B;0718037872339;0,0598
SSDW0069;HDSSD 2.5" 1 TB WD Blue™ SA510 PC 3D SSD 7mm;FESTPLATTE;SSD;;73;137,04;WD;Western Digital;WDS100T3B0A;0718037884653;0,06
SSDW0070;HDSSD 2.5" 500 GB WD Blue™ SA510 3D PC SSD 7mm;FESTPLATTE;SSD;;100;110,61;WD;Western Digital;WDS500G3B0A;0718037884639;0,066
SSDW0071;HDSSD M.2 1 TB WD Black™ SN850X NVMe;FESTPLATTE;SSD;;100;166,52;WD;Western Digital;WDS100T2X0E;0718037891392;0,044
SSDW0075;HDSSD M.2 4 TB WD Black™ SN850X NVMe;FESTPLATTE;SSD;;1;451,01;WD;Western Digital;WDS400T2X0E;0718037891378;0,048
SSDW0083;HDSSD M.2 500 GB WD Blue™ SN5000 NVMe;FESTPLATTE;SSD;;49;120,56;WD;Western Digital;WDS500G4B0E;0718037894850;0,058
SSDW0084;HDSSD M.2 1TB WD Blue™ SN5000 NVMe;FESTPLATTE;SSD;;20;148,30;WD;Western Digital;WDS100T4B0E;0718037894843;0,058
SSDW0085;HDSSD M.2 2TB WD Blue™ SN5000 NVMe;FESTPLATTE;SSD;;12;225,50;WD;Western Digital;WDS200T4B0E;0718037893228;0,058
SSDW0088;HDSSD 2,5" 2TB WD Red SA500 NAS SSD;FESTPLATTE;SSD;;7;372,07;WD;Western Digital;WDS200T2R0A;0718037903613;0,0803
SSDW0089;HDSSD 2.5" 2 TB WD Blue™ SA510 PC 3D SSD 7mm;FESTPLATTE;SSD;;10;259,32;WD;Western Digital;WDS200T3B0A;0718037884660;0,0812
SSDW0091;HDSSD M.2 1TB WD Black™ SN7100 NVMe;FESTPLATTE;SSD;;41;135,74;WD;Western Digital;WDS100T4X0E;0718037893204;0,0578
SSDW0092;HDSSD M.2 2TB WD Black™ SN7100 NVMe;FESTPLATTE;SSD;;60;224,63;WD;Western Digital;WDS200T4X0E;0718037893211;0,0604
SSDW0094;HDSSD M.2 1TB WD Black™ SN8100 NVMe PCI5.0;FESTPLATTE;SSD;;37;208,15;WD;Western Digital;WDS100T1X0M;0619659220884;0,061
SSDW0095;HDSSD M.2 2TB WD Black™ SN8100 NVMe PCI5.0;FESTPLATTE;SSD;;18;340,85;WD;Western Digital;WDS200T1X0M;0619659220860;0,058
SSDW0097;HDSSD M.2 1TB WD Blue™ SN5100 NVMe;FESTPLATTE;SSD;;104;129,23;WD;Western Digital;WDS100T5B0E;0718037906256;0,0594
SSDW0100;HDSSD M.2 2TB WD Blue™ SN5100 NVMe;FESTPLATTE;SSD;;20;210,33;WD;Western Digital;WDS200T5B0E;0718037906263;0,0572
SSDW0101;HDSSD M.2 500GB WD Blue™ SN5100 NVMe;FESTPLATTE;SSD;;243;88,03;WD;Western Digital;WDS500G5B0E;0718037906287;0,0548
SSDW0102;HDSSD M.2 1TB WD Green™ SN3000 NVMe;FESTPLATTE;SSD;;6;110,61;WD;Western Digital;WDS100T4G0E;0718037907154;0,056
SUPA0028;Apple Lightning auf USB 2m Kabel;BABHOME;CE;;500;6,70;APPLE;Apple;MD819ZM/A;0885909627448;0,0666
SUPA0096;Apple USB-C to Lightning Cable - 2m;BABHOME;CE;;500;9,44;APPLE;Apple;MQGH2ZM/A;0190198496201;0,093
SUPA0171;Apple USB-C to Lightning Cable - 1m;BABHOME;CE;;495;8,02;APPLE;Apple;MM0A3ZM/A;0194252750872;0,0488
SUPA0197;Apple USB-C auf USB-C 2m Kabel ;BABHOME;CE;;500;8,63;APPLE;Apple;MLL82ZM/A;0888462698429;0,1058
SUPA0199;Apple USB-C auf USB-C 1m Kabel - Geflochten/Woven ;BABHOME;CE;;201;9,64;APPLE;Apple;MQKJ3ZM/A;0194253494850;0,046
SUPA0204;Apple - USB Typ-C-Kabel - 24 pin USB-C zu 24 pin USB-C - 2 m;BABHOME;CE;;167;15,83;APPLE;Apple;MU2G3ZM/A;0195949093432;0,1223
SUPA0209;Apple EarPods mit Fernbedienung und Mikrofon;BABHOME;CE;;45;12,38;APPLE;Apple;MWU53ZM/A;0195949508967;0,053
SUPA0218;Apple EarPods - Ohrhörer mit Mikrofon ;BABHOME;CE;;204;12,48;APPLE;Apple;MWTY3ZM/A;0195949506123;0,056
SUPA0219;Apple USB-C to Lightning Cable - Lightning-Kabel - USB-C - 1m ;BABHOME;CE;;129;8,12;APPLE;Apple;MUQ93ZM/A;0195949085611;0,048
SUPA0222;Apple Lightning-Kabel - 24 pin USB-C männlich zu Lightning männlich;BABHOME;CE;;500;10,15;APPLE;Apple;MW2R3ZM/A;0195949333989;0,087
SUPA0224;Apple Lightning Digital AV Adapter - Lightning-Kabel;BABHOME;CE;;215;38,47;APPLE;Apple;MW2P3ZM/A;0195949333002;0,044
SUPA0228;Apple Lightning-Kabel - Lightning / USB - 1 m;BABHOME;CE;;358;8,12;APPLE;Apple;MUQW3ZM/A;0195949087714;0,0492
SUPA0229;Apple USB-Kabel - 24 pin USB-C (M) zu 24 pin USB-C (M) 1m ;BABHOME;CE;;500;9,95;APPLE;Apple;MW493ZM/A;0195949371905;0,05
SUPA0230;Apple USB-Kabel - 24 pin USB-C (M) zu 24 pin USB-C (M) 2m;BABHOME;CE;;308;17,71;APPLE;Apple;MYQT3ZM/A;0195949775390;0,1194
SUPA0234;Apple - 20W USB-C Power Adapter (EU) ;BABHOME;CE;;500;14,01;APPLE;Apple;MD3J4ZM/A;0195950084658;0,1052
SUPA0236;Apple 20W USB-C Power Adapter Netzteil - USB-C - 20 Watt;BABHOME;CE;;1;13,40;APPLE;Apple;MHJE3ZM/A;0194252157022;0,1206
SUPA0242;Apple AirTag 4er-Pack 2026			;BABHOME;DV;;195;73,08;APPLE;Apple;MFEA4ZM/A;0195950667523;0,1081
SUPA1046;Amazon Echo Dot Max - Sphärisch - Weiß;BABHOME;CE;;124;70,04;AMAZON;Amazon;B0DKLVWZPF;0840414681804;0
SUPB1045;Bose QuietComfort Ultra weiß;BABHOME;CE;;32;225,33;BOSE;Bose;880066-0200;0017817846141;0,693
SUPB1046;Bose QuietComfort Ultra Earbuds black;BABHOME;CE;;39;144,13;BOSE;Bose;882826-0010;0017817847681;0,179
SUPB1047;Bose QuietComfort Ultra Earbuds white;BABHOME;CE;;32;144,64;BOSE;Bose;882826-0020;0017817847643;0,18
SUPB1054;Bose Ultra Open Earbuds | White;BABHOME;CE;;2;165,45;BOSE;Bose;881046-0020;0017817846912;0,17
SUPB1060;Bose QuietComfort Ultra 2.Gen black;BABHOME;CE;;50;289,28;BOSE;Bose;890101-0100;0017817859585;0,455
SUPB1061;Bose QuietComfort Ultra 2.Gen white;BABHOME;CE;;11;291,31;BOSE;Bose;890101-0200;0017817859561;0,435
SUPB1062;Bose QuietComfort Ultra 2.Gen Wüstengold;BABHOME;CE;;10;289,28;BOSE;Bose;890101-0400;0017817859516;0,27
SUPB1065;Bose SoundLink Flex 2nd - Black;BABHOME;CE;;21;100,49;BOSE;Bose;887612-0100;0017817852470;0,752
SUPB1066;Bose SoundLink Micro - Lautsprecher - tragbar;BABHOME;CE;;21;61,92;BOSE;Bose;783342-0100;0017817768429;0,482
SUPC0008;Connect IT BATTLE headset USB GH1000 w/mic***;BABHOME;CE;;15;19,29;CONIT;Connect IT;CI-205;8595610601256;0,38
SUPC0009;Connect IT SNIPER GH3300 USB w/mic black***;BABHOME;CE;;36;60,90;CONIT;Connect IT;CI-256;8595610601959;0,66
SUPC0010;Connect IT PC headset black/silver w/mic***;BABHOME;CE;;25;7,11;CONIT;Connect IT;CI-70;8594158528063;0,31
SUPC0088;CHERRY Xtrfy M42 - Maus - optisch - kabellos - Schwarz ;PERIPHERIE;CHERRY;KOMPONENTEN;145;57,86;CHERRY;Cherry;M42W-RGB-BLACK;7340086912839;0,33167
SUPC0089;CHERRY UM 9.0 PRO RGB - Mikrofon - Schwarz, Bronze;PERIPHERIE;CHERRY;KOMPONENTEN;358;35,53;CHERRY;Cherry;JA-0720;4025112099915;1,43333
SUPC2000;Chipolo POP - Tracking tag compatible with Apple Find My on iPhone or Find Hub on Android (White);BABHOME;CE;;88;28,42;CHIPOLO;Chipolo;RWS.0000001;850047123503;0,042
SUPC2001;Chipolo POP - Tracking tag compatible with Apple Find My on iPhone or Find Hub on Android (Yellow);BABHOME;CE;;30;28,42;CHIPOLO;Chipolo;RWS.0000002;850047123510;0,042
SUPC2002;Chipolo POP - Tracking tag compatible with Apple Find My on iPhone or Find Hub on Android (Red);BABHOME;CE;;24;28,42;CHIPOLO;Chipolo;RWS.0000003;850047123527;0,042
SUPC2003;Chipolo POP - Tracking tag compatible with Apple Find My on iPhone or Find Hub on Android (Blue);BABHOME;CE;;24;28,42;CHIPOLO;Chipolo;RWS.0000004;850047123534;0,042
SUPC2004;Chipolo POP - Tracking tag compatible with Apple Find My on iPhone or Find Hub on Android (Green);BABHOME;CE;;27;28,42;CHIPOLO;Chipolo;RWS.0000005;850047123541;0,042
SUPC2005;Chipolo POP - Tracking tag compatible with Apple Find My on iPhone or Find Hub on Android (Black);BABHOME;CE;;383;28,42;CHIPOLO;Chipolo;RWS.0000006;850047123558;0,044
SUPC2006;Chipolo POP 4 Pack -Tracking tag compatible with Apple Find My on iPhone or Find Hub  (Black);BABHOME;CE;;36;76,13;CHIPOLO;Chipolo;RWS.0000007;850047123565;0,092
SUPC2007;Chipolo POP 4 Pack - Tracking tag compatible with Apple Find My on iPhone (Black, Red, White, Blue) ;BABHOME;CE;;19;76,13;CHIPOLO;Chipolo;RWS.0000008;0850047123572;0,092
SUPC2009;Chipolo LOOP – Rechargeable tracking tag compatible with Apple Find My on iPhone  (Chalk);BABHOME;CE;;73;35,53;CHIPOLO;Chipolo;RSO.0000001;850070419246;0,062
SUPC2010;Chipolo LOOP – Rechargeable tracking tag compatible with Apple Find My on iPhone  (Honey);BABHOME;CE;;34;35,53;CHIPOLO;Chipolo;RSO.0000002;850070419253;0,062
SUPC2011;Chipolo LOOP – Rechargeable tracking tag compatible with Apple Find My on iPhone (Coral);BABHOME;CE;;31;35,53;CHIPOLO;Chipolo;RSO.0000003;850070419260;0,066
SUPC2012;Chipolo LOOP – Rechargeable tracking tag compatible with Apple Find My on iPhone or Find Hub (Navy);BABHOME;CE;;33;35,53;CHIPOLO;Chipolo;RSO.0000004;850070419277;0,06
SUPC2013;Chipolo LOOP – Rechargeable tracking tag compatible with Apple Find My on iPhone or Find Hub  (Mint);BABHOME;CE;;28;35,53;CHIPOLO;Chipolo;RSO.0000005;850070419284;0,064
SUPC2014;Chipolo LOOP – Rechargeable tracking tag compatible with Apple Find My on iPhone  (Charcoal);BABHOME;CE;;353;35,53;CHIPOLO;Chipolo;RSO.0000006;850070419291;0,062
SUPC2015;Chipolo LOOP 4 Pack – Rechargeable tracking tag compatible with Apple Find My on iPhone  (Charcoal);BABHOME;CE;;52;91,35;CHIPOLO;Chipolo;RSO.0000007;850070419307;0,168
SUPC2016;Chipolo LOOP 4 Pack – Rechargeable tracking tag (Charcoal, Chalk, Navy, Coral);BABHOME;CE;;32;91,35;CHIPOLO;Chipolo;RSO.0000008;850070419314;0,168
SUPC2017;Chipolo CARD – Rechargeable tracking card compatible with Apple Find My on iPhone (Charcoal);BABHOME;CE;;349;35,53;CHIPOLO;Chipolo;RRF.0000001;850070419321;0,076
SUPC2018;Chipolo LOOP & CARD Bundle – Rechargeable trackers compatible with Apple Find My on iPhone;BABHOME;CE;;174;60,90;CHIPOLO;Chipolo;RAB.0000001;850070419338;0,196
SUPD1020;Dell USB-C AC Adapter E5 - Kit - Netzteil - 65 Watt;NB ZUBEHÖR;DOCKING;;100;20,30;DELL;Dell;450-AGOB;5704174219279;0,371
SUPD1021;Dell USB-C AC Adapter E5 - Kit - Netzteil - 65 Watt;NB ZUBEHÖR;DOCKING;;51;21,32;DELL;Dell;450-ALJL;5999056126534;0,36
SUPD1024;Dell Pro Dock WD25 - Dockingstation - USB-C - HDMI, 2 x DP, USB-C;NB ZUBEHÖR;DOCKING;;500;129,92;DELL;Dell;DELL-WD25;5397184961735;1,442
SUPD1025;Dell Pro Smart Dock SD25 - Dockingstation - USB-C - HDMI, 2 x DP, USB-C - 1GbE, 2.5GbE - 180 Watt;NB ZUBEHÖR;DOCKING;;293;142,10;DELL;Dell;DELL-SD25;5397184961766;1,64
SUPD1027;Dell MS116 - Maus - optisch - 2 Tasten - kabelgebunden;NB ZUBEHÖR;DOCKING;;343;4,52;DELL;Dell;570-AAIS;5397063763610;0,126
SUPD1028;Dell Pro Thunderbolt 5 Smart Dock SD25TB5 - Dockingstation;NB ZUBEHÖR;DOCKING;;20;299,43;DELL;Dell;DELL-SD25TB5;5397184961827;2,158
SUPD1030;Dell Pro Dock WD25Z - Dockingstation - USB-C;PERIPHERIE;MONITOR;;100;133,98;DELL;Dell;DELL-WD25Z;5397321029045;1,662
SUPD2002;Datalogic Gryphon I GD4290 - Barcode-Scanner;EINGABEGER;;;1;47,71;DATALOGIC;Datalogic;GD4290-BK;5059902033499;0,256
SUPE2003;Equip Adapter - HDMI - DVI - 3m - Black;SONSTIGES;ZUBEHÖR;ADAPTER;8;3,92;EQUIP;EQUIP;119323;4015867150511;0,158
SUPE2008;Equip Adapter - Display Port Male - HDMI - 5m - Black;SONSTIGES;ZUBEHÖR;ADAPTER;3;11,82;EQUIP;EQUIP;119392;4015867222409;0,212
SUPE2009;Equip USB 3.2 Cable - USB-A - USB-C - 1m - Black;SONSTIGES;ZUBEHÖR;USB-KABEL;22;2,64;EQUIP;EQUIP;12834107;4015867198735;0,048
SUPE2010;Equip USB 3.2 Cable - USB-A - USB-C - 0,25m - Black;SONSTIGES;ZUBEHÖR;USB-KABEL;1;2,44;EQUIP;EQUIP;128343;4015867205341;0,024
SUPE2019;Equip USB 3.0 Extension Cable - USB-A - 3m - Black;SONSTIGES;ZUBEHÖR;USB-KABEL;1;3,10;EQUIP;EQUIP;128399;4015867166703;0,12
SUPE2020;Equip USB 2.0 Cable- USB-A - Mini-USB - 1,8m - Black;SONSTIGES;ZUBEHÖR;USB-KABEL;4;1,02;EQUIP;EQUIP;128521;4015867107829;0,06
SUPE2021;Equip USB 2.0 Cable - USB-A - Micro-USB - 1m - Black;SONSTIGES;ZUBEHÖR;USB-KABEL;58;0,71;EQUIP;EQUIP;128594;4015867173411;0,038
SUPE2022;Equip USB 2.0 Cable - USB-A - Micro-USB - 1m - Black;SONSTIGES;ZUBEHÖR;USB-KABEL;7;0,84;EQUIP;EQUIP;128596;4015867184547;0,046
SUPE2023;Equip USB 2.0 Extansion Cable - USB (M) - USB (W) - 1,8m - Black;SONSTIGES;ZUBEHÖR;USB-KABEL;41;0,84;EQUIP;EQUIP;128850;4015867164723;0,06
SUPE2024;Equip USB 2.0 Extansion Cable - USB (M) - USB (W) - 3m - Black;SONSTIGES;ZUBEHÖR;USB-KABEL;27;1,11;EQUIP;EQUIP;128851;4015867164730;0,086
SUPE2029;Equip USB 2.0 Cable - USB-A (M) - USB-B (M) - 1m - Black;SONSTIGES;ZUBEHÖR;USB-KABEL;39;0,66;EQUIP;EQUIP;128863;4015867164686;0,04
SUPE2030;Equip USB 2.0 Cable - USB-A (M) - USB-B (M) - 2m - Black;SONSTIGES;ZUBEHÖR;USB-KABEL;28;1,11;EQUIP;EQUIP;128864;4015867239223;0,066
SUPE2031;Equip USB 2.0 Cable - USB-A (M) - USB-A (M) - 1,8m - Black;SONSTIGES;ZUBEHÖR;USB-KABEL;39;0,84;EQUIP;EQUIP;128870;4015867164754;0,062
SUPE2032;Equip USB 2.0 Cable - USB-C (M) - USB-A (M) - 1m - Black;SONSTIGES;ZUBEHÖR;USB-KABEL;20;1,73;EQUIP;EQUIP;12888107;4015867198698;0,04
SUPE2033;Equip USB 2.0 Cable - USB-C (M) - USB-C (M) - 1m - Black;SONSTIGES;ZUBEHÖR;USB-KABEL;42;1,83;EQUIP;EQUIP;12888307;4015867198711;0,038
SUPE2034;Equip Adapter USB 3.0 - USB-A (M) - HDMI (W) - Black;SONSTIGES;ZUBEHÖR;ADAPTER;18;17,26;EQUIP;EQUIP;133385;4015867223994;0,077
SUPE2041;Equip Adapter - USB-C (M) - DisplayPort (M) - 3m - Black;SONSTIGES;ZUBEHÖR;ADAPTER;12;9,59;EQUIP;EQUIP;133428;4015867228784;0,114
SUPE2042;Equip Adapter - DisplayPort (M) - DVI-V (W) - Black;SONSTIGES;ZUBEHÖR;ADAPTER;24;4,57;EQUIP;EQUIP;133431;4015867153123;0,08
SUPE2044;Equip Adapter - Mini DisplayPort (M) - HDMI (W) - Black;SONSTIGES;ZUBEHÖR;ADAPTER;21;4,21;EQUIP;EQUIP;133434;4015867157305;0,068
SUPE2045;Equip Adapter - DisplayPort (M) - HD-15 VGA (W) - Black;SONSTIGES;ZUBEHÖR;ADAPTER;90;4,52;EQUIP;EQUIP;133435;4015867157503;0,076
SUPE2046;Equip Adapter - DisplayPort (M) - HDMI (W) - Black;SONSTIGES;ZUBEHÖR;ADAPTER;12;4,21;EQUIP;EQUIP;133438;4015867178065;0,074
SUPE2049;Equip Adapter - DisplayPort (M) - USB-C (M) - 1,8m - Black;SONSTIGES;ZUBEHÖR;ADAPTER;19;8,53;EQUIP;EQUIP;133467;4015867203736;0,078
SUPE2053;Equip Audiokabel - 2 RCA (W) - mini-phone 3.5mm (M) - 2,5m - Black;SONSTIGES;ZUBEHÖR;AUDIO-KABEL;44;0,82;EQUIP;EQUIP;147093;4015867225172;0,068
SUPE2054;Equip Audiokabel - 2 RCA (M) - 2 RCA (M) - 2,5m - Black;SONSTIGES;ZUBEHÖR;AUDIO-KABEL;38;0,96;EQUIP;EQUIP;147094;4015867225189;0,068
SUPE2056;Equip Patch Cable - CAT6 S/FTP - 1m - Grey;SONSTIGES;ZUBEHÖR;PATCHKABEL;43;1,02;EQUIP;EQUIP;605500;4015867163085;0,042
SUPE2057;Equip Patch Cable - CAT6 S/FTP - 3m - Grey;SONSTIGES;ZUBEHÖR;PATCHKABEL;13;2,01;EQUIP;EQUIP;605502;4015867163108;0,094
SUPE2058;Equip Patch Cable - CAT6 S/FTP - 2m - Grey;SONSTIGES;ZUBEHÖR;PATCHKABEL;92;1,52;EQUIP;EQUIP;605501;4015867163092;0,068
SUPE2059;Equip Patch Cable - CAT6 S/FTP - 0,25m - Grey;SONSTIGES;ZUBEHÖR;PATCHKABEL;138;0,73;EQUIP;EQUIP;605503;4015867163115;0,018
SUPE2060;Equip Patch Cable - CAT6 S/FTP - 5m - Grey;SONSTIGES;ZUBEHÖR;PATCHKABEL;5;2,95;EQUIP;EQUIP;605504;4015867163122;0,144
SUPE2061;Equip Patch Cable - CAT6 S/FTP - 7,5m - Grey;SONSTIGES;ZUBEHÖR;PATCHKABEL;12;4,17;EQUIP;EQUIP;605505;4015867166130;0,212
SUPE2062;Equip Patch Cable - CAT6 S/FTP - 10m - Grey;SONSTIGES;ZUBEHÖR;PATCHKABEL;10;5,28;EQUIP;EQUIP;605506;4015867163139;0,27
SUPE2063;Equip Patch Cable - CAT6 S/FTP - 0,5m - Grey;SONSTIGES;ZUBEHÖR;PATCHKABEL;55;0,83;EQUIP;EQUIP;605507;4015867163146;0,03
SUPE2065;Equip Patch Cable - CAT6 S/FTP - 15m - Grey;SONSTIGES;ZUBEHÖR;PATCHKABEL;3;9,88;EQUIP;EQUIP;605509;4015867166178;0,528
SUPE2067;Equip Patch Cable - CAT6 S/FTP - 2m - White;SONSTIGES;ZUBEHÖR;PATCHKABEL;27;1,52;EQUIP;EQUIP;605511;4015867594780;0,068
SUPE2069;Equip Patch Cable - CAT6 S/FTP - 25 cm - White;SONSTIGES;ZUBEHÖR;PATCHKABEL;125;0,73;EQUIP;EQUIP;605513;4015867102244;0,02
SUPE2071;Equip Patch Cable - CAT6 S/FTP - 7,5 m - Grey;SONSTIGES;ZUBEHÖR;PATCHKABEL;10;4,11;EQUIP;EQUIP;605515;4015867594810;0,21
SUPE2076;Equip Patch Cable - CAT6 S/FTP - 30 m - Beige;SONSTIGES;ZUBEHÖR;PATCHKABEL;3;14,82;EQUIP;EQUIP;605530;4015867594865;0,768
SUPE2079;Equip Patch Cable - CAT6 S/FTP - 1 m - Black;SONSTIGES;ZUBEHÖR;PATCHKABEL;30;1,02;EQUIP;EQUIP;605590;4015867151754;0,04
SUPE2080;Equip Patch Cable - CAT6 S/FTP - 2 m - Black;SONSTIGES;ZUBEHÖR;PATCHKABEL;20;1,52;EQUIP;EQUIP;605591;4015867151785;0,068
SUPE2081;Equip Patch Cable - CAT6 S/FTP - 3 m - Black;SONSTIGES;ZUBEHÖR;PATCHKABEL;13;2,01;EQUIP;EQUIP;605592;4015867151815;0,094
SUPE2082;Equip Patch Cable - CAT6 S/FTP - 5 m - Black;SONSTIGES;ZUBEHÖR;PATCHKABEL;20;2,95;EQUIP;EQUIP;605594;4015867151846;0,148
SUPE2083;Equip Patch Cable - CAT6 S/FTP - 7,5 m - Black;SONSTIGES;ZUBEHÖR;PATCHKABEL;9;4,11;EQUIP;EQUIP;605595;4015867151877;0,214
SUPE2085;Equip Patch Cable - CAT6 S/FTP - 0,5 m - Black;SONSTIGES;ZUBEHÖR;PATCHKABEL;99;0,82;EQUIP;EQUIP;605597;4015867151723;0,03
SUPE2086;Equip Patch Cable - CAT6 S/FTP - 15 m - Black;SONSTIGES;ZUBEHÖR;PATCHKABEL;2;7,56;EQUIP;EQUIP;605598;4015867151938;0,39
SUPE2087;Equip Patch Cable - CAT6 S/FTP - 20 m - Black;SONSTIGES;ZUBEHÖR;PATCHKABEL;5;9,87;EQUIP;EQUIP;605599;4015867151969;0,528
SUPE2089;Equip Patch Cable - CAT6A S/FTP - 0,25 m - White;SONSTIGES;ZUBEHÖR;PATCHKABEL;63;0,74;EQUIP;EQUIP;606001;4015867204122;0,016
SUPE2090;Equip Patch Cable - CAT6A S/FTP - 0,5 m - White;SONSTIGES;ZUBEHÖR;PATCHKABEL;7;0,87;EQUIP;EQUIP;606002;4015867204139;0,03
SUPE2091;Equip Patch Cable - CAT6A S/FTP - 1 m - White;SONSTIGES;ZUBEHÖR;PATCHKABEL;24;1,09;EQUIP;EQUIP;606003;4015867204146;0,044
SUPE2092;Equip Patch Cable - CAT6A S/FTP - 2 m - White;SONSTIGES;ZUBEHÖR;PATCHKABEL;10;1,58;EQUIP;EQUIP;606004;4015867204153;0,074
SUPE2094;Equip Patch Cable - CAT6A S/FTP - 5 m - White;SONSTIGES;ZUBEHÖR;PATCHKABEL;4;3,74;EQUIP;EQUIP;606006;4015867204177;0,172
SUPE2095;Equip Patch Cable - CAT6A S/FTP - 7,5 m - White;SONSTIGES;ZUBEHÖR;PATCHKABEL;5;5,08;EQUIP;EQUIP;606007;4015867204184;0,246
SUPE2096;Equip Patch Cable - CAT6A S/FTP - 10 m - White;SONSTIGES;ZUBEHÖR;PATCHKABEL;5;6,44;EQUIP;EQUIP;606008;4015867204191;0,314
SUPE2097;Equip Patch Cable - CAT6A S/FTP - 15 m - White;SONSTIGES;ZUBEHÖR;PATCHKABEL;1;9,20;EQUIP;EQUIP;606009;4015867204207;0,46
SUPE2098;Equip Patch Cable - CAT6A S/FTP - 20 m - White;SONSTIGES;ZUBEHÖR;PATCHKABEL;3;11,88;EQUIP;EQUIP;606010;4015867204214;0,606
SUPE2099;Equip Patch Cable - CAT6A S/FTP - 30 m - White;SONSTIGES;ZUBEHÖR;PATCHKABEL;2;17,36;EQUIP;EQUIP;606011;4015867204221;0,938
SUPE2100;Equip Patch Cable - CAT6A S/FTP - 1,5 m - White;SONSTIGES;ZUBEHÖR;PATCHKABEL;39;1,76;EQUIP;EQUIP;606012;4015867237076;0,06
SUPE2101;Equip Patch Cable - CAT6A S/FTP - 25 m - White;SONSTIGES;ZUBEHÖR;PATCHKABEL;4;16,06;EQUIP;EQUIP;606013;4015867237083;0,75
SUPE2102;Equip Patch Cable - CAT6A S/FTP - 15 cm - Black;SONSTIGES;ZUBEHÖR;PATCHKABEL;116;0,84;EQUIP;EQUIP;606100;4015867237090;0,016
SUPE2103;Equip Patch Cable - CAT6A S/FTP - 25 cm - Black;SONSTIGES;ZUBEHÖR;PATCHKABEL;49;0,93;EQUIP;EQUIP;606101;4015867204238;0,018
SUPE2109;Equip Patch Cable - CAT6A S/FTP - 7,5 m - Black;SONSTIGES;ZUBEHÖR;PATCHKABEL;6;5,08;EQUIP;EQUIP;606107;4015867204290;0,236
SUPE2113;Equip Patch Cable - CAT6A S/FTP - 30 m - Black;SONSTIGES;ZUBEHÖR;PATCHKABEL;4;17,36;EQUIP;EQUIP;606111;4015867204337;0,884
SUPE2114;Equip Slim Patch Cable - CAT6A F/FTP - 0,25 m - Beige;SONSTIGES;ZUBEHÖR;PATCHKABEL;25;1,62;EQUIP;EQUIP;606112;4015867209547;0,01
SUPE2115;Equip Slim Patch Cable - CAT6A F/FTP - 0,5 m - Beige;SONSTIGES;ZUBEHÖR;PATCHKABEL;105;1,71;EQUIP;EQUIP;606113;4015867209554;0,014
SUPE2116;Equip Slim Patch Cable - CAT6A F/FTP - 1 m - Beige;SONSTIGES;ZUBEHÖR;PATCHKABEL;80;1,96;EQUIP;EQUIP;606114;4015867209561;0,026
SUPE2117;Equip Slim Patch Cable - CAT6A F/FTP - 2 m - Beige;SONSTIGES;ZUBEHÖR;PATCHKABEL;5;2,44;EQUIP;EQUIP;606115;4015867209578;0,04
SUPE2118;Equip Slim Patch Cable - CAT6A F/FTP - 3 m - Beige;SONSTIGES;ZUBEHÖR;PATCHKABEL;40;3,01;EQUIP;EQUIP;606116;4015867209585;0,054
SUPE2119;Equip Slim Patch Cable - CAT6A F/FTP - 5 m - Beige;SONSTIGES;ZUBEHÖR;PATCHKABEL;12;3,91;EQUIP;EQUIP;606117;4015867209592;0,077
SUPE2120;Equip Slim Patch Cable - CAT6A F/FTP - 7,5 m - Beige;SONSTIGES;ZUBEHÖR;PATCHKABEL;16;4,90;EQUIP;EQUIP;606118;4015867209608;0,114
SUPE2121;Equip Slim Patch Cable - CAT6A F/FTP - 0,25 m - Black;SONSTIGES;ZUBEHÖR;PATCHKABEL;16;1,62;EQUIP;EQUIP;606122;4015867209646;0,012
SUPE2122;Equip Slim Patch Cable - CAT6A F/FTP - 0,5 m - Black;SONSTIGES;ZUBEHÖR;PATCHKABEL;25;1,71;EQUIP;EQUIP;606123;4015867209653;0,014
SUPE2123;Equip Slim Patch Cable - CAT6A F/FTP - 1 m - Black;SONSTIGES;ZUBEHÖR;PATCHKABEL;79;1,96;EQUIP;EQUIP;606124;4015867209660;0,026
SUPE2124;Equip Slim Patch Cable - CAT6A F/FTP - 2 m - Black;SONSTIGES;ZUBEHÖR;PATCHKABEL;60;2,44;EQUIP;EQUIP;606125;4015867209677;0,038
SUPE2125;Equip Slim Patch Cable - CAT6A F/FTP - 3 m - Black;SONSTIGES;ZUBEHÖR;PATCHKABEL;35;3,01;EQUIP;EQUIP;606126;4015867209684;0,052
SUPE2126;Equip Slim Patch Cable - CAT6A F/FTP - 5 m - Black;SONSTIGES;ZUBEHÖR;PATCHKABEL;30;3,91;EQUIP;EQUIP;606127;4015867209691;0,077
SUPE2127;Equip Slim Patch Cable - CAT6A F/FTP - 7,5 m - Black;SONSTIGES;ZUBEHÖR;PATCHKABEL;12;4,90;EQUIP;EQUIP;606128;4015867209707;0,114
SUPE2128;Equip Patch Cable - CAT6A S/FTP - 1,5 m - Black;SONSTIGES;ZUBEHÖR;PATCHKABEL;2;1,76;EQUIP;EQUIP;606192;4015867237106;0,06
SUPE2129;Equip Patch Cable - CAT6A S/FTP - 25 m - Black;SONSTIGES;ZUBEHÖR;PATCHKABEL;3;16,06;EQUIP;EQUIP;606193;4015867237113;0,758
SUPE2130;Equip Patch Cable - CAT6A S/FTP - 0,15 m - Grey;SONSTIGES;ZUBEHÖR;PATCHKABEL;17;0,84;EQUIP;EQUIP;606700;4015867237274;0,014
SUPE2131;Equip Patch Cable - CAT6A S/FTP - 0,25 m - Grey;SONSTIGES;ZUBEHÖR;PATCHKABEL;104;0,93;EQUIP;EQUIP;606701;4015867229583;0,019
SUPE2134;Equip Patch Cable - CAT6A S/FTP - 2 m - Grey;SONSTIGES;ZUBEHÖR;PATCHKABEL;15;2,00;EQUIP;EQUIP;606704;4015867229613;0,08
SUPE2135;Equip Patch Cable - CAT6A S/FTP - 3 m - Grey;SONSTIGES;ZUBEHÖR;PATCHKABEL;17;2,58;EQUIP;EQUIP;606705;4015867229620;0,104
SUPE2136;Equip Patch Cable - CAT6A S/FTP - 5 m - Grey;SONSTIGES;ZUBEHÖR;PATCHKABEL;4;3,74;EQUIP;EQUIP;606706;4015867229637;0,164
SUPE2137;Equip Patch Cable - CAT6A S/FTP - 7,5 m - Grey;SONSTIGES;ZUBEHÖR;PATCHKABEL;8;5,08;EQUIP;EQUIP;606707;4015867229644;0,236
SUPE2138;Equip Patch Cable - CAT6A S/FTP - 10 m - Grey;SONSTIGES;ZUBEHÖR;PATCHKABEL;3;6,44;EQUIP;EQUIP;606708;4015867229651;0,305
SUPE2139;Equip Patch Cable - CAT6A S/FTP - 15 m - Grey;SONSTIGES;ZUBEHÖR;PATCHKABEL;3;9,20;EQUIP;EQUIP;606709;4015867229668;0,446
SUPE2140;Equip Patch Cable - CAT6A S/FTP - 20 m - Grey;SONSTIGES;ZUBEHÖR;PATCHKABEL;3;11,88;EQUIP;EQUIP;606710;4015867229675;0,638
SUPE2141;Equip Patch Cable - CAT6A S/FTP - 30 m - Grey;SONSTIGES;ZUBEHÖR;PATCHKABEL;1;17,36;EQUIP;EQUIP;606711;4015867229682;0,89
SUPE2142;Equip Patch Cable - CAT6A S/FTP - 1,5 m - Grey;SONSTIGES;ZUBEHÖR;PATCHKABEL;49;1,76;EQUIP;EQUIP;606712;4015867237281;0,06
SUPE2143;Equip Patch Cable - CAT6A S/FTP - 25 m - Grey;SONSTIGES;ZUBEHÖR;PATCHKABEL;3;16,06;EQUIP;EQUIP;606713;4015867237298;0,728
SUPG4006;Grandstream WP816 - schnurloses VoIP-Telefon - mit Bluetooth-Schnittstelle - IEEE 802.11a/b/g/n/ac/a;BABHOME;CE;;22;46,18;GRANDS;Grandstream;WP816;6947273705093;0,422
SUPG4007;Grandstream WP826 - schnurloses VoIP-Telefon - mit Bluetooth-Schnittstelle - IEEE 802.11a/b/g/n/ac/a;BABHOME;CE;;29;58,21;GRANDS;Grandstream;WP826;6947273705147;0,517
SUPG4011;Grandstream GWN7665 - Accesspoint - Wi-Fi 6 - Wi-Fi 6E;BABHOME;CE;;6;88,31;GRANDS;Grandstream;GWN7665;6947273704874;1,144
SUPH0029;HP Thunderbolt G4 Dock - Dockingstation;NB ZUBEHÖR;DOCKING;;212;145,65;HP;Hewlett Packard;4J0A2AA#ABB;0196068757403;1,572
SUPH0049;HP Thunderbolt Dock G6 - Dockingstation - Thunderbolt 4;NB ZUBEHÖR;DOCKING;;159;170,52;HP;Hewlett Packard;9X481UT#ABB;0198415314925;1,94
SUPH0050;HP Thunderbolt Dock G6 - Dockingstation - Thunderbolt 4;NB ZUBEHÖR;DOCKING;;112;129,92;HP;Hewlett Packard;9X472UT#ABB;0198415233004;1,6
SUPH0051;HP USB-C 100W G6 - Dockingstation;NB ZUBEHÖR;DOCKING;;500;95,92;HP;Hewlett Packard;9X3V1UT#ABB;0198415314048;1,542
SUPH0053;HP ProBook 4 G1a (16");NOTEBOOK;;;4;781,55;HP;Hewlett Packard;C07P4ES#ABD;0199485355665;2,48
SUPH3013;HONEYWELL Genesis XP 7680g - Barcode-Scanner;EINGABEGER;;;36;98,46;HONEY;HONEYWELL;7680GSR-2USB-1-R;5704174522720;0,6
SUPH3021;HONEYWELL MS5145 Eclipse - Barcode-Scanner;EINGABEGER;;;34;36,54;HONEY;HONEYWELL;MK5145-71A38-EU;4015867104675;0,28
SUPH4049;HP Poly CS540A - Headset with handset lifter-EURO;BABHOME;CE;;94;96,53;HP;Hewlett Packard;8R706AA#ABB;0197498152394;0,658
SUPJ0121;JABRA Evolve2 75 - Headset;BABHOME;CE;;133;167,27;JABRA;Jabra;27599-999-999;5706991024302;0,522
SUPJ0124;JABRA Evolve2 75 MS Duo - Headset;BABHOME;CE;;17;166,97;JABRA;Jabra;27599-999-899;5706991024340;0,516
SUPJ0128;JABRA Evolve2 65 Flex MS Stereo - Headset - mit kabelloses Ladepad - A WLC;BABHOME;CE;;1;172,55;JABRA;Jabra;26699-999-989;5706991029154;0,45322
SUPJ0153;JABRA  Evolve2 65 UC Stereo - Headset - mit Ladestation - USB-A - Kabellos BT;BABHOME;CE;;466;141,59;JABRA;Jabra;26599-989-989;5706991022902;0,941
SUPJ0161;JABRA Engage 65 SE Stereo - Headset - On-Ear;BABHOME;CE;;97;200,26;JABRA;Jabra;9659-553-111;5706991031256;0,625
SUPJ0166;JABRA -  PanaCast 50 - Videokonferenzkomponente;BABHOME;CE;;2;782,57;JABRA;Jabra;8200-231;5706991023725;3,84
SUPJ0168;JABRA Evolve2 85 UC Stereo - Headset - Bluetooth - kabellos, kabelgebunden - 3,5 mm Stecker;BABHOME;CE;;27;278,11;JABRA;Jabra;28599-989-989;5706991023213;1,0333
SUPJ0170;JABRA Evolve 65 TE Stereo - Headset -Bluetooth - kabellos - Adapter USB-A via Bluetooth;BABHOME;CE;;55;119,77;JABRA;Jabra;6699-833-499;5706991031539;0,60167
SUPJ0171;JABRA - Engage 65 SE Mono - Headset - On-Ear - DECT;BABHOME;CE;;35;198,84;JABRA;Jabra;9653-553-111;5706991030778;0,6075
SUPJ0173;JABRA Evolve2 75 - Headset;BABHOME;CE;;16;197,42;JABRA;Jabra;27599-999-889;5706991024364;0,782
SUPJ0180;JABRA Evolve2 85 MS Duo Headset;BABHOME;CE;;3;287,25;JABRA;Jabra;28599-999-989;5706991023299;0,894
SUPJ0183;JABRA Evolve2 40 SE - Mono Headset;BABHOME;CE;;142;63,44;JABRA;Jabra;24189-899-799;5706991034530;0,2993
SUPJ0184;JABRA Evolve2 55 - Mono Headset;BABHOME;CE;;135;101,50;JABRA;Jabra;25599-899-899;5706991027501;0,26667
SUPJ0188;Jabra Headset Evolve 30 II MS Duo USB-C/A schnurgebunden;BABHOME;CE;;54;41,72;JABRA;Jabra;5399-823-369;5706991034318;0,21905
SUPJ1004;JABRA SPEAK 510 MS;BABHOME;CE;;413;65,77;JABRA;Jabra;7510-109;5706991014839;0,297
SUPJ1049;JABRA Evolve2 75 - Headset;BABHOME;CE;;183;174,58;JABRA;Jabra;27599-989-899;5706991024425;0,448
SUPJ1054;JABRA Evolve2 65 Flex UC Stereo Headset;BABHOME;CE;;242;125,86;JABRA;Jabra;26699-989-899;5706991029109;0,296
SUPJ1056;JABRA Evolve2 65 MS Stereo Headset;BABHOME;CE;;32;147,18;JABRA;Jabra;26599-999-889;5706991022865;0,92
SUPJ1061;JABRA Evolve2 55 MS Mono Headset;BABHOME;CE;;3;131,95;JABRA;Jabra;25599-899-989;5706991027518;0,55
SUPJ1069;JABRA Evolve2 85 UC Stereo;BABHOME;CE;;5;270,50;JABRA;Jabra;28599-989-899;5706991023190;0,71875
SUPJ1077;JABRA Engage 75 SE Mono - Headset - On-Ear;BABHOME;CE;;50;219,24;JABRA;Jabra;9656-583-111;5706991030976;0,625
SUPJ1079;JABRA Engage 40 Stereo - Headset - On-Ear - kabelgebunden;BABHOME;CE;;22;94,40;JABRA;Jabra;4099-413-279;5706991026146;0,30278
SUPJ1082;JABRA Evolve 30 II UC Mono - Headset - On-Ear;BABHOME;CE;;18;35,61;JABRA;Jabra;5393-829-309;5706991019957;0,16
SUPJ1085;JABRA Evolve 65 TE Stereo - Headset - On-Ear;BABHOME;CE;;57;99,98;JABRA;Jabra;6699-833-399;5706991031522;0,605
SUPL0006;Logitech Mouse B100 Optical Corded Black OEM;PERIPHERIE;LOGITECH;KOMPONENTEN;500;2,94;LOGI;Logitech;910-003357;5099206041271;0,121
SUPL0027;Logitech Mouse M185 Wireless Swift Grey;PERIPHERIE;LOGITECH;KOMPONENTEN;500;6,09;LOGI;Logitech;910-002238;5099206027282;0,14
SUPL0046;Logitech HD Pro Webcam C920;PERIPHERIE;LOGITECH;CAMS;386;41,31;LOGI;Logitech;960-001055;5099206061309;0,22325
SUPL0057;Logitech Headset 960 Wired;PERIPHERIE;LOGITECH;HEADSET;65;11,47;LOGI;Logitech;981-000100;5099206008441;0,163
SUPL0059;Logitech Desktop MK330 Wireless Black;PERIPHERIE;LOGITECH;KOMPONENTEN;195;22,53;LOGI;Logitech;920-008533;5099206073173;0,929
SUPL0060;Logitech Presenter Spotlight Wireless Grey;PERIPHERIE;LOGITECH;PRESENTER;32;60,90;LOGI;Logitech;910-004861;5099206070011;0,22225
SUPL0094;Logitech Desktop MK235 Wireless Black;PERIPHERIE;LOGITECH;KOMPONENTEN;118;17,56;LOGI;Logitech;920-007905;5099206063846;0,7375
SUPL0095;Logitech Desktop MK540 Advanced Wireless Black/White;PERIPHERIE;LOGITECH;KOMPONENTEN;228;29,33;LOGI;Logitech;920-008675;5099206077379;0,979
SUPL0123;Logitech Mouse M720 Triathlon Wireless Black;PERIPHERIE;LOGITECH;KOMPONENTEN;10;29,84;LOGI;Logitech;910-004791;5099206065086;0,2024
SUPL0125;Logitech Mouse MX Vertical Wireless Grey;PERIPHERIE;LOGITECH;KOMPONENTEN;500;46,08;LOGI;Logitech;910-005448;5099206081901;0,39075
SUPL0126;Logitech Mouse M185 Wireless Swift Grey;PERIPHERIE;LOGITECH;KOMPONENTEN;351;6,04;LOGI;Logitech;910-002235;5099206027275;0,123
SUPL0127;Logitech Mouse B170 Optical Wireless Black;PERIPHERIE;LOGITECH;KOMPONENTEN;500;5,68;LOGI;Logitech;910-004798;5099206065062;0,1
SUPL0183;Logitech Keyboard K270 Wireless Black/White;PERIPHERIE;LOGITECH;KOMPONENTEN;295;20,71;LOGI;Logitech;920-003052;5099206033139;0,6635
SUPL0187;Logitech Desktop MK850 Performance Wireless Black;PERIPHERIE;LOGITECH;KOMPONENTEN;500;48,97;LOGI;Logitech;920-008221;5099206066823;1,4
SUPL0192;Logitech Headset H340 Wired;PERIPHERIE;LOGITECH;HEADSET;209;13,70;LOGI;Logitech;981-000475;5099206038844;0,247
SUPL0233;Logitech Mouse M220 Silent Wireless Black;PERIPHERIE;LOGITECH;KOMPONENTEN;500;8,93;LOGI;Logitech;910-004878;5099206066199;0,1469
SUPL0264;Logitech ConferenceCam Video conference kit Connect;PERIPHERIE;LOGITECH;CAMS;296;274,66;LOGI;Logitech;960-001034;5099206059030;1,6125
SUPL0266;Logitech Keyboard ERGO K860 Wireless Black;PERIPHERIE;LOGITECH;KOMPONENTEN;200;67,50;LOGI;Logitech;920-009167;5099206085855;1,7
SUPL0279;Logitech Mouse M330 SILENT PLUS Wireless Blue;PERIPHERIE;LOGITECH;KOMPONENTEN;29;11,77;LOGI;Logitech;910-004910;5099206066687;0,1686
SUPL0283;Logitech Headset H570e Wired / Type Binaural;PERIPHERIE;LOGITECH;HEADSET;186;31,97;LOGI;Logitech;981-000575;5099206053304;0,16
SUPL0285;Logitech ConferenceCam GROUP Expansion Microphones;PERIPHERIE;LOGITECH;SPEAKER;19;143,62;LOGI;Logitech;989-000171;0097855119551;0,572
SUPL0293;Logitech Gaming Mouse G502 HERO Corded Black ;PERIPHERIE;LOGITECH;GAMING;167;27,61;LOGI;Logitech;910-005471;5099206080270;0,248
SUPL0299;Logitech Keyboard K400 Plus Touch Wireless Black - US Layout;PERIPHERIE;LOGITECH;KOMPONENTEN;32;22,33;LOGI;Logitech;920-007145;5099206059429;0,515
SUPL0301;Logitech Desktop MK540 Advanced Wireless Black/White - US Layout;PERIPHERIE;LOGITECH;KOMPONENTEN;132;30,25;LOGI;Logitech;920-008685;5099206077461;1,16
SUPL0312;Logitech Desktop MK470 Slim Wireless Combo Black;PERIPHERIE;LOGITECH;KOMPONENTEN;97;29,64;LOGI;Logitech;920-009188;5099206086449;0,9005
SUPL0326;Logitech ConferenceCam Rally Plus Video conference kit;PERIPHERIE;LOGITECH;CAMS;1;1305,00;LOGI;Logitech;960-001224;5099206079526;11,65
SUPL0328;Logitech ConferenceCam Rally Mic Pod Hub microphone Interface adapter;PERIPHERIE;LOGITECH;SPEAKER;2;160,37;LOGI;Logitech;939-001647;0097855143143;0,3135
SUPL0329;Logitech ConferenceCam MeetUp Expansion Microphone;PERIPHERIE;LOGITECH;CAMS;139;124,85;LOGI;Logitech;989-000405;0097855131171;0,47125
SUPL0344;Logitech Desktop MK295 Silent Wireless Combo Black ;PERIPHERIE;LOGITECH;KOMPONENTEN;264;22,38;LOGI;Logitech;920-009794;5099206092372;0,75
SUPL0395;Logitech Slim Folio Keyboard black ;PERIPHERIE;LOGITECH;KOMPONENTEN;121;58,06;LOGI;Logitech;920-009474;5099206088252;0,75
SUPL0402;Logitech HD Pro Webcam C920e;PERIPHERIE;LOGITECH;CAMS;500;44,10;LOGI;Logitech;960-001360;0097855162045;0,244
SUPL0438;Logitech Rally Table and Ceiling Mount for Rally Mic Pod;PERIPHERIE;LOGITECH;KOMPONENTEN;13;54,51;LOGI;Logitech;952-000020;0097855166067;0,3425
SUPL0439;Logitech Rally Mic Pod Mount;PERIPHERIE;LOGITECH;KOMPONENTEN;60;50,75;LOGI;Logitech;952-000002;0097855153197;0,34
SUPL0446;Logitech Brio 500 Webcam Black;PERIPHERIE;LOGITECH;CAMS;379;63,64;LOGI;Logitech;960-001422;5099206104914;0,2225
SUPL0453;Logitech Desktop MK650 Wireless Black;PERIPHERIE;LOGITECH;KOMPONENTEN;225;37,66;LOGI;Logitech;920-010994;5099206105140;1,045
SUPL0457;Logitech Keyboard and folio case Rugged Combo 3 Apple iPad (7. & 8. Gen) Classic Blue;PERIPHERIE;LOGITECH;KOMPONENTEN;18;112,97;LOGI;Logitech;920-010361;5099206097353;0,673
SUPL0458;Logitech Presenter Wireless R500s Black;PERIPHERIE;LOGITECH;PRESENTER;19;21,72;LOGI;Logitech;910-005843;5099206090828;0,102
SUPL0459;Logitech Lift Vertical Ergonomic Mouse;PERIPHERIE;LOGITECH;KOMPONENTEN;10;35,53;LOGI;Logitech;910-006473;5099206099784;0,217
SUPL0463;Logitech Mouse Signature M650 for Business Graphite;PERIPHERIE;LOGITECH;KOMPONENTEN;22;21,82;LOGI;Logitech;910-006274;5099206097254;0,184
SUPL0464;Logitech Keyboard Master Series MX Mechanical;PERIPHERIE;LOGITECH;KOMPONENTEN;63;98,66;LOGI;Logitech;920-010748;5099206103016;1,245
SUPL0480;Logitech Mouse Signature M650 Graphite;PERIPHERIE;LOGITECH;KOMPONENTEN;272;22,63;LOGI;Logitech;910-006253;5099206097223;0,168
SUPL0489;Logitech ConferenceCam Rally Bar - Graphite;PERIPHERIE;LOGITECH;CAMS;1;1789,45;LOGI;Logitech;960-001311;5099206089327;10,02
SUPL0490;Logitech MX Keys Combo for Business - Keyboard and Mouse Set - Graphite;PERIPHERIE;LOGITECH;KOMPONENTEN;39;115,10;LOGI;Logitech;920-010926;5099206104419;1,77
SUPL0492;Logitech Mouse Signature M650 L for Business Graphit;PERIPHERIE;LOGITECH;KOMPONENTEN;253;22,74;LOGI;Logitech;910-006348;5099206097278;0,1968
SUPL0501;Logitech Zone Wired MS-Teams Headseat ;PERIPHERIE;LOGITECH;GAMING;132;73,07;LOGI;Logitech;981-000870;5099206090347;0,55
SUPL0504;Logitech Signature K650 Keyboard Black ;PERIPHERIE;LOGITECH;KOMPONENTEN;398;28,22;LOGI;Logitech;920-010913;5099206105508;0,986
SUPL0507;Logitech Rally Bar Mini - Webcam;PERIPHERIE;LOGITECH;CAMS;31;1363,15;LOGI;Logitech;960-001339;5099206093089;6,3
SUPL0509;Logitech Lift Vertical Ergonomic Mouse ;PERIPHERIE;LOGITECH;KOMPONENTEN;155;44,66;LOGI;Logitech;910-006495;5099206099876;0,23
SUPL0538;Logitech Signature MK650 Off-White ;PERIPHERIE;LOGITECH;KOMPONENTEN;288;38,77;LOGI;Logitech;920-011022;5099206105324;1,1525
SUPL0546;Logitech Mouse MX Anywhere 3S Wireless Graphite;PERIPHERIE;LOGITECH;KOMPONENTEN;409;46,79;LOGI;Logitech;910-006958;5099206112490;0,186
SUPL0574;Logitech Slim Folio Keyboard black ;PERIPHERIE;LOGITECH;KOMPONENTEN;100;56,84;LOGI;Logitech;920-011423;5099206107427;0,65
SUPL0575;Logitech Combo Touch Keyboard for iPad Air 11;PERIPHERIE;LOGITECH;KOMPONENTEN;25;122,51;LOGI;Logitech;920-012629;5099206121942;0,8775
SUPL0583;Logitech Combo Slim Wireless MK370 Keyboard Graphite;PERIPHERIE;LOGITECH;KOMPONENTEN;100;21,92;LOGI;Logitech;920-012065;5099206113053;0,8515
SUPL0589;Logitech ConferenceCam Sight 4k graphite;PERIPHERIE;LOGITECH;CAMS;2;1144,92;LOGI;Logitech;960-001510;0097855181596;3,52
SUPL0591;Logitech Mouse Ergo Series Trackball Wireless Black;PERIPHERIE;LOGITECH;KOMPONENTEN;361;31,57;LOGI;Logitech;910-006221;5099206096547;0,2591
SUPL0594;Logitech Rugged Combo 4 Touch - Tastatur und Foliohülle - mit Trackpad - Apple Smart connector ;PERIPHERIE;LOGITECH;KOMPONENTEN;41;97,95;LOGI;Logitech;920-011182;5099206106895;0,7
SUPL0597;Logitech Mouse MX Master 4 for Business Wireless Graphite;PERIPHERIE;LOGITECH;KOMPONENTEN;44;90,84;LOGI;Logitech;910-007617;5099206133143;0,269
SUPL0598;Logitech Ultimate Ears WONDERBOOM Play Active Black;BABHOME;CE;;171;38,06;LOGI;Logitech;984-001948;5099206122017;0,49375
SUPL0599;Logitech Ultimate Ears MINIROLL Sanftes Schwarz;BABHOME;CE;;144;48,01;LOGI;Logitech;984-002017;5099206127128;0,36138
SUPL0600;Logitech Ultimate Ears MINIROLL majestätisches blau;BABHOME;CE;;39;48,01;LOGI;Logitech;984-002022;5099206127098;0,36625
SUPL0601;Logitech Ultimate Ears MINIROLL Revive Grey;BABHOME;CE;;53;48,01;LOGI;Logitech;984-002027;5099206127104;0,36563
SUPL0602;Logitech Combo Touch Keyboard for iPad Pro11;PERIPHERIE;LOGITECH;KOMPONENTEN;50;132,97;LOGI;Logitech;920-012770;5099206123113;0,795
SUPL0603;Logitech Combo Touch Keyboard for iPad 10.9;PERIPHERIE;LOGITECH;KOMPONENTEN;197;74,20;LOGI;Logitech;920-011200;5099206106710;0,89375
SUPL0604;Logitech Desktop MK850 Performance - Tastatur-und-Maus-Set - US-Layout;PERIPHERIE;LOGITECH;KOMPONENTEN;100;78,76;LOGI;Logitech;920-008226;5099206066878;1,4
SUPL0605;Logitech Bluetooth Combo Touch iPad Pro 13" M4;PERIPHERIE;LOGITECH;KOMPONENTEN;77;151,24;LOGI;Logitech;920-012665;5099206123069;1,23125
SUPL0606;Logitech Mouse MX Master 4 Graphite;PERIPHERIE;LOGITECH;KOMPONENTEN;200;94,09;LOGI;Logitech;910-007562;5099206133082;0,3485
SUPL0607;Logitech Mouse MX Master 4 Pale Grey;PERIPHERIE;LOGITECH;KOMPONENTEN;180;94,09;LOGI;Logitech;910-007563;5099206133099;0,34825
SUPL0608;Logitech Mouse MX Master 4 Space Black;PERIPHERIE;LOGITECH;KOMPONENTEN;199;94,09;LOGI;Logitech;910-007577;5099206133112;0,345
SUPL1002;Libratone Zipp Cover Mesh Schutzhülle grau;BABHOME;CE;;165;2,03;LIBRATONE;Libratone;LA0200300WW2001;5710957010476;0,1035
SUPL2002;Lenovo ThinkPad Universal USB-C Dock - Dockingstation;NB ZUBEHÖR;DOCKING;;500;111,65;LENOVO;Lenovo;40AY0090EU;0195348192095;0,98714
SUPL2003;Lenovo ThinkPad Hybrid USB-C with USB-A Dock - Dockingstation;NB ZUBEHÖR;DOCKING;;134;128,91;LENOVO;Lenovo;40AF0135EU;0191999788403;1,337
SUPL2008;Lenovo ThinkPad Thunderbolt 4 Dock - Dockingstation;NB ZUBEHÖR;DOCKING;;277;218,23;LENOVO;Lenovo;40B00300EU;0195348677295;1,811
SUPL2024;Lenovo Dockingstation - USB-C - HDMI;NB ZUBEHÖR;DOCKING;;74;36,54;LENOVO;Lenovo;40B30090EU;0195892052982;0,822
SUPL2027;Lenovo ThinkPad Smart Dock 5500 - Dockingstation;NB ZUBEHÖR;DOCKING;;93;145,15;LENOVO;Lenovo;40BC0100EU;0195892120551;1,1875
SUPL2030;Lenovo - ThinkPad Smart Dock 5500 - Dockingstation;NB ZUBEHÖR;DOCKING;;205;159,36;LENOVO;Lenovo;40BC0135EU;0195892130499;1,25
SUPL6003;Lenovo Thinkpad P14s G5 (14") 21ME003FGE;NOTEBOOK;;;59;893,20;LENOVO;Lenovo;21ME003FGE;0199274117238;2,48
SUPM3002;Mitel 612dt Set;BABHOME;CE;;7;103,53;MITEL;Mitel ;50008371;7109806196993;0,4
SUPM3003;Mitel 622dt Handset;BABHOME;CE;;30;129,41;MITEL;Mitel ;50008369;7109806196979;0,198
SUPM3004;Mitel 622dt Set;BABHOME;CE;;4;154,28;MITEL;Mitel ;50008372;7109806197006;0,404
SUPM3006;Mitel 632dt Handset;BABHOME;CE;;9;258,83;MITEL;Mitel ;50008370;7109806196986;0,218
SUPM3007;Mitel 712dt Set;BABHOME;CE;;34;97,44;MITEL;Mitel ;51310674;7109806202564;0,414
SUPM3008;Mitel 722dt Set;BABHOME;CE;;13;159,36;MITEL;Mitel ;51310675;7109806202571;0,418
SUPN0001;Networx HDMI Kabel (HDMI auf HDMI) 2m;SONSTIGES;;;165;1,52;NETWORX;Networx;040042-2;4043972191389;0,117
SUPN4000;Needit PARK LITE (elektrische Parkscheibe) Blau;BABHOME;CE;;138;15,48;NEEDIT;Needit;1411;5711157014110;0,15
SUPN4001;Needit PARK LITE (elektrische Parkscheibe) Schwarz;BABHOME;CE;;48;14,87;NEEDIT;Needit;1412;5711157014127;0,168
SUPN4002;Needit Park Mini (elektrische Parkscheibe) Blau;BABHOME;CE;;39;15,48;NEEDIT;Needit;3014;5711157030141;0,09
SUPN4003;Needit Park Mini (elektrische Parkscheibe) Schwarz;BABHOME;CE;;178;15,99;NEEDIT;Needit;3011;5711157030110;0,094
SUPN4006;Needit PARK LITE One (elektrische Parkscheibe) Schwarz;BABHOME;CE;;51;15,53;NEEDIT;Needit;8041;5711157080412;0,153
SUPN4007;Needit PARK LITE One (elektrische Parkscheibe) Blau;BABHOME;CE;;37;15,68;NEEDIT;Needit;8038;5711157080382;0,15
SUPN4009;Needit PARK Micro (elektrische Parkscheibe) Schwarz/Blau;BABHOME;CE;;123;13,35;NEEDIT;Needit;157;5711157001578;0,076
SUPN4010;Needit PARK Micro Solar (elektrische Parkscheibe) Schwarz/Blau;BABHOME;CE;;113;19,03;NEEDIT;Needit;9020;5711157090206;0,1724
SUPN4011;Needit PARK Micro Solar (elektrische Parkscheibe) Blau;BABHOME;CE;;27;18,93;NEEDIT;Needit;9010;5711157090107;0,1706
SUPN4012;Needit ParkOne (elektrische Parkscheibe) Schwarz;BABHOME;CE;;33;18,78;NEEDIT;Needit;5710;5711157057100;0,181
SUPN4013;Needit ParkOne (elektrische Parkscheibe) Blau;BABHOME;CE;;38;18,78;NEEDIT;Needit;5734;5711157057346;0,1798
SUPN4014;Needit Drive One 2 (Blitzerwarner);BABHOME;CE;;108;19,79;NEEDIT;Needit;7510;5711157075104;0,0436
SUPN5000;NEEWER GL1 Pro Keylight 15,5";BABHOME;CE;;3;91,86;NEEWER;Neewer;10101841;6976831830168;3,113
SUPN5002;NEEWER PL81 Kamera-Licht für Handy & Laptop;BABHOME;CE;;12;28,32;NEEWER;Neewer;10100479;6976831830205;0,37
SUPN5004;NEEWER NK800 RGB Softbox | 2-Pack;BABHOME;CE;;4;114,59;NEEWER;Neewer;10102472;6976831830144;5,06
SUPR0004;Razer Mamba Elite USB - Gaming-Maus;BABHOME;CE;;95;48,72;RAZER;Razer;RZ01-02560100-R3M1;8886419332565;0,238
SUPR1002;Razer Basilisk V3 - Gaming - Maus;BABHOME;CE;;60;29,44;RAZER;Razer;RZ01-04000100-R3M1;8886419333487;0,226
SUPR1009;Razer DeathAdder Essential - Gaming Maus - black;BABHOME;CE;;466;14,96;RAZER;Razer;RZ01-03850100-R3M1;8886419333265;0,2315
SUPR1011;Razer Barracuda X - Wireless Headset - white;BABHOME;CE;;46;61,62;RAZER;Razer;RZ04-04430200-R3M1;8886419379874;0,825
SUPR1013;Razer Mouse Razer DeathAdder V3 Pro White ;BABHOME;CE;;33;77,24;RAZER;Razer;RZ01-04630200-R3G1;8886419334163;0,448
SUPR1014;Razer Cobra - Maus - Black;BABHOME;CE;;92;25,53;RAZER;Razer;RZ01-04650100-R3M1;8886419334095;0,186
SUPR1017;Razer Barracuda X - Wireless Headset - black;BABHOME;CE;;51;61,62;RAZER;Razer;RZ04-04430100-R3M1;8886419379850;0,855
SUPR1018;Razer Kraken X Lite - Headset - black;BABHOME;CE;;185;21,13;RAZER;Razer;RZ04-02950100-R381;8886419378082;0,74375
SUPR1019;Razer BlackShark V2 X - Headset - Black;BABHOME;CE;;500;27,91;RAZER;Razer;RZ04-03240100-R3M1;8886419378396;0,79
SUPR1021;Razer Ornata V3 - Tastatur - QWERTZ - Kabelgebunden;BABHOME;CE;;33;40,60;RAZER;Razer;RZ03-04880400-R3G1;8887910073063;1,226
SUPR1027;Razer DeathAdder Essential - Gaming Maus - white;BABHOME;CE;;375;16,29;RAZER;Razer;RZ01-03850200-R3M1;8886419333326;0,2259
SUPR1037;Razer Kraken V3 X - Headset - Black;BABHOME;CE;;47;35,53;RAZER;Razer;RZ04-03750300-R3M1;8886419379362;0,832
SUPR1038;Razer Basilisk V3 Pro - Maus - White;BABHOME;CE;;34;81,50;RAZER;Razer;RZ01-04620200-R3G1;8886419333937;0,51
SUPR1039;Razer BlackShark V2 X - Headset - Green;BABHOME;CE;;2;33,45;RAZER;Razer;RZ04-03240600-R3M1;8886419379522;0,775
SUPR1040;Razer BlackShark V2 X - Headset - Quartz;BABHOME;CE;;200;30,45;RAZER;Razer;RZ04-03240800-R3M1;8887910060421;0,772
SUPR1041;Razer Orochi V2 - Mouse - White;BABHOME;CE;;15;28,42;RAZER;Razer;RZ01-03730400-R3G1;8886419333418;0
SUPR1044;Razer DeathAdder V3 HyperSpeed - Maus - ergonomisch - 5 Tasten - kabellos, kabelgebunden;BABHOME;CE;;4;62,50;RAZER;Razer;RZ01-05140100-R3G1;8886419334552;0,278
SUPR1047;Razer Leviathan V2 X - Soundbar - Schwarz;BABHOME;CE;;23;74,83;RAZER;Razer;RZ05-04280100-R3M1;8886419379645;1,44
SUPR1049;Razer Kraken V4 X - Headset - ohrumschließend;BABHOME;CE;;2;51,05;RAZER;Razer;RZ04-05180100-R3M1;8887910060766;0,8125
SUPR1051;Razer Viper V3 Pro - Maus - Für Rechtshänder;BABHOME;CE;;15;96,83;RAZER;Razer;RZ01-05120200-R3G1;8886419334521;0,314
SUPR1052;Razer Wolverine V3 - Tournament Edition - Game Pad;BABHOME;CE;;16;66,91;RAZER;Razer;RZ06-05210100-R3M1;8886419351450;0,6
SUPR1053;Razer Viper V3 Pro SE schwarz;BABHOME;CE;;39;73,07;RAZER;Razer;RZ01-04550100-R3G1;8886419334347;0,3746
SUPR1054;Razer Basilisk V3 35K - Maus - Schwarz;BABHOME;CE;;10;52,37;RAZER;Razer;RZ01-05230100-R3M1;8886419334576;0,192
SUPR1055;Razer Huntsman Mini - Tastatur - Quecksilber;BABHOME;CE;;30;73,51;RAZER;Razer;RZ03-03390400-R3M1;8886419345763;0,708
SUPR1056;Razer Blackwidow V3 Tenkeyless - Tastatur - Schwarz;BABHOME;CE;;15;80,99;RAZER;Razer;RZ03-03490100-R3M1;8886419346012;1,28
SUPR1059;Razer Kraken Kitty V3 X - Headset - Quartz;BABHOME;CE;;7;46,66;RAZER;Razer;RZ04-05350100-R3M1;8887910061091;0,835
SUPR1060;Razer Kraken Kitty V3 X - Headset - Schwarz;BABHOME;CE;;25;47,98;RAZER;Razer;RZ04-05350200-R3M1;8887910061114;0,634
SUPR1061;Razer Kraken Kitty V3 X - Headset - Weiß;BABHOME;CE;;6;46,66;RAZER;Razer;RZ04-05350300-R3M1;8887910061138;0,8325
SUPR1063;Razer Kishi V3 - Gamepad - Black;BABHOME;CE;;9;78,78;RAZER;Razer;RZ06-03550100-R3M1;8887910082058;0,568
SUPR1065;Razer Barracuda X Chroma - Headset;BABHOME;CE;;35;79,68;RAZER;Razer;RZ04-05220200-R3M1;8887910060889;0,807
SUPS0205;Sony WH-1000XM5 - True Wireless Headset - Black;BABHOME;CE;;100;167,48;SONY;Sony;WH1000XM5B.CE7;4548736132580;0,75
SUPS0235;Samsung EO-IC100 - Ohrhörer mit Mikrofon kabelgebunden - USB-C - schwarz;BABHOME;CE;;2;8,42;SAMSUNG;Samsung;EO-IC100BBEGEU;8806090270123;0,038
SUPS0253;Samsung Schnellladegerät - ohne Datenkabel - USB-C 25W - schwarz;BABHOME;CE;;500;6,80;SAMSUNG;Samsung;EP-T2510NBEGEU;8806094912128;0,0781
SUPS0254;Samsung Schnellladegerät -  ohne Datenkabel - USB-C 25W - weiß;BABHOME;CE;;500;6,80;SAMSUNG;Samsung;EP-T2510NWEGEU;8806094912081;0,0784
SUPS0256;Samsung Schnellladegerät - mit Datenkabel - USB-C 25W - weiß;BABHOME;CE;;5;9,64;SAMSUNG;Samsung;EP-T2510XWEGEU;8806094911985;0,106
SUPS0259;Samsung Fast Charging Wall Charger EP-TA800 - Netzteil - Ultra Fast Charge  - USB-C 25W - weiß;BABHOME;CE;;195;9,24;SAMSUNG;Samsung;EP-TA800XWEGWW;8801643979379;0,1161
SUPS0260;Samsung Fast Charging Wall Charger EP-TA800 - Netzteil - USB-C 25W - schwarz;BABHOME;CE;;450;9,64;SAMSUNG;Samsung;EP-TA800XBEGWW;8801643979393;0,11615
SUPS0261;Samsung EP-T1510 - Netzteil - USB-C 15W - schwarz;BABHOME;CE;;481;4,67;SAMSUNG;Samsung;EP-T1510NBEGEU;8806092709874;0,067
SUPS0262;Samsung EP-T1510 - Netzteil - USB-C 15W - weiß;BABHOME;CE;;393;4,77;SAMSUNG;Samsung;EP-T1510NWEGEU;8806092709850;0,067
SUPS0263;Samsung EP-T1510 - Netzteil - USB-C 15W - weiß;BABHOME;CE;;43;6,80;SAMSUNG;Samsung;EP-T1510XWEGEU;8806092709904;0,099
SUPS0264;Samsung EP-T1510 - Netzteil - USB-C 15W - schwarz;BABHOME;CE;;27;7,00;SAMSUNG;Samsung;EP-T1510XBEGEU;8806092709843;0,1
SUPS0266;Samsung Galaxy SmartTag2 - Anti-Verlust Bluetooth-Tag für Handy - schwarz;BABHOME;CE;;269;12,08;SAMSUNG;Samsung;EI-T5600BBEGEU;8806095039893;0,0456
SUPS0267;Samsung EF-QS916 - hintere Abdeckung für Mobiltelefon - clear ;BABHOME;CE;;500;5,08;SAMSUNG;Samsung;EF-QS916CTEGWW;8806094768831;0,057
SUPS0268;Samsung Galaxy SmartTag2 - Anti-Verlust Bluetooth-Tag für Handy - 4 Pack 2 schwarz, 2 weiß;BABHOME;CE;;357;45,17;SAMSUNG;Samsung;EI-T5600KWEGEU;8806095039763;0,12113
SUPS0269;Samsung EO-IC100 - Ohrhörer mit Mikrofon kabelgebunden - USB-C - weiß ;BABHOME;CE;;500;8,42;SAMSUNG;Samsung;EO-IC100BWEGEU;8806090270062;0,0546
SUPS0270;Samsung Galaxy SmartTag2 - Anti-Verlust Bluetooth-Tag für Handy - weiß;BABHOME;CE;;500;11,17;SAMSUNG;Samsung;EI-T5600BWEGEU;8806095039824;0,044
SUPS0272;Samsung EF-XS921- Galaxy S24 - Gadget Case für Mobiltelefon - clear ;BABHOME;CE;;37;4,62;SAMSUNG;Samsung;EF-XS921CTEGWW;8806095426785;0,0941
SUPS0279;Samsung EF-MS921- S24 - Klapphülle für Mobiltelefon - white;BABHOME;CE;;61;1,02;SAMSUNG;Samsung;EF-MS921CWEGWW;8806095498522;0,08265
SUPS0283;Sony WH-CH720N - True Wireless Headset - Black;BABHOME;CE;;103;50,75;SONY;Sony;WHCH720NB.CE7;4548736142428;0,51975
SUPS0285;Samsung EP-DX310 - USB-Kabel - 24 pin USB-C (M) - weiß;BABHOME;CE;;27;6,19;SAMSUNG;Samsung;EP-DX310JWEGEU;8806094257557;0,06
SUPS0286;Samsung EP-T4511 - Netzteil - 45 Watt - 5 A - Fast Charge - schwarz;BABHOME;CE;;102;15,94;SAMSUNG;Samsung;EP-T4511XBEGEU;8806095510002;0,208
SUPS0287;Samsung EP-T6530 - Netzteil - 65 Watt - 2 x USB-C - schwarz;BABHOME;CE;;13;20,30;SAMSUNG;Samsung;EP-T6530NBEGEU;8806092673885;0,204
SUPS0288;Sony ZV-1 II - Exmor RS CMOS;BABHOME;CE;;3;588,70;SONY;Sony;ZV1M2BDI.EU;5013493465145;0,5
SUPS0291;Sony HT-AN7 - Nackenlautsprecher;BABHOME;CE;;42;152,25;SONY;Sony;HTAN7.CE7;4548736158283;0,694
SUPS0296;Sony WH-ULT900N - Kopfhörer - Schwarz;BABHOME;CE;;113;85,77;SONY;Sony;WHULT900NB.CE7;4548736156432;0,823
SUPS0297;Sony WH-ULT900N - Kopfhörer - Off White;BABHOME;CE;;73;87,29;SONY;Sony;WHULT900NW.CE7;4548736158337;0,8235
SUPS0328;Sony WH-1000XM5L True Wireless Headset | Night Blue;BABHOME;CE;;95;175,60;SONY;Sony;WH1000XM5L.CE7;4548736134294;0,76
SUPS0329;Sony WH-1000XM5S True Wireless Headset | Silver;BABHOME;CE;;69;169,51;SONY;Sony;WH1000XM5S.CE7;4548736132597;0,764
SUPS0341;Samsung Powerbank - Battery Pack  - 25W 10.000 mAh - Beige;BABHOME;CE;;500;16,24;SAMSUNG;Samsung;EB-P3400XUEGEU;8806094682748;0,264
SUPS0342;Samsung Powerbank - 20000 mAh - 25 Watt - Fast Charge;BABHOME;CE;;500;25,88;SAMSUNG;Samsung;EB-P4520XUEGEU;8806095312187;0,524
SUPS0343;Samsung EP-DG930 Datenkabel USB-C zu USB Typ-A 1,5 m schwarz;BABHOME;CE;;200;3,55;SAMSUNG;Samsung;EP-DG930IBEGWW;8806088938141;0,05
SUPS0345;Samsung USB-C zu USB-C Kabel EP-DX510 (5A) 1,8m Schwarz;BABHOME;CE;;43;7,11;SAMSUNG;Samsung;EP-DX510JBEGEU;8806094257540;0,08
SUPS0355;Sony WH1000XM5P True Wireless Headset | Pink;BABHOME;CE;;47;182,70;SONY;Sony;WH1000XM5P.CE7;4548736163591;0,95
SUPS0366;Samsung USB-C 45W Travel Charger  EP-T4511NWE , White;BABHOME;CE;;500;14,01;SAMSUNG;Samsung;EP-T4511NWEGEU;8806097740599;0,13
SUPS0368;Samsung EP-T6010 - Netzteil - without cable - 60 Watt - Schwarz;BABHOME;CE;;460;20,81;SAMSUNG;Samsung;EP-T6010NBEGWW;8806097735618;0,152
SUPS0370;Samsung Powerbank - 5000 mAh - 25 Watt ;BABHOME;CE;;341;25,38;SAMSUNG;Samsung;EB-U2500XJEGWW;8806097918448;0,197
SUPS0371;Samsung Powerbank - 10000 mAh - 25 Watt - Fast Charge;BABHOME;CE;;77;19,29;SAMSUNG;Samsung;EB-U2510XUEGEU;8806095312170;0,306
SUPS0372;Samsung Powerbank - 15 Watt - Wireless Charger;BABHOME;CE;;194;15,12;SAMSUNG;Samsung;EP-P2400BBEGEU;8806092978683;0,31
SUPS1023;Sonos Ace Bluetooth-Kopfhörer - Schwarz;BABHOME;CE;;76;258,83;SONOS;SONOS;ACEG1R21BLK;8720862502642;1,104
SUPS1024;Sonos Ace Bluetooth-Kopfhörer - Weiß;BABHOME;CE;;27;258,83;SONOS;SONOS;ACEG1R21;8720862502635;1,2
SUPS3003;SteelSeries Arctis Nova 7P - Headset - ohrumschließend - White;BABHOME;CE;;20;131,95;STEELS;SteelSeries;61561;5707119056502;0,875
SUPS3005;SteelSeries Arctis Nova 7X - Headset - ohrumschließend - Black;BABHOME;CE;;42;152,25;STEELS;SteelSeries;61565;5707119041331;0,86667
SUPS7004;Shelly - Hutschiene - "3EM" - Stromzähler - max. 3x 120A -Inkl. 3 Klemmen - Messfunktion - WLAN;BAB GREENVISION;;;500;48,72;SHELLY;Shelly;SHELLY_3EM;3800235262214;0,515
SUPS7023;Shelly · Unterputz·"1PM Gen3"· Relais;BAB GREENVISION;;;49;11,17;SHELLY;Shelly;SHELLY_1PM_GEN3;3800235261798;0,0398
SUPT2001;Telit Cinterion SE868SY-D Eval Kit;BABHOME;DV;;9;162,40;TELIT;Telit;SE868SY-D EVK;;0,299
SUPT4010;Teufel T6 Subwoofer MK2 20 60W Schwarz Wireless;PERIPHERIE;;;2;233,45;TEUFEL;;T6 SW MK2 20;4048945034953;9,55
SUPV0001;Verbatim Mobile DVD ReWriter USB 2.0 (Light Version) 53504;PERIPHERIE;VERBATIM;;22;24,77;VERB;Verbatim;53504;0023942535041;0,39
SUPV0004;Verbatim Mobile Blu-ray Brenner ReWriter USB 3.0 43890;PERIPHERIE;VERBATIM;;20;101,50;VERB;Verbatim;43890;0023942438908;0,65
SUPV0005;Verbatim 1x50 Verbatim DVD-R 4,7GB 16x Speed, photo printable 43533;PERIPHERIE;VERBATIM;;3;11,88;VERB;Verbatim;43533;0023942435334;0,93
SUPV0011;Verbatim Slimline Blu-ray Writer USB 3.1 GEN 1 USB-C 43889;PERIPHERIE;VERBATIM;;29;108,61;VERB;Verbatim;43889;0023942438892;0,4505
SUPV0012;Verbatim USB-C Pro Multiport Hub 9 Port CMH-9 32152;PERIPHERIE;VERBATIM;;76;30,75;VERB;Verbatim;32152;0023942321521;0,14875
SUPV0013;Verbatim USB-C Pro Multiport Hub 14 Port CMH-14 32154;PERIPHERIE;VERBATIM;;19;42,93;VERB;Verbatim;32154;0023942321545;0,2175
SUPV0020;Verbatim USB-C Essentials Multi- Port Hub 7 Port 32158;PERIPHERIE;VERBATIM;;1;19,79;VERB;Verbatim;32158;0023942321583;0,114
SUPV0022;Verbatim USB-C Pro Multiport Hub 8 Port CMH-08 32151;PERIPHERIE;VERBATIM;;1;29,44;VERB;Verbatim;32151;0023942321514;0,134
SUPV0026;Verbatim Sync&Charge 60W 120cm USB-C/USB-C Magnetic grün 31864;PERIPHERIE;VERBATIM;;10;6,14;VERB;Verbatim;31864;0023942318644;0,1005
SUPV0027;Verbatim Share My Screen USB-C Wirel.Displ.Ad. 1080P/Hub 32146;PERIPHERIE;VERBATIM;;10;58,67;VERB;Verbatim;32146;0023942321460;0,322
SUPV0029;Verbatim USB-C Essentials Multi- Port Hub 6 Port/card read. 32156;PERIPHERIE;VERBATIM;;13;16,75;VERB;Verbatim;32156;0023942321569;0,1198
SUPV0031;Verbatim USB-C Essentials Multi- Port Hub 4 Port 32155;PERIPHERIE;VERBATIM;;9;9,14;VERB;Verbatim;32155;0023942321552;0,11215
SUPV0032;Verbatim USB-C Pro Multiport Hub 13 Port CMH-13 32153;PERIPHERIE;VERBATIM;;40;55,52;VERB;Verbatim;32153;0023942321538;0,24
SUPV0034;Verbatim PMT-14 Portable Touchscreen Monitor;PERIPHERIE;VERBATIM;;20;126,88;VERB;Verbatim;49591;0023942495918;2,475
SUPV0035;Verbatim PMT-17 Portable Touchscreen Monitor;PERIPHERIE;VERBATIM;;30;254,77;VERB;Verbatim;49593;0023942495932;3,4875
SUPV0036;Verbatim PMT-15 Portable Touchscreen Monitor;PERIPHERIE;VERBATIM;;34;147,18;VERB;Verbatim;49592;0023942495925;2,73
SUPV0037;Verbatim PMT-17 4K Portable Touchscreen Display;PERIPHERIE;VERBATIM;;31;342,06;VERB;Verbatim;32239;0023942322399;3,6125
SUPV0038;Verbatim PMT-15 4K Portable Touchscreen Monitor;PERIPHERIE;VERBATIM;;40;248,68;VERB;Verbatim;32238;0023942322382;2,753
SUPV0039;Verbatim GaN III Univers. Travel Adapt. Welt-zu-Welt UTA-05 32120;PERIPHERIE;VERBATIM;;17;28,62;VERB;Verbatim;32120;0023942321200;0,277
SUPV0040;Verbatim GaN III Uni.Travel Adap 100W Welt-zu-Welt UTA-06 32121;PERIPHERIE;VERBATIM;;10;40,80;VERB;Verbatim;32121;0023942321217;0,3675
SUPV0044;Verbatim GNC-35 GaN Charger 34W 1xUSB-C PD, 1xUSB-A QC 3.0 32200;PERIPHERIE;VERBATIM;;35;8,98;VERB;Verbatim;32200;0023942322009;0,18625
SUPV0047;Verbatim GNC-140 GaN Charg. 140W 3xUSB-C PD, 1xUSB-A QC 3.0 32203;PERIPHERIE;VERBATIM;;37;40,60;VERB;Verbatim;32203;0023942322030;0,443
SUPV0048;Verbatim GNC-200 GaN Charg. 200W 3xUSB-C PD, 1xUSB-A QC 3.0 32204;PERIPHERIE;VERBATIM;;2;54,20;VERB;Verbatim;32204;0023942322047;0,464
SUPV0053;Verbatim Gan Charger 65W 2xUSB-C PD,1xUSB-A, retrac. Cable 32217;PERIPHERIE;VERBATIM;;19;25,58;VERB;Verbatim;32217;0023942322177;0,33
SUPV0056;Verbatim 1x10 Verbatim DVD+R 4,7GB Jewel 16x Speed, printable;PERIPHERIE;VERBATIM;;16;5,38;VERB;Verbatim;43508;0023942435082;0,9
SUPV0064;Verbatim 5er-Pack Verbatim BD-R Blu-Ray 100GB 4x Speed wide printable JC;PERIPHERIE;VERBATIM;;15;32,48;VERB;Verbatim;43789;0023942437895;0,232
SUPV0067;VERBATIM CHARGE 'N' TRAVEL 70W 2C RETRACTABLE UNIVERSAL TRAVEL ADAPTER BLUE;PERIPHERIE;VERBATIM;;4;38,16;VERB;Verbatim;30187;023942301875;0,354
SUPV0068;VERBATIM CHARGE 'N' TRAVEL 70W 2C RETRACTABLE UNIVERSAL TRAVEL ADAPTER PURPLE;PERIPHERIE;VERBATIM;;8;38,06;VERB;Verbatim;30188;0023942301882;0,354
SUPV0069;VERBATIM CHARGE 'N' TRAVEL 100W UNIVERSAL TRAVEL ADAPTER WITH RETRACTABLE CABLE BLACK;PERIPHERIE;VERBATIM;;3;42,63;VERB;Verbatim;30191;023942301912;0,354
SUPV0070;VERBATIM CHARGE 'N' TRAVEL 100W UNIVERSAL TRAVEL ADAPTER WITH RETRACTABLE CABLE BLUE;PERIPHERIE;VERBATIM;;9;42,63;VERB;Verbatim;30192;0023942301929;0,354
SUPV0071;VERBATIM CHARGE 'N' TRAVEL 100W UNIVERSAL TRAVEL ADAPTER WITH RETRACTABLE CABLE PURPLE;PERIPHERIE;VERBATIM;;8;42,63;VERB;Verbatim;30193;0023942301936;0,354
SUPV0073;VERBATIM PORTABLE 15.6 DUAL MONITOR ESSENTIALS;PERIPHERIE;VERBATIM;;49;182,70;VERB;Verbatim;32403;0023942324034;3,29
SUPV0075;Verbatim Portable 14" FHD Touch Monitor LIGHT with Wireless Power Supply incl. Power Bank 5000mAh;PERIPHERIE;VERBATIM;;10;145,15;VERB;Verbatim;32088;0023942320883;1,91
SUPV0084;Verbatim Cool’n’go Airjet Handheld Fan Grey/Purple 32340;PERIPHERIE;VERBATIM;;489;12,79;VERB;Verbatim;32340;0023942323402;0,25625
SUPV0085;Verbatim Cool’n’go Airjet Handheld Fan White/Silver 32341;PERIPHERIE;VERBATIM;;493;12,79;VERB;Verbatim;32341;0023942323419;0,25625
SUPX0011;Xiaomi Mi TV Stick - Digitaler Multimedia-Receiver 2 GB / 8 GB;BABHOME;CE;;244;37,56;XIAOMI;Xiaomi;MDZ-27-AA;6971408155620;0,284
SUPY0000;Yealink DECT Headset WH62 Mono UC;BABHOME;CE;;56;103,53;YEALINK;Yealink;1208672;6938818319592;0,3
SUPY0003;Yealink DECT Multi-Cell Manager W90DM;BABHOME;CE;;85;175,09;YEALINK;Yealink;1302016;6938818306202;0,3478
SUPY0010;Yealink IP Telefon SIP-T54W V2;BABHOME;CE;;2;108,91;YEALINK;Yealink;1301081;6938818303171;1,45
SUPY0014;Yealink IP Telefon SIP-T58W;BABHOME;CE;;29;194,17;YEALINK;Yealink;1301111;6938818307667;1,91
SUPY0019;Yealink IP Telefon MP56-Teams E2;BABHOME;CE;;38;204,02;YEALINK;Yealink;1301017;6938818318410;1,414
SUPY0022;Yealink IP Telefon SIP-T53W;BABHOME;CE;;111;99,37;YEALINK;Yealink;1301087;6938818303188;1,364
SUPY0038;Yealink DECT Telefon W79P (Basis W70B und W59R);BABHOME;CE;;41;128,40;YEALINK;Yealink;1302025;6938818308497;0,782
SUPY0044;Yealink WH64 Dual Teams - Headset - On-Ear - DECT / Bluetooth;BABHOME;CE;;366;113,17;YEALINK;Yealink;1208674;6938818319578;0,92
SUPY0056;Yealink BH70 Mono - Headset - Bluetooth;BABHOME;CE;;60;64,05;YEALINK;Yealink;1208705;6938818321816;0,31
SUPY0059;Yealink WH67 - Headset WH67 Mono UC;BABHOME;CE;;50;154,79;YEALINK;Yealink;1308041;6938818306578;1,03
SUPY0060;Yealink WH64 Mono - Headset - On-Ear;BABHOME;CE;;95;103,53;YEALINK;Yealink;1208671;6938818319608;0,734
SUPY1003;YUBICO USB-Sicherheitsschlüssel - NFC - Schwarz;NB ZUBEHÖR;SECURITY;;338;24,87;YUBICO;Yubico;5060408465301;5060408465301;0,00932
SUPZ0006;Zebra ZD421d - Etikettendrucker;EINGABEGER;;;15;248,68;ZEBRA;Zeb;ZD4A042-D0EM00EZ;2503062116279;2,93
SUPZ0020;Zebra ZD421t - Etikettendrucker - Thermotransfer - Rolle (11,2 cm);EINGABEGER;;;66;309,58;ZEBRA;Zeb;ZD4A042-30EE00EZ;8596375242906;3,828
SUPZ0033;Zebra ZD421t - Etikettendrucker - Thermotransfer;EINGABEGER;;;6;345,10;ZEBRA;Zeb;ZD4A043-30EE00EZ;5704174529460;3,517
USBK0042;Kioxia SD Exceria Plus 128GB;SPEICHER;FLASH;USB;10;17,90;KIOXIA;Kioxia;LNPL2M128GG4;4582761160187;0,02
USBK0043;Kioxia microSD Exceria Plus 64GB;SPEICHER;FLASH;USB;500;12,05;KIOXIA;Kioxia;LMPL2M064GG2;4582563858398;0
USBK0047;Kioxia microSD Exceria Plus 128GB;SPEICHER;FLASH;USB;104;21,25;KIOXIA;Kioxia;LMPL3M128GG2;4582761160507;0,0098
USBK1010;Kioxia microSD Exceria 32GB;SPEICHER;FLASH;USB;102;7,80;KIOXIA;Kioxia;LMEX1L032GG2;4582563850804;0,009
USBK1022;Kioxia TransMemory U202 white 32GB USB 2.0;SPEICHER;FLASH;USB;500;6,90;KIOXIA;Kioxia;LU202W032GG4;4582563850200;0,015
USBK1023;Kioxia TransMemory U202 white 64GB USB 2.0;SPEICHER;FLASH;USB;486;5,90;KIOXIA;Kioxia;LU202W064GG4;4582563850217;0,017
USBK1024;Kioxia TransMemory U202 white 128GB USB 2.0;SPEICHER;FLASH;USB;249;6,98;KIOXIA;Kioxia;LU202W128GG4;4582563850224;0,016
USBK1035;Kioxia TransMemory U301 64GB USB 3.0;SPEICHER;FLASH;USB;149;7,72;KIOXIA;Kioxia;LU301W064GG4;4582563850033;0,015
USBK1040;Kioxia TransMemory U365 256GB USB 3.0;SPEICHER;FLASH;USB;20;32,48;KIOXIA;Kioxia;LU365K256GG4;4582563850521;0,015
USBK1048;Kioxia Exceria G2 SD Card 128GB;SPEICHER;FLASH;USB;70;26,80;KIOXIA;Kioxia;LNEX2L128GG4;4582563857087;0,01
USBK1050;Kioxia Exceria G2 SD Card 512GB;SPEICHER;FLASH;USB;6;39,03;KIOXIA;Kioxia;LNEX2L512GG4;4582563857209;0,01
USBK1051;Kioxia Exceria G2 SD Card 1TB;SPEICHER;FLASH;USB;3;68,50;KIOXIA;Kioxia;LNEX2L001TG4;4582563857261;0,01
USBK1053;Kioxia Exceria Plus G2 SD Card 64GB;SPEICHER;FLASH;USB;5;13,01;KIOXIA;Kioxia;LNPL2M064GG4;4582761160170;0,0099
USBK1054;Kioxia Exceria Plus G2 SD Card 256GB;SPEICHER;FLASH;USB;5;32,00;KIOXIA;Kioxia;LNPL2M256GG4;4582761160194;0,00995
USBK1056;Kioxia TransMemory U301 64GB black USB 3.0;SPEICHER;FLASH;USB;6;6,50;KIOXIA;Kioxia;LU301K064GG4;4582563855472;0,0171
USBK1060;Kioxia microSD Exceria Plus 128GB;SPEICHER;FLASH;USB;500;17,27;KIOXIA;Kioxia;LMPL2M128GG2;4582563858435;0,0097
USBS0011;SanDisk Ultra Flair USB 3.0 64GB;SPEICHER;FLASH;USB;100;11,90;SANDISK;SanDisk;SDCZ73-064G-G46;0619659136703;0,01774
USBS0013;SanDisk Ultra Flair USB 3.0 256GB;SPEICHER;FLASH;USB;100;33,90;SANDISK;SanDisk;SDCZ73-256G-G46;0619659154189;0,01772
USBS0019;SanDisk Ultra Dual Drive Go USB 3.1 /USB-C 64GB;SPEICHER;FLASH;USB;17;12,50;SANDISK;SanDisk;SDDDC3-064G-G46;0619659177171;0,01692
USBS0071;SanDisk Ultra - Flash-Speicherkarte - 32 GB - Class 10;SPEICHER;FLASH;SDHC;20;10,90;SANDISK;SanDisk;SDSQUNR-032G-GN3MN;0619659184384;0,0081
USBS0072;SanDisk microSDXC Extreme Pro 256GB;SPEICHER;FLASH;USB;5;54,50;SANDISK;SanDisk;SDSQXCD-256G-GN6MA;619659188542;0,0166
USBS0073;SanDisk Ultra Flair USB-Flash-Laufwerk 128 GB;SPEICHER;FLASH;USB;45;19,90;SANDISK;SanDisk;SDCZ73-128G-G46B;0619659163082;0,018
USBS0074;SanDisk Ultra Luxe USB-Flash-Laufwerk 32 GB;SPEICHER;FLASH;USB;83;10,90;SANDISK;SanDisk;SDCZ74-032G-G46;0619659172510;0,024
USBS0075;SanDisk Ultra Luxe USB-Flash-Laufwerk 64 GB;SPEICHER;FLASH;USB;154;11,90;SANDISK;SanDisk;SDCZ74-064G-G46;0619659172831;0,0206
USBS0076;SanDisk Ultra Luxe USB-Flash-Laufwerk 128 GB;SPEICHER;FLASH;USB;344;17,90;SANDISK;SanDisk;SDCZ74-128G-G46;0619659172855;0,0215
USBS0082;SanDisk Extreme Pro Flash-Speicherkarte  512 GB;SPEICHER;FLASH;USB;100;89,90;SANDISK;SanDisk;SDSQXCD-512G-GN6MA;0619659188566;0,016
USBS1019;SanDisk USB Cruzer Blade 32GB USB2.0;SPEICHER;FLASH;USB;106;7,20;SANDISK;SanDisk;SDCZ50-032G-B35;0619659069193;0,011
USBS1092;SanDisk Ultra Dual Drive Luxe USB 3.1 Gen 1 / USB-C 32GB;SPEICHER;FLASH;SDHC;18;13,50;SANDISK;SanDisk;SDDDC4-032G-G46;0619659178581;0,0256
USBS1093;SanDisk USB Cruzer Blade 128GB USB 2.0;SPEICHER;FLASH;USB;100;14,90;SANDISK;SanDisk;SDCZ50-128G-B35;0619659125905;0,01192
USBS1094;SanDisk USB Cruzer Blade 64GB USB 2.0;SPEICHER;FLASH;USB;139;7,25;SANDISK;SanDisk;SDCZ50-064G-B35;0619659097318;0,011
USBT0223;Toshiba SD Exceria R100 N203 256GB;SPEICHER;FLASH;SDHC;7;16,24;TOSHIBA;Toshiba;THN-N203N2560E4;4047999411222;0,0102
USBV0000;Verbatim Plectra Black 128GB USB-C Flash Drive 30225;SPEICHER;FLASH;USB;100;15,23;VERB;Verbatim;30225;023942302254;0,02
USBV0002;Verbatim Plectra Black 256GB USB-C Flash Drive 30226;SPEICHER;FLASH;USB;100;26,64;VERB;Verbatim;30226;023942302261;0,02
USBV0003;Verbatim Plectra Black 512GB USB-C Flash Drive 302;SPEICHER;FLASH;USB;95;51,36;VERB;Verbatim;30227;0023942302278;0,02
USBV0005;Verbatim Plectra White 128GB USB-C Flash Drive 30229;SPEICHER;FLASH;USB;100;15,33;VERB;Verbatim;30229;0023942302292;0,02
USBV0006;Verbatim Plectra White 256GB USB-C Flash Drive 30230;SPEICHER;FLASH;USB;99;26,09;VERB;Verbatim;30230;0023942302308;0,02
USBV0007;Verbatim Plectra White 512GB USB-C Flash Drive 30231;SPEICHER;FLASH;USB;88;51,36;VERB;Verbatim;30231;0023942302315;0,02
USBV0008;Verbatim Store n Go V3 16GB USB 3.0 grey 49172;SPEICHER;FLASH;USB;422;5,27;VERB;Verbatim;49172;0023942491729;0,02
USBV0012;Verbatim Store n Go V3 256GB USB 3.0 grey 49168;SPEICHER;FLASH;USB;132;25,68;VERB;Verbatim;49168;023942491682;0,0202
USBV0013;Verbatim Store n Go 8GB Pinstripe USB 2.0 black 49062;SPEICHER;FLASH;USB;235;3,44;VERB;Verbatim;49062;0023942490623;0,018
USBV0016;Verbatim Store n Go 64GB Pinstripe USB 2.0 black 49065;SPEICHER;FLASH;USB;126;5,30;VERB;Verbatim;49065;0023942490654;0,019
USBV0017;Verbatim Store n Go 128GB Pinstripe USB 2.0 black 49071;SPEICHER;FLASH;USB;52;8,90;VERB;Verbatim;49071;0023942490715;0,02
USBV0018;Verbatim V200 Metal USB 3.2 64GB Aluminium;SPEICHER;FLASH;USB;61;8,07;VERB;Verbatim;30211;0023942302117;0,0204
USBV0020;Verbatim Metal Executive 16GB USB 3.0 gold;SPEICHER;FLASH;USB;83;7,51;VERB;Verbatim;99104;0023942991045;0,0163
USBV0021;Verbatim Metal Executive 32GB USB 3.0 gold;SPEICHER;FLASH;USB;47;8,55;VERB;Verbatim;99105;0023942991052;0,0162
USBV0022;Verbatim Metal Executive 64GB USB 3.0 gold;SPEICHER;FLASH;USB;5;9,03;VERB;Verbatim;99106;0023942991069;0,0161
VGAA0209;ASUS TUF Gaming GeForce RTX 5090 32GB - OC Edition 90YV0LY0-M0NA00;VGA;;;6;3950,00;ASUS;Asustek;90YV0LY0-M0NA00;4711387890325;3,66
VGAG0017;Gigabyte GeForce RTX 5090 GAMING OC 32G - GV-N5090GAMING OC-32GD;VGA;;;1;3990,01;GIGA;Gigabyte;GV-N5090GAMING OC-32GD;4719331355791;3,2
VGAG0018;Gigabyte AORUS GeForce RTX 5090 MASTER ICE 32G - OC Edition;VGA;;;3;3990,01;GIGA;Gigabyte;GV-N5090AORUSM ICE-32GD;4719331355906;4,15
VGAG0019;Gigabyte AORUS GeForce RTX 5090 MASTER 32G - OC Edition;VGA;;;3;3999,01;GIGA;Gigabyte;GV-N5090AORUS M-32GD;4719331355807;4,1
VGAG0020;Gigabyte AORUS STEALTH ICE - OC Edition - Grafikkarten;VGA;;;1;3999,01;GIGA;Gigabyte;GV-N5090AORUSST ICE-32GD;4719331356576;4,1
W0082;ECOFLOW Residential Ecosystem Broschüren-Paket (1 Karton);BAB GREENVISION;PPS;;128;25,38;ECOFLOW;Ecoflow;;;0
