ean,brand,title_alt,title_neu,final,len_alt,len_neu,ok
4719692007018,G.Skill,G.Skill Ripjaws V F4-3200C16D-32GVK memory module,G.Skill F4-3200C16D-32GVK RAM Arbeitsspeicher 32GB 3200MHz DDR4 2x Kit NEU,G.Skill F4-3200C16D-32GVK RAM Arbeitsspeicher 32GB 3200MHz DDR4 2x Kit NEU,49,74,JA
5099206066670,Logitech,Logitech M330 SILENT PLUS mouse,Logitech M330 SILENT Maus 1000 DPI kabellos leise NEU,Logitech M330 SILENT Maus 1000 DPI kabellos leise NEU,31,53,JA
4023125027239,DECT,DECT FRITZ! 210 smart plug,DECT FRITZ Smarte Steckdose IP44 kabellos NEU,DECT FRITZ Smarte Steckdose IP44 kabellos NEU,26,45,JA
5099206051805,Logitech,Logitech Bluetooth Audio Receiver,Logitech Bluetooth Audio Empfänger 15m NEU,Logitech Bluetooth Audio Empfänger 15m NEU,33,42,JA
0619659125905,SanDisk,SanDisk Cruzer Blade USB flash drive,SanDisk Cruzer USB-Stick 128GB NEU,SanDisk Cruzer USB-Stick 128GB NEU,36,34,JA
5099206066823,Logitech,Logitech 920-008221 keyboard,Logitech Maus Bluetooth NEU,Logitech 920-008221 keyboard,28,27,NEIN
0810354023514,Ubiquiti,Ubiquiti UAP-AC-PRO wireless access point,Ubiquiti UAP-AC-PRO WLAN Access Point Wi-Fi 5 kabellos NEU,Ubiquiti UAP-AC-PRO WLAN Access Point Wi-Fi 5 kabellos NEU,41,58,JA
0888462698429,Apple,Apple MLL82ZM/A USB cable,Apple MLL82ZM USB Kabel 2m NEU,Apple MLL82ZM USB Kabel 2m NEU,25,30,JA
6935364020064,TP-Link,TP-Link 5-Port-10/100Mbit/s-Desktop-Switch,TP-Link Netzwerk Switch 5-Port NEU,TP-Link Netzwerk Switch 5-Port NEU,42,34,JA
0023942491729,Verbatim,Verbatim V3 - USB 3.0-Stick 16 GB - Schwarz,Verbatim V3 USB-Stick 16GB USB 3.0 NEU,Verbatim V3 USB-Stick 16GB USB 3.0 NEU,43,38,JA
0023942491743,Verbatim,Verbatim V3 - USB 3.0-Stick 64 GB - Schwarz,Verbatim V3 USB-Stick 64GB USB 3.0 NEU,Verbatim V3 USB-Stick 64GB USB 3.0 NEU,43,38,JA
0097855119551,Logitech,Logitech 989-000171 microphone,Logitech Mikrofon kabellos NEU,Logitech Mikrofon kabellos NEU,30,30,JA
0619659069193,SanDisk,SanDisk Cruzer Blade 32GB USB flash drive,SanDisk Cruzer Blade 32GB USB-Stick NEU,SanDisk Cruzer Blade 32GB USB-Stick NEU,41,39,JA
0619659097318,SanDisk,SanDisk Cruzer Blade USB flash drive,SanDisk Cruzer USB-Stick 64GB NEU,SanDisk Cruzer USB-Stick 64GB NEU,36,33,JA
0023942491736,Verbatim,Verbatim V3 - USB 3.0-Stick 32 GB - Schwarz,Verbatim V3 USB-Stick 32GB USB 3.0 NEU,Verbatim V3 USB-Stick 32GB USB 3.0 NEU,43,38,JA
0023942490647,Verbatim,Verbatim PinStripe - USB-Stick 32 GB - Schwarz,Verbatim USB-S USB-Stick 32GB NEU,Verbatim USB-S USB-Stick 32GB NEU,46,33,JA
5099206066687,Logitech,Logitech 910-004910 mouse,Logitech Maus 1000 DPI kabellos leise NEU,Logitech Maus 1000 DPI kabellos leise NEU,25,41,JA
0023942490623,Verbatim,Verbatim PinStripe - USB-Stick 8 GB - Schwarz,Verbatim USB-S USB-Stick 8GB NEU,Verbatim USB-S USB-Stick 8GB NEU,45,32,JA
0023942991069,Verbatim,Verbatim Metal Executive - USB 3.0-Stick 64 GB - Gold,Verbatim USB-Stick 64GB USB 3.0 NEU,Verbatim USB-Stick 64GB USB 3.0 NEU,53,35,JA
6935364099305,TP-Link,TP-Link 300Mbit/s-WLAN-Repeater,TP-Link WLAN-R NEU,TP-Link 300Mbit/s-WLAN-Repeater,31,18,NEIN
5099206038844,Logitech,Logitech 981-000475 headphones/headset,Logitech Headset NEU,Logitech 981-000475 headphones/headset,38,20,NEIN
5099206039179,Logitech,Logitech 920-004511 keyboard,Logitech Maus kabellos NEU,Logitech 920-004511 keyboard,28,26,NEIN
5099206063846,Logitech,Logitech 920-007905 keyboard,Logitech Maus kabellos NEU,Logitech 920-007905 keyboard,28,26,NEIN
5099206059429,Logitech,Logitech 920-007145 keyboard,Logitech Tastatur kabellos NEU,Logitech Tastatur kabellos NEU,28,30,JA
0191200521539,Lenovo,Lenovo 4X20M26272 Netzteil & Spannungsumwandler 65 W Schwarz,Lenovo X20M26272 ATX Netzteil 65W NEU,Lenovo X20M26272 ATX Netzteil 65W NEU,60,37,JA
5099206061309,Logitech,Logitech 960-001055 webcam,Logitech Webcam Full HD NEU,Logitech 960-001055 webcam,26,27,NEIN
4015867104675,Honeywell,Honeywell MS5145 Eclipse,Honeywell MS5145 NEU,Honeywell MS5145 Eclipse,24,20,NEIN
5099206066199,Logitech,Logitech M220 Silent mouse,Logitech M220 Maus 1000 DPI kabellos leise NEU,Logitech M220 Maus 1000 DPI kabellos leise NEU,26,46,JA
5099206023901,Logitech,Logitech Marathon M705 mouse,Logitech M705 Maus 1000 DPI kabellos NEU,Logitech M705 Maus 1000 DPI kabellos NEU,28,40,JA
5099206048782,Logitech,Logitech 980-000814 loudspeaker,Logitech NEU,Logitech 980-000814 loudspeaker,31,12,NEIN
0885909627448,Apple,Apple Lightning - USB,Apple Lightning - USB Kabel 2.0 2m NEU,Apple Lightning - USB Kabel 2.0 2m NEU,21,38,JA
0023942490654,Verbatim,Verbatim PinStripe - USB-Stick 64 GB - Schwarz,Verbatim USB-S USB-Stick 64GB NEU,Verbatim USB-S USB-Stick 64GB NEU,46,33,JA
5099206027282,Logitech,Logitech 910-002238 mouse,Logitech Maus 1000 DPI kabellos NEU,Logitech Maus 1000 DPI kabellos NEU,25,35,JA
5099206059030,Logitech,Logitech 960-001034 video conferencing system,Logitech Full HD NEU,Logitech 960-001034 video conferencing system,45,20,NEIN
5099206070011,Logitech,Logitech 910-004861 wireless presenter,Logitech Bluetooth 30m NEU,Logitech 910-004861 wireless presenter,38,26,NEIN
5099206065086,Logitech,Logitech 910-004791 mouse,Logitech Maus Bluetooth 1000 DPI NEU,Logitech Maus Bluetooth 1000 DPI NEU,25,36,JA
4719692013446,G.Skill,G.Skill Aegis F4-3000C16D-16GISB memory module,G.Skill F4-3000C16D-16GISB RAM Arbeitsspeicher 16GB 3000MHz DDR4 2x Kit NEU,G.Skill F4-3000C16D-16GISB RAM Arbeitsspeicher 16GB 3000MHz DDR4 2x Kit NEU,46,75,JA
4719692015198,G.Skill,G.Skill Trident Z RGB F4-3200C16D-16GTZR memory module,G.Skill RAM Arbeitsspeicher 16GB 3200MHz DDR4 2x Kit NEU,G.Skill RAM Arbeitsspeicher 16GB 3200MHz DDR4 2x Kit NEU,54,56,JA
0191999788403,Lenovo,Lenovo 40AF0135EU laptop-dockingstation & portreplikator Kabelgebunden Schwarz,Lenovo AF0135EU Docking Station 4K UHD NEU,Lenovo AF0135EU Docking Station 4K UHD NEU,78,42,JA
5099206072060,Logitech,Logitech MeetUp video conferencing system,Logitech 4K UHD NEU,Logitech MeetUp video conferencing system,41,19,NEIN
4719692013439,G.Skill,G.Skill Aegis F4-3000C16S-8GISB memory module,G.Skill F4-3000C16S-8GISB RAM Arbeitsspeicher 8GB 3000MHz DDR4 NEU,G.Skill F4-3000C16S-8GISB RAM Arbeitsspeicher 8GB 3000MHz DDR4 NEU,45,66,JA
0740617277357,Kingston Technology,"Kingston Technology A400 960 GB 2.5"" Serial ATA III TLC",Kingston Technology A400 960 NEU,Kingston Technology A400 960 NEU,55,32,JA
4719692019950,G.Skill,G.Skill Value memory module,G.Skill Value RAM Arbeitsspeicher 8GB 2666MHz DDR4 NEU,G.Skill Value RAM Arbeitsspeicher 8GB 2666MHz DDR4 NEU,27,54,JA
4719692013460,G.Skill,G.Skill Aegis F4-3000C16D-32GISB memory module,G.Skill F4-3000C16D-32GISB RAM Arbeitsspeicher 32GB 3000MHz DDR4 2x Kit NEU,G.Skill F4-3000C16D-32GISB RAM Arbeitsspeicher 32GB 3000MHz DDR4 2x Kit NEU,46,75,JA
6935364010751,TP-Link,TP-Link Omada SG3452 Netzwerk-Switch Managed L2+ Gigabit Ethernet (10/100/1000) 1U Schwarz,TP-Link SG3452 Netzwerk Switch NEU,TP-Link SG3452 Netzwerk Switch NEU,90,34,JA
5099206080270,Logitech,Logitech G 910-005471 mouse,Logitech 910-005471 Maus NEU,Logitech G 910-005471 Maus NEU,27,28,NEIN
0817882025607,Ubiquiti,Ubiquiti CKG2-RM rack accessory,Ubiquiti CKG2-RM NEU,Ubiquiti CKG2-RM rack accessory,31,20,NEIN
5706991019940,Jabra,Jabra Evolve 30 II Kopfhörer Kabelgebunden Kopfband Büro/Callcenter USB Type-C / USB Type-A Schwarz,Jabra II Kopfhörer NEU,Jabra Evolve 30 II Kopfhörer Kabelgebunden Kopfband Büro/Callcenter USB Type-C / USB Type-A Schwarz,99,22,NEIN
5706991019957,Jabra,Jabra Evolve 30 II UC Mono,Jabra II UC Kopfhörer NEU,Jabra Evolve 30 II UC Mono,26,25,NEIN
5099206079526,Logitech,Logitech Rally Plus video conferencing system,Logitech 4K UHD NEU,Logitech Rally Plus video conferencing system,45,19,NEIN
5099206088252,Logitech,Logitech 920-009474 mobile device keyboard,Logitech Tastatur NEU,Logitech 920-009474 mobile device keyboard,42,21,NEIN
6935364053413,TP-Link,TP-Link AC1300-High-Gain-Dualband-USB-WLAN-Adapter,TP-Link AC1300-H WLAN USB Adapter Wi-Fi 5 kabellos NEU,TP-Link AC1300-H WLAN USB Adapter Wi-Fi 5 kabellos NEU,50,54,JA
0817882025966,Ubiquiti,Ubiquiti UniFi Dream Machine wireless router,Ubiquiti UniFi Dream Machine WLAN Router kabellos NEU,Ubiquiti UniFi Dream Machine WLAN Router kabellos NEU,44,53,JA
5099206077461,Logitech,Logitech 920-008685 keyboard,Logitech Netzwerk Switch kabellos NEU,Logitech Netzwerk Switch kabellos NEU,28,37,JA
6938818303171,Yealink,Yealink SIP-T54W IP-Telefon Schwarz 10 Zeilen LCD WLAN,Yealink SIP-T54W LAN Netzwerkkabel NEU,Yealink SIP-T54W LAN Netzwerkkabel NEU,54,38,JA
5706991022865,Jabra,Jabra Evolve2 65 Kopfhörer Kabellos Kopfband Büro/Callcenter USB Typ-C Bluetooth Ladestation,Jabra Bluetooth Kopfhörer kabellos NEU,Jabra Bluetooth Kopfhörer kabellos NEU,92,38,JA
5706991022803,Jabra,Jabra Evolve2 65,Jabra Evolve2 65 Kopfhörer kabellos NEU,Jabra Evolve2 65 Kopfhörer kabellos NEU,16,39,JA
5706991022902,Jabra,Jabra Evolve2 65 Kopfhörer Kabellos Kopfband Büro/Callcenter USB Typ-A Bluetooth Ladestation,Jabra Bluetooth Kopfhörer kabellos NEU,Jabra Bluetooth Kopfhörer kabellos NEU,92,38,JA
5706991023299,Jabra,Jabra Evolve2 85 Kopfhörer Kabellos Kopfband Büro/Callcenter USB Typ-A Bluetooth Schwarz,Jabra Bluetooth Kopfhörer kabellos NEU,Jabra Bluetooth Kopfhörer kabellos NEU,88,38,JA
5706991023275,Jabra,Jabra Evolve2 85,Jabra Evolve2 85 Kopfhörer kabellos NEU,Jabra Evolve2 85 Kopfhörer kabellos NEU,16,39,JA
5706991023213,Jabra,Jabra Evolve2 85 Kopfhörer Kabellos Kopfband Büro/Callcenter USB Typ-A Bluetooth Schwarz,Jabra Bluetooth Kopfhörer kabellos NEU,Jabra Bluetooth Kopfhörer kabellos NEU,88,38,JA
5706991023190,Jabra,Jabra Evolve2 85 Kopfhörer Kabellos Kopfband Büro/Callcenter USB Typ-C Bluetooth Schwarz,Jabra Bluetooth Kopfhörer kabellos NEU,Jabra Bluetooth Kopfhörer kabellos NEU,88,38,JA
0649528903549,Crucial,Crucial CT8G4DFRA32A memory module,Crucial CT8G4DFRA32A RAM Arbeitsspeicher 8GB 3200MHz DDR4 NEU,Crucial CT8G4DFRA32A RAM Arbeitsspeicher 8GB 3200MHz DDR4 NEU,34,61,JA
0649528903600,Crucial,Crucial CT16G4SFRA32A memory module,Crucial CT16G4SFRA32A RAM Arbeitsspeicher 16GB 3200MHz DDR4 NEU,Crucial CT16G4SFRA32A RAM Arbeitsspeicher 16GB 3200MHz DDR4 NEU,35,63,JA
4713294224378,G.Skill,G.Skill Aegis F4-3200C16S-8GIS memory module,G.Skill F4-3200C16S-8GIS RAM Arbeitsspeicher 8GB 3200MHz DDR4 NEU,G.Skill F4-3200C16S-8GIS RAM Arbeitsspeicher 8GB 3200MHz DDR4 NEU,44,65,JA
4713294224385,G.Skill,G.Skill Aegis F4-3200C16D-16GIS memory module,G.Skill F4-3200C16D-16GIS RAM Arbeitsspeicher 16GB 3200MHz DDR4 2x Kit NEU,G.Skill F4-3200C16D-16GIS RAM Arbeitsspeicher 16GB 3200MHz DDR4 2x Kit NEU,45,74,JA
4713294224415,G.Skill,G.Skill Aegis F4-3200C16D-32GIS memory module,G.Skill F4-3200C16D-32GIS RAM Arbeitsspeicher 32GB 3200MHz DDR4 2x Kit NEU,G.Skill F4-3200C16D-32GIS RAM Arbeitsspeicher 32GB 3200MHz DDR4 2x Kit NEU,45,74,JA
4713294223449,G.Skill,G.Skill Trident Z F4-3600C16D-16GTZNC memory module,G.Skill F4-3600C16D-16GTZNC RAM Arbeitsspeicher 16GB 3600MHz DDR4 2x Kit NEU,G.Skill F4-3600C16D-16GTZNC RAM Arbeitsspeicher 16GB 3600MHz DDR4 2x Kit NEU,51,76,JA
0817882028547,Ubiquiti,Ubiquiti UniFi 16-Port PoE,Ubiquiti UniFi 16-Port PoE NEU,Ubiquiti UniFi 16-Port PoE NEU,26,30,JA
6935364088095,TP-Link,TP-Link Tapo Indoor WLAN-Sicherheitskamera,TP-Link WLAN-S LAN Netzwerkkabel 2400MHz kabellos NEU,TP-Link WLAN-S LAN Netzwerkkabel 2400MHz kabellos NEU,42,53,JA
0810010073051,Ubiquiti,Ubiquiti UNVR network video recorder,Ubiquiti UNVR 4GB 100W NEU,Ubiquiti UNVR network video recorder,36,26,NEIN
0619659182557,SanDisk,SanDisk Extreme Portable,SanDisk Extreme Portable 1TB NEU,SanDisk Extreme Portable 1TB NEU,24,32,JA
0194252157022,Apple,Apple MHJE3ZM/A mobile device charger,Apple MHJE3ZM NEU,Apple MHJE3ZM/A mobile device charger,37,17,NEIN
5099206092372,Logitech,Logitech 920-009794 keyboard,Logitech Maus kabellos leise NEU,Logitech Maus kabellos leise NEU,28,32,JA
0718037877662,Western Digital,Western Digital Red Pro internal hard drive,Western Digital 16TB NEU,Western Digital Red Pro internal hard drive,43,24,NEIN
0619659181314,SanDisk,SanDisk Extreme PRO Portable,SanDisk Extreme PRO Portable 2TB NEU,SanDisk Extreme PRO Portable 2TB NEU,28,36,JA
4713294223623,G.Skill,G.Skill Ripjaws V F4-3600C16D-32GVKC memory module,G.Skill F4-3600C16D-32GVKC RAM Arbeitsspeicher 32GB 3600MHz DDR4 2x Kit NEU,G.Skill F4-3600C16D-32GVKC RAM Arbeitsspeicher 32GB 3600MHz DDR4 2x Kit NEU,50,75,JA
8806090545931,Samsung,"Samsung 870 EVO 250 GB 2.5"" Serial ATA III V-NAND MLC",Samsung EVO 250 NEU,"Samsung 870 EVO 250 GB 2.5"" Serial ATA III V-NAND MLC",53,19,NEIN
8806090545924,Samsung,"Samsung 870 EVO 500 GB 2.5"" Serial ATA III V-NAND MLC",Samsung EVO 500 NEU,"Samsung 870 EVO 500 GB 2.5"" Serial ATA III V-NAND MLC",53,19,NEIN
8806090545917,Samsung,"Samsung 870 EVO 1 TB 2.5"" Serial ATA III V-NAND MLC",Samsung EVO 1 NEU,"Samsung 870 EVO 1 TB 2.5"" Serial ATA III V-NAND MLC",51,17,NEIN
8806090545900,Samsung,Samsung 870 EVO,Samsung EVO 2TB NEU,Samsung 870 EVO,15,19,NEIN
8806090545894,Samsung,"Samsung 870 EVO 4 TB 2.5"" Serial ATA III V-NAND MLC",Samsung EVO 4 NEU,"Samsung 870 EVO 4 TB 2.5"" Serial ATA III V-NAND MLC",51,17,NEIN
0619659177171,SanDisk,SanDisk Ultra Dual Drive Go USB flash drive,SanDisk Ultra Dual Drive Go USB-Stick 64GB NEU,SanDisk Ultra Dual Drive Go USB-Stick 64GB NEU,43,46,JA
0619659178581,SanDisk,SanDisk Ultra Dual Drive Luxe USB flash drive,SanDisk USB-Stick 32GB NEU,SanDisk Ultra Dual Drive Luxe USB flash drive,45,26,NEIN
0619659179144,SanDisk,SanDisk Ultra Dual Drive Luxe USB flash drive,SanDisk USB-Stick 256GB NEU,SanDisk Ultra Dual Drive Luxe USB flash drive,45,27,NEIN
0619659179069,SanDisk,SanDisk Ultra Dual Drive Luxe USB flash drive,SanDisk USB-Stick 128GB NEU,SanDisk Ultra Dual Drive Luxe USB flash drive,45,27,NEIN
0619659172510,SanDisk,SanDisk 00183579 USB flash drive,SanDisk USB-Stick 32GB NEU,SanDisk 00183579 USB flash drive,32,26,NEIN
0619659172831,SanDisk,SanDisk Ultra Luxe USB flash drive,SanDisk Ultra Luxe USB-Stick 64GB NEU,SanDisk Ultra Luxe USB-Stick 64GB NEU,34,37,JA
0619659172855,SanDisk,SanDisk 00183581 USB flash drive,SanDisk USB-Stick 128GB NEU,SanDisk 00183581 USB flash drive,32,27,NEIN
0619659184674,SanDisk,SanDisk Extreme Portable,SanDisk Extreme Portable 2TB NEU,SanDisk Extreme Portable 2TB NEU,24,32,JA
0718037877501,Western Digital,Western Digital Blue internal hard drive,Western Digital Blue internal hard 2TB NEU,Western Digital Blue internal hard 2TB NEU,40,42,JA
5099206079359,Logitech,Logitech MK545 ADVANCED Wireless and Mouse Combo keyboard,Logitech MK545 ADVANCED Maus kabellos NEU,Logitech MK545 ADVANCED Maus kabellos NEU,57,41,JA
0619659184704,SanDisk,SanDisk Extreme Portable,SanDisk Extreme Portable 4TB NEU,SanDisk Extreme Portable 4TB NEU,24,32,JA
0619659184735,SanDisk,SanDisk Extreme PRO,SanDisk Extreme 4TB NEU,SanDisk Extreme PRO,19,23,NEIN
0810010071163,Ubiquiti,Ubiquiti UniFi Switch Lite 16 PoE,Ubiquiti UniFi Switch Lite 16 PoE NEU,Ubiquiti UniFi Switch Lite 16 PoE NEU,33,37,JA
0810010073068,Ubiquiti,Ubiquiti UniFi USW-ENTERPRISE-24-POE-EU network switch,Ubiquiti USW-ENTERPRISE-24-POE-EU Netzwerk Switch PoE NEU,Ubiquiti USW-ENTERPRISE-24-POE-EU Netzwerk Switch PoE NEU,54,57,JA
0097855167675,Logitech,Logitech 952-000047 video conferencing system,Logitech NEU,Logitech 952-000047 video conferencing system,45,12,NEIN
0097855166067,Logitech,Logitech 952-000020 video conferencing system,Logitech NEU,Logitech 952-000020 video conferencing system,45,12,NEIN
0097855162045,Logitech,Logitech 960-001360 webcam,Logitech Webcam Full HD NEU,Logitech 960-001360 webcam,26,27,NEIN
5099206089365,Logitech,Logitech 960-001323 video conferencing system,Logitech 4K UHD NEU,Logitech 960-001323 video conferencing system,45,19,NEIN
0195348192095,Lenovo,Lenovo ThinkPad Universal USB-C Dock Kabelgebunden USB 3.2 Gen 1 (3.1 Gen 1) Type-C Schwarz,Lenovo USB-C Kabel USB 3.2 4K UHD NEU,Lenovo USB-C Kabel USB 3.2 4K UHD NEU,91,37,JA
0740617319903,Kingston Technology,Kingston Technology FURY Beast 16GB 3200MT/s DDR4 CL16 DIMM (2er-Kit) Black,Kingston Technology FURY RAM Arbeitsspeicher 16GB DDR4 2x Kit NEU,Kingston Technology FURY RAM Arbeitsspeicher 16GB DDR4 2x Kit NEU,75,65,JA
0195348677295,Lenovo,"Lenovo 40B00300EU laptop-dockingstation & portreplikator Kabelgebunden Thunderbolt 4 Schwarz, Rot",Lenovo B00300EU Thunderbolt Kabel 230W NEU,Lenovo B00300EU Thunderbolt Kabel 230W NEU,97,42,JA
3660619040247,Seagate,Seagate Expansion STKM2000400 Externe Festplatte 2 TB USB Typ-A 3.2 Gen 1 (3.1 Gen 1) Schwarz,Seagate STKM2000400 Festplatte HDD 2TB NEU,Seagate STKM2000400 Festplatte HDD 2TB NEU,93,42,JA
6935364072469,TP-Link,TP-Link AC1900 Wi-Fi Range Extender,TP-Link AC1900 NEU,TP-Link AC1900 Wi-Fi Range Extender,35,18,NEIN
0649528905628,Crucial,Crucial CT16G48C40U5 memory module,Crucial CT16G48C40U5 RAM Arbeitsspeicher 16GB 4800MHz DDR5 NEU,Crucial CT16G48C40U5 RAM Arbeitsspeicher 16GB 4800MHz DDR5 NEU,34,62,JA
0740617321333,Kingston Technology,Kingston Technology 2000G Tragbare SSD XS2000,Kingston Technology SSD 2TB NEU,Kingston Technology SSD 2TB NEU,45,31,JA
0740617324358,Kingston Technology,Kingston Technology FURY Beast memory module,Kingston Technology FURY RAM Arbeitsspeicher 32GB DDR5 2x Kit NEU,Kingston Technology FURY RAM Arbeitsspeicher 32GB DDR5 2x Kit NEU,44,65,JA
5099206090828,Logitech,Logitech 910-005843 wireless presenter,Logitech Bluetooth 20m NEU,Logitech 910-005843 wireless presenter,38,26,NEIN
8886419333265,Razer,Razer DeathAdder Essential mouse,Razer DeathAdder Essential Maus 6400 DPI NEU,Razer DeathAdder Essential Maus 6400 DPI NEU,32,44,JA
0740617318388,Kingston Technology,Kingston Technology FURY Impact memory module,Kingston Technology FURY RAM Arbeitsspeicher 32GB DDR4 2x Kit NEU,Kingston Technology FURY RAM Arbeitsspeicher 32GB DDR4 2x Kit NEU,45,65,JA
6938818303188,Yealink,Yealink SIP-T53W IP-Telefon Grau 8 Zeilen LCD WLAN,Yealink SIP-T53W LAN Netzwerkkabel NEU,Yealink SIP-T53W LAN Netzwerkkabel NEU,50,38,JA
6938818306196,Yealink,Yealink W90B DECT base station,Yealink W90B DECT NEU,Yealink W90B DECT base station,30,21,NEIN
6938818306202,Yealink,Yealink W90DM DECT-Basisstation Weiß,Yealink W90DM DECT-B 1900MHz NEU,Yealink W90DM DECT-B 1900MHz NEU,36,32,JA
6938818307575,Yealink,Yealink W73H IP phone,Yealink W73H IP NEU,Yealink W73H IP phone,21,19,NEIN
6938818307667,Yealink,Yealink SIP-T58W IP-Telefon Grau LCD WLAN,Yealink SIP-T58W LAN Netzwerkkabel NEU,Yealink SIP-T58W LAN Netzwerkkabel NEU,41,38,JA
8719706028288,Seagate,"Seagate SkyHawk ST4000VX016 Interne Festplatte 4 TB 256 MB 3.5"" Serial ATA III",Seagate ST4000VX016 Festplatte HDD 4TB NEU,Seagate ST4000VX016 Festplatte HDD 4TB NEU,78,42,JA
0718037884639,Western Digital,Western Digital Blue SA510,Western Digital SA510 500GB NEU,Western Digital SA510 500GB NEU,26,31,JA
0718037884653,Western Digital,Western Digital Blue SA510,Western Digital SA510 1TB NEU,Western Digital Blue SA510,26,29,NEIN
6971408155620,Xiaomi,Xiaomi TV Stick 4K,Xiaomi TV 4K UHD NEU,Xiaomi TV Stick 4K,18,20,NEIN
0619659188566,SanDisk,SanDisk Extreme PRO,SanDisk Extreme Speicherkarte 512GB NEU,SanDisk Extreme Speicherkarte 512GB NEU,19,39,JA
0730143314558,AMD,AMD Ryzen 9 7900X processor,AMD Prozessor CPU NEU,AMD Ryzen 9 7900X processor,27,21,NEIN
0718037893501,Western Digital,Western Digital Red Pro internal hard drive,Western Digital 22TB NEU,Western Digital Red Pro internal hard drive,43,24,NEIN
4779027312415,Teltonika,Teltonika TRB145 digital/analogue I/O module,Teltonika TRB145 NEU,Teltonika TRB145 digital/analogue I/O module,44,20,NEIN
5099206099784,Logitech,Logitech 910-006473 mouse,Logitech Maus Bluetooth 4000 DPI NEU,Logitech Maus Bluetooth 4000 DPI NEU,25,36,JA
5099206103016,Logitech,Logitech 920-010748 keyboard,Logitech Netzwerk Switch Bluetooth NEU,Logitech Netzwerk Switch Bluetooth NEU,28,38,JA
5099206105140,Logitech,Logitech 920-010994 keyboard,Logitech Netzwerk Switch Bluetooth NEU,Logitech Netzwerk Switch Bluetooth NEU,28,38,JA
6938818308497,Yealink,Yealink W79P IP-Telefon Schwarz 20 Zeilen TFT WLAN,Yealink W79P IP-T LAN Netzwerkkabel NEU,Yealink W79P IP-T LAN Netzwerkkabel NEU,50,39,JA
6938818310186,Yealink,Yealink W78P IP-Telefon Schwarz TFT,Yealink W78P IP-T NEU,Yealink W78P IP-Telefon Schwarz TFT,35,21,NEIN
0190198496201,Apple,Apple MW2R3ZM/A lightning cable,Apple MW2R3ZM 2m NEU,Apple MW2R3ZM/A lightning cable,31,20,NEIN
8806094215021,Samsung,Samsung 990 PRO 1 TB M.2 PCI Express 4.0 NVMe V-NAND MLC,Samsung M.2 NVMe SSD 1TB NEU,Samsung PRO 1 M.2 NVMe SSD NEU,56,28,NEIN
8806094215038,Samsung,Samsung 990 PRO 2 TB M.2 PCI Express 4.0 NVMe V-NAND MLC,Samsung M.2 NVMe SSD 2TB NEU,Samsung PRO 2 M.2 NVMe SSD NEU,56,28,NEIN
5032037258623,Intel,Intel Core i9-13900KF processor,Intel Prozessor CPU NEU,Intel Core i9-13900KF processor,31,23,NEIN
8719706432351,Seagate,Seagate IronWolf Pro ST4000NT001 internal hard drive,Seagate ST4000NT001 4TB NEU,Seagate IronWolf Pro ST4000NT001 internal hard drive,52,27,NEIN
8719706432276,Seagate,"Seagate IronWolf Pro ST20000NT001 Interne Festplatte 20 TB 7200 RPM 256 MB 3.5""",Seagate ST20000NT001 Festplatte HDD 20TB NEU,Seagate ST20000NT001 Festplatte HDD 20TB NEU,79,44,JA
0194253494850,Apple,Apple MW493ZM/A USB cable,Apple MW493ZM USB Kabel 1m NEU,Apple MW493ZM USB Kabel 1m NEU,25,30,JA
5099206099876,Logitech,Logitech 910-006495 mouse,Logitech Maus Bluetooth 4000 DPI NEU,Logitech Maus Bluetooth 4000 DPI NEU,25,36,JA
0718037899794,Western Digital,Western Digital Red Plus internal hard drive,Western Digital 4TB NEU,Western Digital Red Plus internal hard drive,44,23,NEIN
5706991024340,Jabra,Jabra Evolve2 75 Kopfhörer Kabellos Kopfband Büro/Callcenter Bluetooth Schwarz,Jabra Bluetooth Kopfhörer kabellos NEU,Jabra Bluetooth Kopfhörer kabellos NEU,78,38,JA
5060408465301,Yubico,Yubico 8880001089 hardware authenticator,Yubico NEU,Yubico 8880001089 hardware authenticator,40,10,NEIN
5704174522720,Honeywell,Honeywell Genesis XP 7680g,Honeywell XP 7680 NEU,Honeywell Genesis XP 7680g,26,21,NEIN
0649528906519,Crucial,Crucial CT8G48C40S5 memory module,Crucial CT8G48C40S5 RAM Arbeitsspeicher 8GB 4800MHz DDR5 NEU,Crucial CT8G48C40S5 RAM Arbeitsspeicher 8GB 4800MHz DDR5 NEU,33,60,JA
4713294226631,G.Skill,G.Skill Ripjaws F4-3200C22D-16GRS memory module,G.Skill F4-3200C22D-16GRS RAM Arbeitsspeicher 16GB 3200MHz DDR4 2x Kit NEU,G.Skill F4-3200C22D-16GRS RAM Arbeitsspeicher 16GB 3200MHz DDR4 2x Kit NEU,47,74,JA
0718037891392,Western Digital,Western Digital Black WD_BLACK SN850X NVMe,Western Digital BLACK SN850X M.2 NVMe SSD 1TB NEU,Western Digital BLACK SN850X M.2 NVMe SSD 1TB NEU,42,49,JA
0718037891408,Western Digital,Western Digital Black WD_BLACK SN850X NVMe,Western Digital BLACK SN850X M.2 NVMe SSD 2TB NEU,Western Digital BLACK SN850X M.2 NVMe SSD 2TB NEU,42,49,JA
0718037891378,Western Digital,Western Digital Black WD_BLACK SN850X NVMe,Western Digital BLACK SN850X M.2 NVMe SSD 4TB NEU,Western Digital BLACK SN850X M.2 NVMe SSD 4TB NEU,42,49,JA
0718037899800,Western Digital,Western Digital Red Plus internal hard drive,Western Digital 6TB NEU,Western Digital Red Plus internal hard drive,44,23,NEIN
8719706022163,Seagate,"Seagate Enterprise ST8000NM018B Interne Festplatte 8 TB 7200 RPM 256 MB 3.5"" SAS",Seagate ST8000NM018B Festplatte HDD 8TB NEU,Seagate ST8000NM018B Festplatte HDD 8TB NEU,80,43,JA
5099206096547,Logitech,Logitech 910-006221 mouse,Logitech Maus Bluetooth 2000 DPI NEU,Logitech Maus Bluetooth 2000 DPI NEU,25,36,JA
0194252750872,Apple,Apple MUQ93ZM/A lightning cable,Apple MUQ93ZM USB-C Kabel 1m NEU,Apple MUQ93ZM USB-C Kabel 1m NEU,31,32,JA
6935364030773,TP-Link,TP-Link Omada SG3428XMP Netzwerk-Switch Managed L2+ Gigabit Ethernet (10/100/1000) Power over Ethernet (PoE) 1U Schwarz,TP-Link SG3428XMP PoE NEU,TP-Link Omada SG3428XMP Netzwerk-Switch Managed L2+ Gigabit Ethernet (10/100/1000) Power over Ethernet (PoE) 1U Schwarz,119,25,NEIN
4779051840229,Teltonika,Teltonika RUT200,Teltonika RUT200 WLAN Router NEU,Teltonika RUT200 WLAN Router NEU,16,32,JA
5397063763610,Dell,DELL kabelgebundene Maus – MS116 - schwarz,Dell MS116 Maus 1000 DPI NEU,DELL kabelgebundene Maus – MS116 - schwarz,42,28,NEIN
4711387095119,Asus,ASUS TUF Gaming B760-Plus WIFI Intel B760 LGA 1700 ATX,Asus TUF RAM Arbeitsspeicher 128GB DDR5 NEU,Asus TUF RAM Arbeitsspeicher 128GB DDR5 NEU,54,43,JA
4713294231369,G.Skill,G.Skill Trident Z5 RGB F5-6400J3239G16GX2-TZ5RK memory module,G.Skill Z5 RGB RAM Arbeitsspeicher 32GB 6400MHz DDR5 2x Kit NEU,G.Skill Z5 RGB RAM Arbeitsspeicher 32GB 6400MHz DDR5 2x Kit NEU,61,63,JA
4713294231345,G.Skill,G.Skill Trident Z F5-6400J3239G16GX2-TZ5K memory module,G.Skill F5-6400J3239G16GX2-TZ5K RAM Arbeitsspeicher 32GB 6400MHz DDR5 NEU,G.Skill F5-6400J3239G16GX2-TZ5K RAM Arbeitsspeicher 32GB 6400MHz DDR5 NEU,55,73,JA
4713294230720,G.Skill,G.Skill Trident F5-6000J3636F16GX2-TZ5RK memory module,G.Skill F5-6000J3636F16GX2-TZ5RK RAM Arbeitsspeicher 32GB 6000MHz DDR5 NEU,G.Skill F5-6000J3636F16GX2-TZ5RK RAM Arbeitsspeicher 32GB 6000MHz DDR5 NEU,54,74,JA
4713294232687,G.Skill,G.Skill Flare X5 F5-6000J3636F16GX2-FX5 memory module,G.Skill X5 F5-6000J3636F16GX2-FX5 RAM Arbeitsspeicher 32GB 6000MHz DDR5 NEU,G.Skill X5 F5-6000J3636F16GX2-FX5 RAM Arbeitsspeicher 32GB 6000MHz DDR5 NEU,53,75,JA
4713294232649,G.Skill,G.Skill Trident Z5 Neo RGB F5-6000J3238F16GX2-TZ5NR memory module,G.Skill Z5 RAM Arbeitsspeicher 32GB 6000MHz DDR5 2x Kit NEU,G.Skill Z5 RAM Arbeitsspeicher 32GB 6000MHz DDR5 2x Kit NEU,65,59,JA
4713294230454,G.Skill,G.Skill Trident Z5 Neo F5-6000J3038F16GX2-TZ5N memory module,G.Skill Z5 RAM Arbeitsspeicher 32GB 6000MHz DDR5 2x Kit NEU,G.Skill Z5 RAM Arbeitsspeicher 32GB 6000MHz DDR5 2x Kit NEU,60,59,JA
5099206107885,Logitech,Logitech 910-006582 mouse,Logitech Maus Bluetooth 8000 DPI NEU,Logitech Maus Bluetooth 8000 DPI NEU,25,36,JA
0810010075574,Ubiquiti,Ubiquiti UNVR-Pro-EU,Ubiquiti UNVR-P NEU,Ubiquiti UNVR-Pro-EU,20,19,NEIN
0195892052982,Lenovo,Lenovo 40B30090EU laptop-dockingstation & portreplikator 2 x USB 3.2 Gen 2 (3.1 Gen 2) Type-C Grau,Lenovo B30090EU Docking Station USB 3.2 NEU,Lenovo B30090EU Docking Station USB 3.2 NEU,98,43,JA
5099206104419,Logitech,Logitech 920-010926 keyboard,Logitech Tastatur Bluetooth NEU,Logitech Tastatur Bluetooth NEU,28,31,JA
0718037896199,Western Digital,Western Digital Purple internal hard drive,Western Digital Purple internal hard 2TB NEU,Western Digital Purple internal hard 2TB NEU,42,44,JA
7636490078323,Seagate,"Seagate IronWolf ST2000VN003 Interne Festplatte 2 TB 5400 RPM 256 MB 3.5"" Serial ATA III",Seagate ST2000VN003 Festplatte HDD 2TB NEU,Seagate ST2000VN003 Festplatte HDD 2TB NEU,88,42,JA
8806094413748,Samsung,Samsung 990 PRO 1 TB M.2 PCI Express 4.0 NVMe V-NAND MLC,Samsung M.2 NVMe SSD 1TB NEU,Samsung PRO 1 M.2 NVMe SSD NEU,56,28,NEIN
0718037898339,Western Digital,Western Digital Purple internal hard drive,Western Digital Purple internal hard 6TB NEU,Western Digital Purple internal hard 6TB NEU,42,44,JA
8886419333326,Razer,Razer DeathAdder Essential mouse,Razer DeathAdder Essential Maus 6400 DPI NEU,Razer DeathAdder Essential Maus 6400 DPI NEU,32,44,JA
0619659163082,SanDisk,SanDisk Ultra Flair USB flash drive,SanDisk Ultra Flair USB-Stick 128GB NEU,SanDisk Ultra Flair USB-Stick 128GB NEU,35,39,JA
0810084690246,Ubiquiti,Ubiquiti G5 Professional,Ubiquiti G5 NEU,Ubiquiti G5 Professional,24,15,NEIN
5706991029154,Jabra,Jabra Evolve2 65 Flex Kopfhörer Kabellos Kopfband Büro/Callcenter USB Typ-A Bluetooth Ladestation,Jabra Bluetooth Kopfhörer kabellos NEU,Jabra Bluetooth Kopfhörer kabellos NEU,97,38,JA
0619659184384,SanDisk,SanDisk SDSQUNR-032G-GN3MN memory card,SanDisk SDSQUNR-032G-GN3MN Speicherkarte 32GB NEU,SanDisk SDSQUNR-032G-GN3MN Speicherkarte 32GB NEU,38,49,JA
8886419333487,Razer,Razer Basilisk V3 mouse,Razer V3 Maus NEU,Razer Basilisk V3 mouse,23,17,NEIN
5706991023725,Jabra,Jabra PanaCast 50,Jabra PanaCast 50 4K UHD NEU,Jabra PanaCast 50,17,28,NEIN
5706991024425,Jabra,Jabra Evolve2 75 Kopfhörer Verkabelt & Kabellos Kopfband Büro/Callcenter USB Typ-C Bluetooth Schwarz,Jabra Bluetooth Kopfhörer kabellos NEU,Jabra Bluetooth Kopfhörer kabellos NEU,100,38,JA
0843367123155,Lexar,Lexar NM620,Lexar NM620 512GB NEU,Lexar NM620,11,21,NEIN
0843367123162,Lexar,Lexar NM620,Lexar NM620 1TB NEU,Lexar NM620,11,19,NEIN
0843367123179,Lexar,Lexar NM620,Lexar NM620 2TB NEU,Lexar NM620,11,19,NEIN
0843367130283,Lexar,Lexar NM790,Lexar NM790 1TB NEU,Lexar NM790,11,19,NEIN
0843367130290,Lexar,Lexar NM790,Lexar NM790 2TB NEU,Lexar NM790,11,19,NEIN
0843367131464,Lexar,Lexar NM790,Lexar NM790 4TB NEU,Lexar NM790,11,19,NEIN
5706991024364,Jabra,Jabra Evolve2 75 Kopfhörer Verkabelt & Kabellos Kopfband Anrufe/Musik USB Typ-C Bluetooth Ladestation Schwarz,Jabra Bluetooth Kopfhörer kabellos NEU,Jabra Bluetooth Kopfhörer kabellos NEU,109,38,JA
6947273703761,Grandstream,Grandstream Networks WP825 IP phone,Grandstream WP825 IP NEU,Grandstream Networks WP825 IP phone,35,24,NEIN
0619659204877,SanDisk,SanDisk SDSSDE30-1T00-G26 external solid state drive,SanDisk SDSSDE30-1T00-G26 1TB NEU,SanDisk SDSSDE30-1T00-G26 1TB NEU,52,33,JA
0619659204853,SanDisk,SanDisk SDSSDE30-2T00-G26 external solid state drive,SanDisk SDSSDE30-2T00-G26 2TB NEU,SanDisk SDSSDE30-2T00-G26 2TB NEU,52,33,JA
8886419379850,Razer,Razer Barracuda X,Razer Barracuda Kopfhörer kabellos NEU,Razer Barracuda Kopfhörer kabellos NEU,17,38,JA
8806092709843,Samsung,Samsung EP-T1510XBEGEU Ladegerät für Mobilgeräte Universal Schwarz AC Schnellladung Drinnen,Samsung EP-T1510XBEGEU 1m NEU,Samsung EP-T1510XBEGEU Ladegerät für Mobilgeräte Universal Schwarz AC Schnellladung Drinnen,91,29,NEIN
8806092709904,Samsung,Samsung EP-T1510XWEGEU Ladegerät für Mobilgeräte Universal Weiß AC Schnellladung Drinnen,Samsung EP-T1510XWEGEU 1m NEU,Samsung EP-T1510XWEGEU Ladegerät für Mobilgeräte Universal Weiß AC Schnellladung Drinnen,88,29,NEIN
8806092709874,Samsung,Samsung EP-T1510NBEGEU Ladegerät für Mobilgeräte Universal Schwarz AC Schnellladung Drinnen,Samsung EP-T1510NBEGEU NEU,Samsung EP-T1510NBEGEU Ladegerät für Mobilgeräte Universal Schwarz AC Schnellladung Drinnen,91,26,NEIN
8806092709850,Samsung,Samsung EP-T1510NWEGEU Ladegerät für Mobilgeräte Universal Weiß AC Schnellladung Drinnen,Samsung EP-T1510NWEGEU NEU,Samsung EP-T1510NWEGEU Ladegerät für Mobilgeräte Universal Weiß AC Schnellladung Drinnen,88,26,NEIN
5032037278447,Intel,Intel Core i5-14600K processor,Intel Prozessor CPU NEU,Intel Core i5-14600K processor,30,23,NEIN
5032037278485,Intel,Intel Core i7-14700K processor,Intel Prozessor CPU NEU,Intel Core i7-14700K processor,30,23,NEIN
5032037278522,Intel,Intel Core i9-14900K processor,Intel Prozessor CPU NEU,Intel Core i9-14900K processor,30,23,NEIN
5032037278546,Intel,Intel Core i9-14900KF processor,Intel Prozessor CPU NEU,Intel Core i9-14900KF processor,31,23,NEIN
8806095039893,Samsung,Samsung Galaxy SmartTag Artikel Finder Schwarz,Samsung IP67 NEU,Samsung Galaxy SmartTag Artikel Finder Schwarz,46,16,NEIN
8806095039824,Samsung,Samsung Galaxy SmartTag2 Artikel Finder Weiß,Samsung IP67 NEU,Samsung Galaxy SmartTag2 Artikel Finder Weiß,44,16,NEIN
8806095039763,Samsung,Samsung Galaxy SmartTag 2 EI-T5600 4 Per Pack 2x black+ white Artikel Finder Schwarz,Samsung EI-T5600 IP67 NEU,Samsung Galaxy SmartTag 2 EI-T5600 4 Per Pack 2x black+ white Artikel Finder Schwarz,84,25,NEIN
8806094912081,Samsung,Samsung EP-T2510 Universal Weiß USB Schnellladung Drinnen,Samsung EP-T2510 NEU,Samsung EP-T2510 Universal Weiß USB Schnellladung Drinnen,57,20,NEIN
5706991029147,Jabra,Jabra Evolve2 65 Flex Kopfhörer Kabellos Kopfband Büro/Callcenter USB Typ-A Bluetooth Ladestation,Jabra Bluetooth Kopfhörer kabellos NEU,Jabra Bluetooth Kopfhörer kabellos NEU,97,38,JA
8806094947205,Samsung,Samsung 990 PRO 4 TB M.2 PCI Express 4.0 NVMe V-NAND TLC,Samsung M.2 NVMe SSD 4TB NEU,Samsung PRO 4 M.2 NVMe SSD NEU,56,28,NEIN
5099206104884,Logitech,Logitech 960-001459 webcam,Logitech Webcam Full HD NEU,Logitech 960-001459 webcam,26,27,NEIN
0718037899770,Western Digital,Western Digital Red Plus internal hard drive,Western Digital 2TB NEU,Western Digital Red Plus internal hard drive,44,23,NEIN
0619659185091,SanDisk,SanDisk Ultra,SanDisk Ultra Speicherkarte 128GB NEU,SanDisk Ultra Speicherkarte 128GB NEU,13,37,JA
8887910073063,Razer,Razer Ornata V3 Tenkeyless keyboard,Razer V3 Tastatur NEU,Razer Ornata V3 Tenkeyless keyboard,35,21,NEIN
4260557512760,Toshiba,Toshiba MG Series internal hard drive,Toshiba MG 22TB NEU,Toshiba MG Series internal hard drive,37,19,NEIN
0097855181596,Logitech,Logitech Sight video conferencing system,Logitech 4K UHD NEU,Logitech Sight video conferencing system,40,19,NEIN
5099206112490,Logitech,Logitech 910-006958 mouse,Logitech Maus Bluetooth 8000 DPI NEU,Logitech Maus Bluetooth 8000 DPI NEU,25,36,JA
5702017584317,LEGO,LEGO Star Wars Clone Trooper & Battle Droid Battle Pack,LEGO NEU,LEGO Star Wars Clone Trooper & Battle Droid Battle Pack,55,8,NEIN
5032037279239,Intel,Intel Core i7-14700 processor,Intel Prozessor CPU NEU,Intel Core i7-14700 processor,29,23,NEIN
5032037279192,Intel,Intel Core i9-14900 processor,Intel Prozessor CPU NEU,Intel Core i9-14900 processor,29,23,NEIN
0810084693650,Ubiquiti,Ubiquiti U7 Pro,Ubiquiti U7 NEU,Ubiquiti U7 Pro,15,15,NEIN
5099206107601,Logitech,Logitech 920-011435 mobile device keyboard,Logitech Tastatur NEU,Logitech 920-011435 mobile device keyboard,42,21,NEIN
0718037884660,Western Digital,Western Digital Blue SA510,Western Digital SA510 2TB NEU,Western Digital Blue SA510,26,29,NEIN
8886419378396,Razer,Razer Blackshark V2 X,Razer V2 Kopfhörer NEU,Razer Blackshark V2 X,21,22,NEIN
8806094914696,Samsung,Samsung MU-PG1T0B 1 TB USB Typ-C USB 3.2 Gen 2x2 Schwarz,Samsung MU-PG1T0B 1TB USB 3.2 NEU,Samsung MU-PG1T0B 1TB USB 3.2 NEU,56,33,JA
5702017471549,LEGO,LEGO Botanicals Lotus Flowers,LEGO NEU,LEGO Botanicals Lotus Flowers,29,8,NEIN
8806095510002,Samsung,Samsung Schnellladedapter mit Datenkabel 45 Watt,Samsung 8m NEU,Samsung Schnellladedapter mit Datenkabel 45 Watt,48,14,NEIN
5099206097254,Logitech,Logitech 910-006274 mouse,Logitech Maus Bluetooth 4000 DPI NEU,Logitech Maus Bluetooth 4000 DPI NEU,25,36,JA
5099206097278,Logitech,Logitech 910-006348 mouse,Logitech Maus Bluetooth 4000 DPI NEU,Logitech Maus Bluetooth 4000 DPI NEU,25,36,JA
6947273704874,Grandstream,Grandstream Networks GWN7665 wireless access point,Grandstream GWN7665 WLAN Access Point kabellos NEU,Grandstream GWN7665 WLAN Access Point kabellos NEU,50,50,JA
0718037903613,Western Digital,Western Digital Red WDS200T2R0A-68CKB0 internal solid state drive,Western Digital WDS200T2R0A-68CKB0 2TB NEU,Western Digital WDS200T2R0A-68CKB0 2TB NEU,65,42,JA
8719706428095,Seagate,"Seagate ST22000NM001E Interne Festplatte 22 TB 7200 RPM 512 MB 3.5"" SATA",Seagate ST22000NM001E Festplatte HDD 22TB NEU,Seagate ST22000NM001E Festplatte HDD 22TB NEU,72,45,JA
5706991026146,Jabra,Jabra Engage 40 Kopfhörer Kabelgebunden Kopfband Büro/Callcenter,Jabra Kopfhörer NEU,Jabra Engage 40 Kopfhörer Kabelgebunden Kopfband Büro/Callcenter,64,19,NEIN
8886419378082,Razer,Razer Kraken X Lite,Razer Kraken Kopfhörer NEU,Razer Kraken X Lite,19,26,NEIN
0649528937803,Crucial,Crucial Pro CP2K16G56C46U5 memory module,Crucial CP2K16G56C46U5 RAM Arbeitsspeicher 32GB 5600MHz DDR5 2x Kit NEU,Crucial CP2K16G56C46U5 RAM Arbeitsspeicher 32GB 5600MHz DDR5 2x Kit NEU,40,71,JA
0649528937810,Crucial,Crucial Pro CP2K32G56C46U5 memory module,Crucial CP2K32G56C46U5 RAM Arbeitsspeicher 64GB 5600MHz DDR5 2x Kit NEU,Crucial CP2K32G56C46U5 RAM Arbeitsspeicher 64GB 5600MHz DDR5 2x Kit NEU,40,71,JA
4895252503517,TP-Link,TP-Link Omada EAP783 WLAN Access Point 19000 Mbit/s Weiß Power over Ethernet (PoE),TP-Link EAP783 WLAN Access Point PoE NEU,TP-Link EAP783 WLAN Access Point PoE NEU,82,40,JA
0810084691670,Ubiquiti,Ubiquiti G2 Starter Kit security access control system,Ubiquiti G2 PoE NEU,Ubiquiti G2 Starter Kit security access control system,54,19,NEIN
0810084691656,Ubiquiti,Ubiquiti UISP G2 Professional,Ubiquiti UISP G2 Bluetooth IP55 NEU,Ubiquiti UISP G2 Bluetooth IP55 NEU,29,35,JA
0810354023538,Ubiquiti,Ubiquiti POE-24-24W-G-EU PoE adapter,Ubiquiti POE-24-24W-G-EU Adapter PoE 24W NEU,Ubiquiti POE-24-24W-G-EU Adapter PoE 24W NEU,36,44,JA
8886419334095,Razer,Razer COBRA mouse,Razer COBRA Maus 8500 DPI NEU,Razer COBRA mouse,17,29,NEIN
0730143315272,AMD,AMD Ryzen 9 9950X processor,AMD Prozessor CPU NEU,AMD Ryzen 9 9950X processor,27,21,NEIN
3800235261798,Shelly,Shelly 1PM Gen3,Shelly PM 30m kabellos NEU,Shelly 1PM Gen3,15,26,NEIN
6938818319578,Yealink,Yealink WH64 Dual Teams Headset,Yealink WH64 Headset kabellos NEU,Yealink WH64 Headset kabellos NEU,31,33,JA
6938818319585,Yealink,Yealink WH64 Dual UC Headset,Yealink WH64 Headset kabellos NEU,Yealink WH64 Headset kabellos NEU,28,33,JA
6938818319608,Yealink,Yealink WH64 Mono Teams Headset,Yealink WH64 Headset kabellos NEU,Yealink WH64 Headset kabellos NEU,31,33,JA
6938818319592,Yealink,Yealink WH64 Mono UC Headset,Yealink WH64 Headset kabellos NEU,Yealink WH64 Headset kabellos NEU,28,33,JA
4713294230355,G.Skill,G.Skill Trident Z5 RGB F5-6800J3445G32GX2-TZ5RK memory module,G.Skill Z5 RGB RAM Arbeitsspeicher 64GB 6800MHz DDR5 2x Kit NEU,G.Skill Z5 RGB RAM Arbeitsspeicher 64GB 6800MHz DDR5 2x Kit NEU,61,63,JA
0810084695548,Ubiquiti,Ubiquiti U7 Pro Wall,Ubiquiti U7 NEU,Ubiquiti U7 Pro Wall,20,15,NEIN
5706991029109,Jabra,Jabra Evolve2 65 Flex Kopfhörer Kabellos Kopfband Büro/Callcenter USB Typ-C Bluetooth,Jabra Bluetooth Kopfhörer kabellos NEU,Jabra Bluetooth Kopfhörer kabellos NEU,85,38,JA
5706991027501,Jabra,Jabra Evolve2 55 Kopfhörer Kabellos Kopfband Büro/Callcenter USB Typ-C Bluetooth Ladestation,Jabra Bluetooth Kopfhörer kabellos NEU,Jabra Bluetooth Kopfhörer kabellos NEU,92,38,JA
5706991027518,Jabra,Jabra Evolve2 55 Kopfhörer Kabellos Kopfband Büro/Callcenter USB Typ-C Bluetooth,Jabra Bluetooth Kopfhörer kabellos NEU,Jabra Bluetooth Kopfhörer kabellos NEU,80,38,JA
0195949333002,Apple,Apple MW2P3ZM/A video cable adapter,Apple MW2P3ZM HDMI Adapter NEU,Apple MW2P3ZM HDMI Adapter NEU,35,30,JA
0195949508967,Apple,Apple EarPods,Apple EarPods Kopfhörer NEU,Apple EarPods,13,27,NEIN
0718037899817,Western Digital,Western Digital Red Plus internal hard drive,Western Digital 8TB NEU,Western Digital Red Plus internal hard drive,44,23,NEIN
0763649174920,Seagate,"Seagate Exos X24 Interne Festplatte 24 TB 7200 RPM 512 MB 3.5"" SAS",Seagate X24 Festplatte HDD 24TB NEU,Seagate X24 Festplatte HDD 24TB NEU,66,35,JA
0718037902821,Western Digital,Western Digital Red Pro internal hard drive,Western Digital 6TB NEU,Western Digital Red Pro internal hard drive,43,23,NEIN
0718037902838,Western Digital,Western Digital Red Pro internal hard drive,Western Digital 8TB NEU,Western Digital Red Pro internal hard drive,43,23,NEIN
0718037902814,Western Digital,Western Digital Red Pro internal hard drive,Western Digital 4TB NEU,Western Digital Red Pro internal hard drive,43,23,NEIN
8887910060766,Razer,Razer Kraken V4 X,Razer V4 Kopfhörer NEU,Razer Kraken V4 X,17,22,NEIN
0017817846141,Bose,Bose QuietComfort Ultra,Bose QuietComfort Ultra Headset kabellos NEU,Bose QuietComfort Ultra Headset kabellos NEU,23,44,JA
0718037889245,Western Digital,Western Digital Blue Purple internal hard drive,Western Digital 8TB NEU,Western Digital Blue Purple internal hard drive,47,23,NEIN
0810084698426,Ubiquiti,Ubiquiti CloudKey+ gateway/controller,Ubiquiti Speicherkarte NEU,Ubiquiti CloudKey+ gateway/controller,37,26,NEIN
6947273705147,Grandstream,Grandstream Networks WP826 IP phone,Grandstream WP826 IP NEU,Grandstream Networks WP826 IP phone,35,24,NEIN
0843367132225,Lexar,Lexar LNQ790X002T-RNNNG internal solid state drive,Lexar LNQ790X002T-RNNNG 2TB NEU,Lexar LNQ790X002T-RNNNG 2TB NEU,50,31,JA
0843367132232,Lexar,Lexar NQ790,Lexar NQ790 4TB NEU,Lexar NQ790,11,19,NEIN
4897098682944,TP-Link,TP-Link Tapo Intelligenter Bewegungssensor,TP-Link 7m kabellos NEU,TP-Link Tapo Intelligenter Bewegungssensor,42,23,NEIN
8806094905403,Samsung,Samsung MU-PH2T0S 2 TB 3.2 Gen 1 (3.1 Gen 1) Schwarz,Samsung MU-PH2T0S 2TB NEU,Samsung MU-PH2T0S 2 TB 3.2 Gen 1 (3.1 Gen 1) Schwarz,52,25,NEIN
8806094905410,Samsung,Samsung MU-PH4T0S 4 TB 3.2 Gen 1 (3.1 Gen 1) Schwarz,Samsung MU-PH4T0S 4TB NEU,Samsung MU-PH4T0S 4 TB 3.2 Gen 1 (3.1 Gen 1) Schwarz,52,25,NEIN
8886419334552,Razer,Razer DeathAdder V3 HyperSpeed mouse,Razer V3 Maus kabellos NEU,Razer DeathAdder V3 HyperSpeed mouse,36,26,NEIN
5032037282109,Intel,Intel Core Ultra 5 245KF processor,Intel Prozessor CPU NEU,Intel Core Ultra 5 245KF processor,34,23,NEIN
5032037282086,Intel,Intel Core Ultra 5 245K processor,Intel Prozessor CPU NEU,Intel Core Ultra 5 245K processor,33,23,NEIN
4711387740309,Asus,ASUS ROG STRIX X870-I GAMING WIFI AMD X870 Sockel AM5 mini ITX,Asus ROG STRIX RAM Arbeitsspeicher 96GB DDR5 NEU,Asus ROG STRIX RAM Arbeitsspeicher 96GB DDR5 NEU,62,48,JA
4711387730775,Asus,ASUS ProArt X870E-CREATOR WIFI,Asus X870E-CREATOR RAM Arbeitsspeicher 192GB DDR5 NEU,Asus X870E-CREATOR RAM Arbeitsspeicher 192GB DDR5 NEU,30,53,JA
0730143315289,AMD,AMD Ryzen 7 9800X3D processor,AMD X3D Prozessor CPU NEU,AMD Ryzen 7 9800X3D processor,29,25,NEIN
8806095575667,Samsung,Samsung MZ-V9S4T0,Samsung MZ-V9S4T0 M.2 NVMe SSD 4TB NEU,Samsung MZ-V9S4T0 M.2 NVMe SSD 4TB NEU,17,38,JA
8806095575650,Samsung,Samsung 990 EVO Plus NVMe™ M.2 SSD - 2 TB,Samsung EVO M.2 NVMe SSD 2TB NEU,Samsung EVO M.2 NVMe SSD 2TB NEU,41,32,JA
8806095575674,Samsung,Samsung 990 EVO Plus NVMe™ M.2 SSD - 1 TB,Samsung EVO M.2 NVMe SSD 1TB NEU,Samsung EVO M.2 NVMe SSD 1TB NEU,41,32,JA
0718037894843,Western Digital,Western Digital Blue SN5000,Western Digital SN5000 1TB NEU,Western Digital SN5000 1TB NEU,27,30,JA
0718037893228,Western Digital,Western Digital WDS200T4B0E internal solid state drive,Western Digital WDS200T4B0E 2TB NEU,Western Digital WDS200T4B0E 2TB NEU,54,35,JA
0718037894850,Western Digital,Western Digital Blue SN5000,Western Digital SN5000 500GB NEU,Western Digital SN5000 500GB NEU,27,32,JA
5706991031515,Jabra,Jabra Evolve 65 TE Kopfhörer Verkabelt & Kabellos Kopfband Büro/Callcenter USB Typ-A Bluetooth Schwarz,Jabra TE Bluetooth Kopfhörer kabellos NEU,Jabra TE Bluetooth Kopfhörer kabellos NEU,102,41,JA
5706991031539,Jabra,Jabra Evolve 65 TE Kopfhörer Verkabelt & Kabellos Kopfband Büro/Callcenter USB Typ-A Bluetooth Schwarz,Jabra TE Bluetooth Kopfhörer kabellos NEU,Jabra TE Bluetooth Kopfhörer kabellos NEU,102,41,JA
0197498152394,HP,HP Poly Poly CS540A Headset mit Handset Lifter,HP CS540A Headset NEU,HP Poly Poly CS540A Headset mit Handset Lifter,46,21,NEIN
5706991030976,Jabra,Jabra Engage 75 SE Kopfhörer USB Typ-C Bluetooth,Jabra SE Bluetooth Kopfhörer NEU,Jabra SE Bluetooth Kopfhörer NEU,48,32,JA
0740617338515,Kingston Technology,Kingston Technology XS1000,Kingston Technology XS1000 1TB USB 3.2 NEU,Kingston Technology XS1000 1TB USB 3.2 NEU,26,42,JA
0740617341782,Kingston Technology,"Kingston Technology 2TB Externe SSD XS1000 USB 3.2 Gen 2, Rot",Kingston Technology SSD 2TB USB 3.2 NEU,Kingston Technology SSD 2TB USB 3.2 NEU,61,39,JA
7340086912839,CHERRY,CHERRY XTRFY M42 RGB mouse,CHERRY XTRFY M42 Maus kabellos NEU,CHERRY XTRFY M42 Maus kabellos NEU,26,34,JA
4025112099915,CHERRY,"CHERRY UM 9.0 PRO RGB Schwarz, Kupfer Tischmikrofon",CHERRY UM 9 NEU,"CHERRY UM 9.0 PRO RGB Schwarz, Kupfer Tischmikrofon",51,15,NEIN
0718037893204,Western Digital,Western Digital Black WDS100T4X0E-00CJA0 internal solid state drive,Western Digital WDS100T4X0E-00CJA0 1TB NEU,Western Digital WDS100T4X0E-00CJA0 1TB NEU,67,42,JA
0718037893211,Western Digital,Western Digital Black WDS200T4X0E-00CJA0 internal solid state drive,Western Digital WDS200T4X0E-00CJA0 2TB NEU,Western Digital WDS200T4X0E-00CJA0 2TB NEU,67,42,JA
5099206105324,Logitech,Logitech 920-011022 keyboard,Logitech Netzwerk Switch Bluetooth NEU,Logitech Netzwerk Switch Bluetooth NEU,28,38,JA
5099206097353,Logitech,Logitech 920-010361 mobile device keyboard,Logitech Tastatur NEU,Logitech 920-010361 mobile device keyboard,42,21,NEIN
5099206106895,Logitech,Logitech Rugged Combo 4 Touch,Logitech Rugged Combo 4 Touch Touchpad NEU,Logitech Rugged Combo 4 Touch Touchpad NEU,29,42,JA
0195949085611,Apple,Apple MUQ93ZM/A lightning cable,Apple MUQ93ZM USB-C Kabel 1m NEU,Apple MUQ93ZM USB-C Kabel 1m NEU,31,32,JA
0843367123766,Lexar,Lexar LD4AS008G-B3200GSST memory module,Lexar LD4AS008G-B3200GSST RAM Arbeitsspeicher 8GB 3200MHz DDR4 NEU,Lexar LD4AS008G-B3200GSST RAM Arbeitsspeicher 8GB 3200MHz DDR4 NEU,39,66,JA
0810084694664,Ubiquiti,Ubiquiti E7 wireless access point,Ubiquiti E7 WLAN Access Point kabellos NEU,Ubiquiti E7 WLAN Access Point kabellos NEU,33,42,JA
0810043370066,Cosori,"Cosori Smart Chef Edition Einzelbild 5,5 l Eigenständig 1700 W Heißluftfritteuse Schwarz",Cosori 1700W NEU,"Cosori Smart Chef Edition Einzelbild 5,5 l Eigenständig 1700 W Heißluftfritteuse Schwarz",88,16,NEIN
6974316994251,Govee,Govee RGBIC Glide Hexa Light Panels 5 pcs Intelligente Wandleuchte Wi-Fi/Bluetooth,Govee RGBIC Bluetooth NEU,Govee RGBIC Glide Hexa Light Panels 5 pcs Intelligente Wandleuchte Wi-Fi/Bluetooth,82,25,NEIN
6974316994299,Govee,Govee H6047 Smart Lighting Set für intelligente Beleuchtung Wi-Fi/Bluetooth,Govee H6047 Smart LED Lampe Bluetooth NEU,Govee H6047 Smart LED Lampe Bluetooth NEU,75,41,JA
6974316994305,Govee,Govee H61C2 Smart Lighting Intelligenter Leuchtstreifen 36 W,Govee H61C2 Smart LED Lampe 36W NEU,Govee H61C2 Smart LED Lampe 36W NEU,60,35,JA
6974316994312,Govee,Govee H6608 Smart Lighting Set für intelligente Beleuchtung Wi-Fi/Bluetooth,Govee H6608 Smart LED Lampe Bluetooth NEU,Govee H6608 Smart LED Lampe Bluetooth NEU,75,41,JA
6974316993070,Govee,Govee H1061,Govee H1061 NEU,Govee H1061,11,15,NEIN
6974316994466,Govee,Govee H6061 Intelligentes Panel WLAN,Govee H6061 NEU,Govee H6061 Intelligentes Panel WLAN,36,15,NEIN
6974316999911,Govee,Govee H612A Intelligenter Leuchtstreifen Wi-Fi/Bluetooth,Govee H612A 802.11b Bluetooth NEU,Govee H612A 802.11b Bluetooth NEU,56,33,JA
6974316999874,Govee,Govee H6098 Intelligenter Leuchtstreifen Wi-Fi/Bluetooth,Govee H6098 Bluetooth NEU,Govee H6098 Intelligenter Leuchtstreifen Wi-Fi/Bluetooth,56,25,NEIN
6974316995098,Govee,Govee H6046,Govee H6046 NEU,Govee H6046,11,15,NEIN
6974316999416,Govee,Govee H10D2001 Beleuchtungs-Zubehör Montagehalterung,Govee H10D2001 NEU,Govee H10D2001 Beleuchtungs-Zubehör Montagehalterung,52,18,NEIN
4897082668091,EcoFlow,ECOFLOW Infinity Cable,EcoFlow Infinity NEU,ECOFLOW Infinity Cable,22,20,NEIN
4897082669210,EcoFlow,EcoFlow ZMM100LD-EU portable power station accessory,EcoFlow ZMM100LD-EU NEU,EcoFlow ZMM100LD-EU portable power station accessory,52,23,NEIN
4895251624992,EcoFlow,EcoFlow EFL-DELTAPRO348DH-2M portable power station accessory,EcoFlow EFL-DELTAPRO348DH-2M 2m NEU,EcoFlow EFL-DELTAPRO348DH-2M 2m NEU,61,35,JA
8806090270123,Samsung,Samsung EO-IC100 Kopfhörer Kabelgebunden im Ohr Anrufe/Musik USB Typ-C Schwarz,Samsung EO-IC100 Kopfhörer NEU,Samsung EO-IC100 Kopfhörer NEU,78,30,JA
8806090270062,Samsung,Samsung EO-IC100 Kopfhörer Kabelgebunden im Ohr Anrufe/Musik USB Typ-C Weiß,Samsung EO-IC100 Kopfhörer NEU,Samsung EO-IC100 Kopfhörer NEU,75,30,JA
8719706022088,Seagate,"Seagate Enterprise ST4000NM025B Interne Festplatte 4 TB 7200 RPM 256 MB 3.5"" SAS",Seagate ST4000NM025B Festplatte HDD 4TB NEU,Seagate ST4000NM025B Festplatte HDD 4TB NEU,80,43,JA
8719706028226,Seagate,"Seagate SkyHawk Interne Festplatte 1 TB 256 MB 3.5"" Serial ATA III",Seagate Festplatte HDD 1TB NEU,Seagate Festplatte HDD 1TB NEU,66,30,JA
8719706431378,Seagate,"Seagate Exos X24 Interne Festplatte 20 TB 7200 RPM 512 MB 3.5"" SAS",Seagate X24 Festplatte HDD 20TB NEU,Seagate X24 Festplatte HDD 20TB NEU,66,35,JA
0718037901275,Western Digital,Western Digital Purple Pro WD102PURP internal hard drive,Western Digital WD102PURP 10TB NEU,Western Digital WD102PURP 10TB NEU,56,34,JA
0718037901299,Western Digital,Western Digital Purple Pro WD122PURP internal hard drive,Western Digital WD122PURP 12TB NEU,Western Digital WD122PURP 12TB NEU,56,34,JA
0740617326147,Kingston Technology,Kingston Technology FURY 32GB 4800MT/s DDR5 CL38 SODIMM (Kit of 2) Impact,Kingston Technology FURY 32GB RAM Arbeitsspeicher DDR5 2x Kit NEU,Kingston Technology FURY 32GB RAM Arbeitsspeicher DDR5 2x Kit NEU,73,65,JA
0740617326130,Kingston Technology,Kingston Technology FURY 64GB 4800MT/s DDR5 CL38 SODIMM (2er-Kit) Impact,Kingston Technology FURY 64GB RAM Arbeitsspeicher DDR5 2x Kit NEU,Kingston Technology FURY 64GB RAM Arbeitsspeicher DDR5 2x Kit NEU,72,65,JA
0740617328509,Kingston Technology,Kingston Technology FURY Beast 64 GB 5600 MT/s DDR5 CL40 DIMM (2er-Kit) RGB,Kingston Technology FURY RAM Arbeitsspeicher 64GB DDR5 2x Kit NEU,Kingston Technology FURY RAM Arbeitsspeicher 64GB DDR5 2x Kit NEU,75,65,JA
0740617331660,Kingston Technology,Kingston Technology FURY 32GB 5600MT/s DDR5 CL40 SODIMM (2er-Kit) Impact PnP,Kingston Technology FURY 32GB RAM Arbeitsspeicher DDR5 2x Kit NEU,Kingston Technology FURY 32GB RAM Arbeitsspeicher DDR5 2x Kit NEU,76,65,JA
0740617337532,Kingston Technology,Kingston Technology FURY Beast 16GB 3200MT/s DDR4 CL16 DIMM (2er-Kit) RGB,Kingston Technology FURY RAM Arbeitsspeicher 16GB DDR4 2x Kit NEU,Kingston Technology FURY RAM Arbeitsspeicher 16GB DDR4 2x Kit NEU,73,65,JA
4260557513149,Toshiba,Toshiba MG10ADA800E internal hard drive,Toshiba MG10ADA800E 8TB NEU,Toshiba MG10ADA800E internal hard drive,39,27,NEIN
8886419334576,Razer,Razer Basilisk V3 35K mouse,Razer V3 35K Maus NEU,Razer Basilisk V3 35K mouse,27,21,NEIN
0195949506123,Apple,Apple EarPods,Apple EarPods Kopfhörer NEU,Apple EarPods,13,27,NEIN
0195949775390,Apple,Apple MYQT3ZM/A USB cable,Apple MYQT3ZM USB Kabel 2m NEU,Apple MYQT3ZM USB Kabel 2m NEU,25,30,JA
0195949776274,Apple,Apple EarPods (USB-C),Apple USB-C Kopfhörer NEU,Apple EarPods (USB-C),21,25,NEIN
0195949371905,Apple,Apple MW493ZM/A USB cable,Apple MW493ZM USB Kabel 1m NEU,Apple MW493ZM USB Kabel 1m NEU,25,30,JA
4711387797273,Asus,ASUS PRIME B840-PLUS WIFI AMD B840 Sockel AM5 ATX,Asus PRIME B840-PLUS RAM Arbeitsspeicher 192GB DDR5 NEU,Asus PRIME B840-PLUS RAM Arbeitsspeicher 192GB DDR5 NEU,49,55,JA
8806094257540,Samsung,"Samsung EP-DX510JBEGEU USB Kabel 1,8 m USB C Schwarz",Samsung EP-DX510JBEGEU USB Kabel 8m NEU,Samsung EP-DX510JBEGEU USB Kabel 8m NEU,52,39,JA
0718037907154,Western Digital,Western Digital Green WD SN3000 NVMe,Western Digital WD SN3000 M.2 NVMe SSD 1TB NEU,Western Digital WD SN3000 M.2 NVMe SSD 1TB NEU,36,46,JA
0649528942081,Crucial,Crucial P310,Crucial P310 1TB NEU,Crucial P310,12,20,NEIN
0649528944771,Crucial,Crucial P310,Crucial P310 2TB NEU,Crucial P310,12,20,NEIN
4895251607773,EcoFlow,ECOFLOW AC Cable DE-Wieland Charging cable,EcoFlow AC NEU,ECOFLOW AC Cable DE-Wieland Charging cable,42,14,NEIN
4895251604550,EcoFlow,EcoFlow AA-FRAME-TILT solar panel accessory,EcoFlow FRAME-TILT NEU,EcoFlow AA-FRAME-TILT solar panel accessory,43,22,NEIN
5060829516477,GHD,GHD 99350164194 hairbrush/comb,GHD NEU,GHD 99350164194 hairbrush/comb,30,7,NEIN
6974316992745,Govee,Govee H6009 Intelligentes Leuchtmittel Wi-Fi/Bluetooth 12 W,Govee H6009 Bluetooth 12 NEU,Govee H6009 I Bluetooth 12 12W NEU,59,28,NEIN
5038061139082,Remington,Remington HC5020,Remington HC5020 NEU,Remington HC5020,16,20,NEIN
0730143315555,AMD,AMD Ryzen 9 9950X3D processor,AMD X3D Prozessor CPU NEU,AMD Ryzen 9 9950X3D processor,29,25,NEIN
0730143315579,AMD,AMD Ryzen 9 9900X3D processor,AMD X3D Prozessor CPU NEU,AMD Ryzen 9 9900X3D processor,29,25,NEIN
4054278823614,Kärcher,Kärcher K 3 Power Control Home T 5 pressure washer,Kärcher 7m NEU,Kärcher K 3 Power Control Home T 5 pressure washer,50,14,NEIN
8806095312170,Samsung,Samsung EB-U2510XUEGEU Powerbank 10000 mAh Kabelloses Aufladen Beige,Samsung EB-U2510XUEGEU Powerbank NEU,Samsung EB-U2510XUEGEU Powerbank NEU,68,36,JA
0810177160632,Ubiquiti,Ubiquiti U7 Pro XG,Ubiquiti U7 NEU,Ubiquiti U7 Pro XG,18,15,NEIN
0810084698341,Ubiquiti,Ubiquiti U7 Pro XGS,Ubiquiti U7 NEU,Ubiquiti U7 Pro XGS,19,15,NEIN
8806095811710,Samsung,Samsung 9100 PRO PCIe® 5.0 NVMe™ M.2 SSD - 2 TB,Samsung M.2 NVMe SSD 2TB NEU,Samsung PRO PCI M.2 NVMe SSD 2TB NEU,47,28,NEIN
4711387931509,Asus,ASUS PRIME B850-PLUS WIFI AMD B850 Sockel AM5 ATX,Asus PRIME B850-PLUS RAM Arbeitsspeicher 256GB DDR5 NEU,Asus PRIME B850-PLUS RAM Arbeitsspeicher 256GB DDR5 NEU,49,55,JA
5706991034530,Jabra,Jabra Evolve2 40 SE Kopfhörer Kabelgebunden Kopfband Büro/Callcenter USB Type-C / USB Type-A Schwarz,Jabra SE Kopfhörer NEU,Jabra Evolve2 40 SE Kopfhörer Kabelgebunden Kopfband Büro/Callcenter USB Type-C / USB Type-A Schwarz,100,22,NEIN
0023942495901,Verbatim,"Verbatim 49590 Computerbildschirm 35,6 cm (14"") 1920 x 1080 Pixel Full HD LCD Schwarz",Verbatim HD LCD Full NEU,"Verbatim 49590 Computerbildschirm 35,6 cm (14"") 1920 x 1080 Pixel Full HD LCD Schwarz",85,24,NEIN
0023942495932,Verbatim,"Verbatim 49593 Computerbildschirm 43,9 cm (17.3"") 1920 x 1080 Pixel Full HD LCD Touchscreen Schwarz",Verbatim HD LCD Full NEU,"Verbatim 49593 Computerbildschirm 43,9 cm (17.3"") 1920 x 1080 Pixel Full HD LCD Touchscreen Schwarz",99,24,NEIN
4779051840908,Teltonika,Teltonika PR1US440 network antenna,Teltonika PR1US440 NEU,Teltonika PR1US440 network antenna,34,22,NEIN
5702017584478,LEGO,LEGO Star Wars Captain Rex Y-Wing Microfighter,LEGO NEU,LEGO Star Wars Captain Rex Y-Wing Microfighter,46,8,NEIN
4897098687406,TP-Link,TP-Link Tapo Smarte WLAN-Steckdose mit Verbrauchsanzeige,TP-Link WLAN-S LAN Netzwerkkabel 802.11b kabellos NEU,TP-Link WLAN-S LAN Netzwerkkabel 802.11b kabellos NEU,56,53,JA
6935364030896,TP-Link,TP-Link 5-Port 10G Desktop Switch,TP-Link Netzwerk Switch 5-Port NEU,TP-Link Netzwerk Switch 5-Port NEU,33,34,JA
8885020621501,TP-Link,TP-Link Festa FS328GP L2/L2+ Gigabit Ethernet (10/100/1000) Power over Ethernet (PoE),TP-Link FS328GP L2 PoE NEU,TP-Link Festa FS328GP L2/L2+ Gigabit Ethernet (10/100/1000) Power over Ethernet (PoE),85,26,NEIN
8885020624014,TP-Link,TP-Link Festa FS328G L2/L2+ Gigabit Ethernet (10/100/1000) Weiß,TP-Link FS328G L2 NEU,TP-Link Festa FS328G L2/L2+ Gigabit Ethernet (10/100/1000) Weiß,63,21,NEIN
8885020622416,TP-Link,TP-Link FESTA FR365 WLAN-Router Gigabit Ethernet Dual-band (2.4GHz + 5GHz or 2.4GHz + 6GHz) Weiß,TP-Link FESTA FR365 WLAN Router Wi-Fi 6 NEU,TP-Link FESTA FR365 WLAN Router Wi-Fi 6 NEU,96,43,JA
8886419379522,Razer,Razer BlackShark V2 X,Razer V2 Kopfhörer NEU,Razer BlackShark V2 X,21,22,NEIN
0017817846912,Bose,Bose 881046-0020 headphones/headset,Bose Headset kabellos NEU,Bose 881046-0020 headphones/headset,35,25,NEIN
0023942302308,Verbatim,Verbatim 30230 USB-Stick 256 GB USB Typ-C 3.2 Gen 1 (3.1 Gen 1) Weiß,Verbatim USB-S USB-Stick 256GB NEU,Verbatim USB-S USB-Stick 256GB NEU,68,34,JA
0023942302315,Verbatim,Verbatim 30231 USB-Stick 512 GB USB Typ-C 3.2 Gen 1 (3.1 Gen 1) Weiß,Verbatim USB-S USB-Stick 512GB NEU,Verbatim USB-S USB-Stick 512GB NEU,68,34,JA
8806094768831,Samsung,"Samsung EF-QS916CTEGWW Handy-Schutzhülle 16,8 cm (6.6"") Cover Transparent",Samsung EF-QS916CTEGWW Handy Hülle NEU,Samsung EF-QS916CTEGWW Handy Hülle NEU,73,38,JA
8806094257557,Samsung,"Samsung EP-DX310JWEGEU USB Kabel 1,8 m USB C Weiß",Samsung EP-DX310JWEGEU USB Kabel 8m NEU,Samsung EP-DX310JWEGEU USB Kabel 8m NEU,49,39,JA
0810084691915,Ubiquiti,Ubiquiti Phone Touch,Ubiquiti Phone Touch NEU,Ubiquiti Phone Touch,20,24,NEIN
0810177161288,Ubiquiti,Ubiquiti UCG-Fiber (30W) gateway/controller,Ubiquiti UCG-F 30W NEU,Ubiquiti UCG-Fiber (30W) gateway/controller,43,22,NEIN
0810177160601,Ubiquiti,Ubiquiti Instant G6,Ubiquiti G6 kabellos NEU,Ubiquiti Instant G6,19,24,NEIN
5099206122017,Ultimate Ears,Ultimate Ears WONDERBOOM PLAY,Ultimate Ears WONDERBOOM PLAY kabellos NEU,Ultimate Ears WONDERBOOM PLAY kabellos NEU,29,42,JA
4255809918346,Microsoft,"Microsoft 365 Single - 1 PC/MAC, 1 Year - ESD-Download",Microsoft MAC Speicherkarte NEU,Microsoft MAC Speicherkarte NEU,54,31,JA
4015867150511,Equip,"Equip HDMI ZU DVI-D Adapter Kabel, Stecker / Stecker, 3.0m, bidirektional",Equip HDMI Kabel 3.0m NEU,"Equip HDMI ZU DVI-D Adapter Kabel, Stecker / Stecker, 3.0m, bidirektional",73,25,NEIN
4015867157305,Equip,Equip Mini DisplayPort auf HDMI Adapter,Equip Mini DisplayPort auf HDMI Adapter 17m NEU,Equip Mini DisplayPort auf HDMI Adapter 17m NEU,39,47,JA
4015867157503,Equip,Equip DisplayPort auf HD15 VGA Adapter,Equip HD15 VGA Adapter 15m NEU,Equip HD15 VGA Adapter 15m NEU,38,30,JA
4015867178065,Equip,Equip DisplayPort auf HDMI Adapter,Equip DisplayPort auf HDMI Adapter 2m NEU,Equip DisplayPort auf HDMI Adapter 2m NEU,34,41,JA
4015867184189,Equip,Equip 119336 video cable adapter,Equip DisplayPort Kabel 2.0m NEU,Equip DisplayPort Kabel 2.0m NEU,32,32,JA
5059902033499,Datalogic,Datalogic GD4290 - Tragbares Barcodelesegerät - 1D - Linear - Kabelgebunden - RS-232 - USB - Schwarz,Datalogic GD4290 NEU,Datalogic GD4290 - Tragbares Barcodelesegerät - 1D - Linear - Kabelgebunden - RS-232 - USB - Schwarz,100,20,NEIN
4015867198711,Equip,"Equip USB 2.0 Typ C Kabel, 1.0m, PD 60W",Equip USB-C Kabel USB 2.0 1.0m 60W NEU,Equip USB-C Kabel USB 2.0 1.0m 60W NEU,39,38,JA
4015867198735,Equip,"Equip USB 3.2 Gen 1 C auf A Kabel, M/M, 1.0m, 5Gbps, Schwarz",Equip USB-C Kabel USB 3.2 1.0m NEU,Equip USB-C Kabel USB 3.2 1.0m NEU,60,34,JA
4015867166703,Equip,"Equip USB 3.0 A auf A Verlängerungskabel Stecker auf Buchse, 3.0m, 5Gbps, Schwarz",Equip USB-C Kabel USB 3.0 3.0m NEU,Equip USB-C Kabel USB 3.0 3.0m NEU,81,34,JA
4015867184547,Equip,"Equip USB 2.0 A auf Micro-B Kabel, 1.0m , Black",Equip USB-C Kabel USB 2.0 1.0m NEU,Equip USB-C Kabel USB 2.0 1.0m NEU,47,34,JA
4015867203736,Equip,"Equip USB-C auf DisPlayPort Kabel Stecker auf Stecker, 1.8m",Equip USB-C DisplayPort Kabel 1.8m NEU,Equip USB-C DisplayPort Kabel 1.8m NEU,59,38,JA
4015867205341,Equip,"Equip USB 3.0 Typ A auf Typ C Kabel, 0.25m",Equip USB-C Kabel USB 3.0 0.25m NEU,Equip USB-C Kabel USB 3.0 0.25m NEU,42,35,JA
4015867223994,Equip,Equip USB 3.0 auf HDMI Adapter,Equip USB 3.0 auf HDMI Adapter NEU,Equip USB 3.0 auf HDMI Adapter NEU,30,34,JA
4015867228784,Equip,"Equip USB-C-zu-DisplayPort-Premium-Kabel, M/M, 3.0 m, 4K/60 Hz",Equip USB-C- DisplayPort Kabel 4K UHD 3.0m NEU,Equip USB-C- DisplayPort Kabel 4K UHD 3.0m NEU,62,46,JA
4015867198698,Equip,"Equip USB 2.0 Typ C auf Typ A Kabel, 1.0m",Equip USB-C Kabel USB 2.0 1.0m NEU,Equip USB-C Kabel USB 2.0 1.0m NEU,41,34,JA
4015867173411,Equip,"Equip USB 2.0 A auf Micro-B Kabel, 1.0m , M/M, Schwarz",Equip USB-C Kabel USB 2.0 1.0m NEU,Equip USB-C Kabel USB 2.0 1.0m NEU,54,34,JA
4015867164723,Equip,"Equip USB 2.0 A to A Verlängerungskabel Stecker auf Buchse, 1.8m , Schwarz",Equip USB-C Kabel USB 2.0 1.8m NEU,Equip USB-C Kabel USB 2.0 1.8m NEU,74,34,JA
4015867204122,Equip,"Equip Cat.6A S/FTP Patchkabel, 0.25m, Weiß",Equip FTP LAN Netzwerkkabel 0.25m NEU,Equip FTP LAN Netzwerkkabel 0.25m NEU,42,37,JA
4015867204139,Equip,"Equip Cat.6A S/FTP Patchkabel, 0.5m, Weiß",Equip FTP LAN Netzwerkkabel 0.5m NEU,Equip FTP LAN Netzwerkkabel 0.5m NEU,41,36,JA
4015867204153,Equip,"Equip Cat.6A S/FTP Patchkabel, 2.0m, Weiß",Equip FTP LAN Netzwerkkabel 2.0m NEU,Equip FTP LAN Netzwerkkabel 2.0m NEU,41,36,JA
4015867204146,Equip,"Equip Cat.6A S/FTP Patchkabel, 1.0m, Weiß",Equip FTP LAN Netzwerkkabel 1.0m NEU,Equip FTP LAN Netzwerkkabel 1.0m NEU,41,36,JA
4015867204177,Equip,"Equip Cat.6A S/FTP Patchkabel, 5.0m, Weiß",Equip FTP LAN Netzwerkkabel 5.0m NEU,Equip FTP LAN Netzwerkkabel 5.0m NEU,41,36,JA
4015867204238,Equip,"Equip Cat.6A S/FTP Patchkabel, 0.25m, Schwarz",Equip FTP LAN Netzwerkkabel 0.25m NEU,Equip FTP LAN Netzwerkkabel 0.25m NEU,45,37,JA
4015867204290,Equip,"Equip Cat.6A S/FTP Patchkabel, 7.5m, Schwarz",Equip FTP LAN Netzwerkkabel 7.5m NEU,Equip FTP LAN Netzwerkkabel 7.5m NEU,44,36,JA
4015867204184,Equip,"Equip Cat.6A S/FTP Patchkabel, 7.5m, Weiß",Equip FTP LAN Netzwerkkabel 7.5m NEU,Equip FTP LAN Netzwerkkabel 7.5m NEU,41,36,JA
4015867204191,Equip,"Equip Cat.6A S/FTP Patchkabel, 10m, Weiß",Equip FTP LAN Netzwerkkabel 10m NEU,Equip FTP LAN Netzwerkkabel 10m NEU,40,35,JA
4015867204207,Equip,"Equip Cat.6A S/FTP Patchkabel, 15m, Weiß",Equip FTP LAN Netzwerkkabel 15m NEU,Equip FTP LAN Netzwerkkabel 15m NEU,40,35,JA
4015867204214,Equip,"Equip Cat.6A S/FTP Patchkabel, 20m, Weiß",Equip FTP LAN Netzwerkkabel 20m NEU,Equip FTP LAN Netzwerkkabel 20m NEU,40,35,JA
4015867204221,Equip,"Equip Cat.6A S/FTP Patchkabel, 30m, Weiß",Equip FTP LAN Netzwerkkabel 30m NEU,Equip FTP LAN Netzwerkkabel 30m NEU,40,35,JA
4015867204337,Equip,"Equip Cat.6A S/FTP Patchkabel, 30m, Schwarz",Equip FTP LAN Netzwerkkabel 30m NEU,Equip FTP LAN Netzwerkkabel 30m NEU,43,35,JA
4015867209547,Equip,"Equip Cat.6A F/FTP Slim-Patchkabel, 0.25m, Beige",Equip FTP LAN Netzwerkkabel 0.25m NEU,Equip FTP LAN Netzwerkkabel 0.25m NEU,48,37,JA
4015867209554,Equip,"Equip Cat.6A F/FTP Slim-Patchkabel, 0.5m, Beige",Equip FTP LAN Netzwerkkabel 0.5m NEU,Equip FTP LAN Netzwerkkabel 0.5m NEU,47,36,JA
4015867209578,Equip,"Equip Cat.6A F/FTP Slim-Patchkabel, 2.0m, Beige",Equip FTP LAN Netzwerkkabel 2.0m NEU,Equip FTP LAN Netzwerkkabel 2.0m NEU,47,36,JA
4015867209561,Equip,"Equip Cat.6A F/FTP Slim-Patchkabel, 1.0m, Beige",Equip FTP LAN Netzwerkkabel 1.0m NEU,Equip FTP LAN Netzwerkkabel 1.0m NEU,47,36,JA
4015867209585,Equip,"Equip Cat.6A F/FTP Slim-Patchkabel, 3.0m, Beige",Equip FTP LAN Netzwerkkabel 3.0m NEU,Equip FTP LAN Netzwerkkabel 3.0m NEU,47,36,JA
4015867209592,Equip,"Equip Cat.6A F/FTP Slim-Patchkabel, 5.0m, Beige",Equip FTP LAN Netzwerkkabel 5.0m NEU,Equip FTP LAN Netzwerkkabel 5.0m NEU,47,36,JA
4015867209608,Equip,"Equip Cat.6A F/FTP Slim-Patchkabel, 7.5m, Beige",Equip FTP LAN Netzwerkkabel 7.5m NEU,Equip FTP LAN Netzwerkkabel 7.5m NEU,47,36,JA
4015867209646,Equip,"Equip Cat.6A F/FTP Slim-Patchkabel, 0.25m, Schwarz",Equip FTP LAN Netzwerkkabel 0.25m NEU,Equip FTP LAN Netzwerkkabel 0.25m NEU,50,37,JA
4015867209653,Equip,"Equip Cat.6A F/FTP Slim-Patchkabel, 0.5m, Black",Equip FTP LAN Netzwerkkabel 0.5m NEU,Equip FTP LAN Netzwerkkabel 0.5m NEU,47,36,JA
4015867209684,Equip,"Equip Cat.6A F/FTP Slim-Patchkabel, 3.0m, Schwarz",Equip FTP LAN Netzwerkkabel 3.0m NEU,Equip FTP LAN Netzwerkkabel 3.0m NEU,49,36,JA
4015867209677,Equip,"Equip Cat.6A F/FTP Slim-Patchkabel, 2.0m, Black",Equip FTP LAN Netzwerkkabel 2.0m NEU,Equip FTP LAN Netzwerkkabel 2.0m NEU,47,36,JA
4015867209691,Equip,"Equip Cat.6A F/FTP Slim-Patchkabel, 5.0m, Schwarz",Equip FTP LAN Netzwerkkabel 5.0m NEU,Equip FTP LAN Netzwerkkabel 5.0m NEU,49,36,JA
4015867209707,Equip,"Equip Cat.6A F/FTP Slim-Patchkabel, 7.5m, Schwarz",Equip FTP LAN Netzwerkkabel 7.5m NEU,Equip FTP LAN Netzwerkkabel 7.5m NEU,49,36,JA
4015867594773,Equip,Equip 605510 networking cable,Equip LAN Netzwerkkabel 1.0m NEU,Equip LAN Netzwerkkabel 1.0m NEU,29,32,JA
4015867594780,Equip,"Equip Cat.6 S/FTP Patchkabel, 2.0m, Weiß",Equip FTP LAN Netzwerkkabel 2.0m NEU,Equip FTP LAN Netzwerkkabel 2.0m NEU,40,36,JA
4015867102244,Equip,"Equip Cat.6 S/FTP Patchkabel, 0.25m, Weiß",Equip FTP LAN Netzwerkkabel 0.25m NEU,Equip FTP LAN Netzwerkkabel 0.25m NEU,41,37,JA
4015867229644,Equip,"Equip Cat.6A S/FTP Patchkabel, 7.5 m, Grau",Equip FTP LAN Netzwerkkabel 7.5m NEU,Equip FTP LAN Netzwerkkabel 7.5m NEU,42,36,JA
4015867229651,Equip,"Equip Cat.6A S/FTP Patchkabel, 10 m, Grau",Equip FTP LAN Netzwerkkabel 10m NEU,Equip FTP LAN Netzwerkkabel 10m NEU,41,35,JA
4015867229675,Equip,"Equip Cat.6A S/FTP Patchkabel, 20 m, Grau",Equip FTP LAN Netzwerkkabel 20m NEU,Equip FTP LAN Netzwerkkabel 20m NEU,41,35,JA
4015867163122,Equip,"Equip Cat.6 S/FTP Patchkabel, 5.0m, Grau",Equip FTP LAN Netzwerkkabel 5.0m NEU,Equip FTP LAN Netzwerkkabel 5.0m NEU,40,36,JA
4015867151815,Equip,"Equip Cat.6 S/FTP Patchkabel, 3.0m, Schwarz",Equip FTP LAN Netzwerkkabel 3.0m NEU,Equip FTP LAN Netzwerkkabel 3.0m NEU,43,36,JA
4015867237076,Equip,"Equip Cat.6A S/FTP Patchkabel, Weiß, 1.5m",Equip FTP LAN Netzwerkkabel 1.5m NEU,Equip FTP LAN Netzwerkkabel 1.5m NEU,41,36,JA
4015867237083,Equip,"Equip Cat.6A S/FTP Patchkabel, Weiß, 25m",Equip FTP LAN Netzwerkkabel 25m NEU,Equip FTP LAN Netzwerkkabel 25m NEU,40,35,JA
4015867237090,Equip,"Equip Cat.6A S/FTP Patchkabel, Schwarz, 0,15m",Equip FTP LAN Netzwerkkabel 15m NEU,Equip FTP LAN Netzwerkkabel 15m NEU,45,35,JA
4015867237106,Equip,"Equip Cat.6A S/FTP Patchkabel, Schwarz, 1.5m",Equip FTP LAN Netzwerkkabel 1.5m NEU,Equip FTP LAN Netzwerkkabel 1.5m NEU,44,36,JA
4015867237113,Equip,"Equip Cat.6A S/FTP Patchkabel, Schwarz, 25m",Equip FTP LAN Netzwerkkabel 25m NEU,Equip FTP LAN Netzwerkkabel 25m NEU,43,35,JA
4015867163085,Equip,"Equip Cat.6 S/FTP Patchkabel, 1.0m, Grau",Equip FTP LAN Netzwerkkabel 1.0m NEU,Equip FTP LAN Netzwerkkabel 1.0m NEU,40,36,JA
4015867163092,Equip,"Equip Cat.6 S/FTP Patchkabel, 2.0m, Grau",Equip FTP LAN Netzwerkkabel 2.0m NEU,Equip FTP LAN Netzwerkkabel 2.0m NEU,40,36,JA
4015867163108,Equip,"Equip Cat.6 S/FTP Patchkabel, 3.0m, Grau",Equip FTP LAN Netzwerkkabel 3.0m NEU,Equip FTP LAN Netzwerkkabel 3.0m NEU,40,36,JA
4015867166130,Equip,"Equip Cat.6 S/FTP Patchkabel, 7.5m, Grau",Equip FTP LAN Netzwerkkabel 7.5m NEU,Equip FTP LAN Netzwerkkabel 7.5m NEU,40,36,JA
4015867163139,Equip,"Equip Cat.6 S/FTP Patchkabel, 10m, Grau",Equip FTP LAN Netzwerkkabel 10m NEU,Equip FTP LAN Netzwerkkabel 10m NEU,39,35,JA
4015867166178,Equip,"Equip Cat.6 S/FTP Patchkabel, 20m, Grau",Equip FTP LAN Netzwerkkabel 20m NEU,Equip FTP LAN Netzwerkkabel 20m NEU,39,35,JA
4015867151723,Equip,"Equip Cat.6 S/FTP Patchkabel, 0.5m, Schwarz",Equip FTP LAN Netzwerkkabel 0.5m NEU,Equip FTP LAN Netzwerkkabel 0.5m NEU,43,36,JA
4015867151754,Equip,"Equip Cat.6 S/FTP Patchkabel, 1.0m, Schwarz",Equip FTP LAN Netzwerkkabel 1.0m NEU,Equip FTP LAN Netzwerkkabel 1.0m NEU,43,36,JA
4015867151785,Equip,"Equip Cat.6 S/FTP Patchkabel, 2.0m, Schwarz",Equip FTP LAN Netzwerkkabel 2.0m NEU,Equip FTP LAN Netzwerkkabel 2.0m NEU,43,36,JA
4015867151846,Equip,"Equip Cat.6 S/FTP Patchkabel, 5.0m, Schwarz",Equip FTP LAN Netzwerkkabel 5.0m NEU,Equip FTP LAN Netzwerkkabel 5.0m NEU,43,36,JA
4015867151877,Equip,"Equip Cat.6 S/FTP Patchkabel, 7.5m, Schwarz",Equip FTP LAN Netzwerkkabel 7.5m NEU,Equip FTP LAN Netzwerkkabel 7.5m NEU,43,36,JA
4015867151938,Equip,"Equip Cat.6 S/FTP Patchkabel, 15m, Schwarz",Equip FTP LAN Netzwerkkabel 15m NEU,Equip FTP LAN Netzwerkkabel 15m NEU,42,35,JA
4015867209660,Equip,"Equip Cat.6A F/FTP Slim-Patchkabel, 1.0m, Black",Equip FTP LAN Netzwerkkabel 1.0m NEU,Equip FTP LAN Netzwerkkabel 1.0m NEU,47,36,JA
4015867163115,Equip,"Equip Cat.6 S/FTP Patchkabel, 0.25m, Grau",Equip FTP LAN Netzwerkkabel 0.25m NEU,Equip FTP LAN Netzwerkkabel 0.25m NEU,41,37,JA
4015867237274,Equip,"Equip Cat.6A S/FTP Patchkabel, Grau, 0,15m",Equip FTP LAN Netzwerkkabel 15m NEU,Equip FTP LAN Netzwerkkabel 15m NEU,42,35,JA
4015867237281,Equip,"Equip Cat.6A S/FTP Patchkabel, Grau, 1.5m",Equip FTP LAN Netzwerkkabel 1.5m NEU,Equip FTP LAN Netzwerkkabel 1.5m NEU,41,36,JA
4015867225172,Equip,Equip 147093 Audio-Kabel 250 m 2 x RCA 3.5mm Schwarz,Equip RCA 3 NEU,Equip 147093 Audio-Kabel 250 m 2 x RCA 3.5mm Schwarz,52,15,NEIN
4015867225189,Equip,"Equip 147094 Audio-Kabel 2,5 m 2 x RCA Schwarz",Equip RCA 5m NEU,"Equip 147094 Audio-Kabel 2,5 m 2 x RCA Schwarz",46,16,NEIN
4015867188767,Equip,"Equip 3,5 mm Stecker auf 2xCinch Stecker Stereo Audio Kabel, 2.5m",Equip 2.5m NEU,"Equip 3,5 mm Stecker auf 2xCinch Stecker Stereo Audio Kabel, 2.5m",65,14,NEIN
0198122902057,HP,"HP Series 5 Pro Serie 5 Pro 23,8-Zoll-FHD-USB-C-Konferenzmonitor – 524pm",HP FHD-USB-C-K Full HD NEU,"HP Series 5 Pro Serie 5 Pro 23,8-Zoll-FHD-USB-C-Konferenzmonitor – 524pm",72,26,NEIN
0023942495918,Verbatim,"Verbatim 49591 Computerbildschirm 35,6 cm (14"") 1920 x 1080 Pixel Full HD LCD Touchscreen Schwarz",Verbatim HD LCD Full NEU,"Verbatim 49591 Computerbildschirm 35,6 cm (14"") 1920 x 1080 Pixel Full HD LCD Touchscreen Schwarz",97,24,NEIN
0023942495925,Verbatim,"Verbatim 49592 Computerbildschirm 39,6 cm (15.6"") 1920 x 1080 Pixel Full HD LCD Touchscreen Schwarz",Verbatim HD LCD Full NEU,"Verbatim 49592 Computerbildschirm 39,6 cm (15.6"") 1920 x 1080 Pixel Full HD LCD Touchscreen Schwarz",99,24,NEIN
0023942322382,Verbatim,"Verbatim 32238 Computerbildschirm 39,6 cm (15.6"") 3840 x 2160 Pixel 4K Ultra HD LCD Touchscreen Schwarz",Verbatim HD LCD 4K UHD NEU,"Verbatim 32238 Computerbildschirm 39,6 cm (15.6"") 3840 x 2160 Pixel 4K Ultra HD LCD Touchscreen Schwarz",103,26,NEIN
0023942322399,Verbatim,"Verbatim 32239 Computerbildschirm 43,9 cm (17.3"") 3840 x 2160 Pixel 4K Ultra HD LCD Touchscreen Schwarz",Verbatim HD LCD 4K UHD NEU,"Verbatim 32239 Computerbildschirm 43,9 cm (17.3"") 3840 x 2160 Pixel 4K Ultra HD LCD Touchscreen Schwarz",103,26,NEIN
4015867164686,Equip,"Equip USB 2.0 A auf B Kabel, 1.0m ,M/M, Schwarz",Equip USB-C Kabel USB 2.0 1.0m NEU,Equip USB-C Kabel USB 2.0 1.0m NEU,47,34,JA
4015867239223,Equip,"Equip USB 2.0 A auf B Kabel, 2.0m, Black",Equip USB-C Kabel USB 2.0 2.0m NEU,Equip USB-C Kabel USB 2.0 2.0m NEU,40,34,JA
4548736142428,Sony,Sony WH-CH720,Sony WH-CH720 Kopfhörer kabellos NEU,Sony WH-CH720 Kopfhörer kabellos NEU,13,36,JA
0195950084658,Apple,Apple MD3J4ZM/A mobile device charger,Apple MD3J4ZM NEU,Apple MD3J4ZM/A mobile device charger,37,17,NEIN
0619659220884,Western Digital,Western Digital Black WD_BLACK SN8100 NVMe,Western Digital BLACK SN8100 M.2 NVMe SSD 1TB NEU,Western Digital BLACK SN8100 M.2 NVMe SSD 1TB NEU,42,49,JA
0023942302292,Verbatim,Verbatim 30229 USB-Stick 128 GB USB Typ-C 3.2 Gen 1 (3.1 Gen 1) Weiß,Verbatim USB-S USB-Stick 128GB NEU,Verbatim USB-S USB-Stick 128GB NEU,68,34,JA
0023942302278,Verbatim,Verbatim 30227 USB-Stick 512 GB USB Typ-C 3.2 Gen 1 (3.1 Gen 1) Schwarz,Verbatim USB-S USB-Stick 512GB NEU,Verbatim USB-S USB-Stick 512GB NEU,71,34,JA
4582563850804,Kioxia,Kioxia Exceria,Kioxia Exceria Speicherkarte 32GB NEU,Kioxia Exceria Speicherkarte 32GB NEU,14,37,JA
4582563850811,Kioxia,Kioxia Exceria,Kioxia Exceria Speicherkarte 64GB NEU,Kioxia Exceria Speicherkarte 64GB NEU,14,37,JA
4711387949863,Asus,ASUS RNUC15CRKU700002 Schwarz 255H,Asus RNUC15CRKU700002 RAM Arbeitsspeicher DDR5 Wi-Fi 7 120W NEU,Asus RNUC15CRKU700002 RAM Arbeitsspeicher DDR5 Wi-Fi 7 120W NEU,34,63,JA
4711387949924,Asus,ASUS NUC 15 Pro RNUC15CRHI300002,Asus NUC 15 RAM Arbeitsspeicher DDR5 Wi-Fi 7 120W NEU,Asus NUC 15 RAM Arbeitsspeicher DDR5 Wi-Fi 7 120W NEU,32,53,JA
4711387949832,Asus,ASUS NUC 15 Pro RNUC15CRKC500002 Schwarz 210H,Asus NUC 15 RAM Arbeitsspeicher DDR5 Wi-Fi 7 120W NEU,Asus NUC 15 RAM Arbeitsspeicher DDR5 Wi-Fi 7 120W NEU,45,53,JA
0619659149598,SanDisk,SanDisk 173384 USB flash drive,SanDisk USB-Stick 32GB NEU,SanDisk 173384 USB flash drive,30,26,NEIN
4582563850224,Kioxia,Kioxia TransMemory U202 USB flash drive,Kioxia U202 USB-Stick 128GB NEU,Kioxia U202 USB-Stick 128GB NEU,39,31,JA
4582563850200,Kioxia,Kioxia TransMemory U202 USB flash drive,Kioxia U202 USB-Stick 32GB NEU,Kioxia U202 USB-Stick 32GB NEU,39,30,JA
4582563850217,Kioxia,Kioxia TransMemory U202 USB flash drive,Kioxia U202 USB-Stick 64GB NEU,Kioxia U202 USB-Stick 64GB NEU,39,30,JA
4582563850040,Kioxia,Kioxia TransMemory U301 USB flash drive,Kioxia U301 USB-Stick 128GB NEU,Kioxia U301 USB-Stick 128GB NEU,39,31,JA
4582563850033,Kioxia,Kioxia TransMemory U301 USB flash drive,Kioxia U301 USB-Stick 64GB NEU,Kioxia U301 USB-Stick 64GB NEU,39,30,JA
8886419334521,Razer,Razer Viper V3 Pro mouse,Razer V3 Maus kabellos NEU,Razer Viper V3 Pro mouse,24,26,NEIN
0199251657009,HP,HP ProDesk 4 Mini G1i AI Intel Core Ultra 5 235T 16 GB DDR5-SDRAM 512 GB SSD Windows 11 Pro Mini PC Mini-PC AI PC Schwarz,HP G1 RAM Arbeitsspeicher 16GB DDR5 NEU,HP G1 RAM Arbeitsspeicher 16GB DDR5 NEU,121,39,JA
0198415233004,HP,HP Thunderbolt 4 100 W G6 Dockingstation,HP G6 Thunderbolt Kabel 100W NEU,HP G6 Thunderbolt Kabel 100W NEU,40,32,JA
0198415314925,HP,HP Thunderbolt 4 Ultra 180 W G6 Dockingstation,HP G6 Thunderbolt Kabel 180W NEU,HP G6 Thunderbolt Kabel 180W NEU,46,32,JA
5702017815640,LEGO,LEGO NINJAGO Lloyd's Green Forest Dragon,LEGO NINJAGO NEU,LEGO NINJAGO Lloyd's Green Forest Dragon,40,16,NEIN
0619659208998,SanDisk,SanDisk Extreme Portable,SanDisk Extreme Portable 8TB NEU,SanDisk Extreme Portable 8TB NEU,24,32,JA
5706998868077,Honeywell,Honeywell Xenon XP 1952g,Honeywell XP 1952 NEU,Honeywell Xenon XP 1952g,24,21,NEIN
8806094911985,Samsung,"Samsung EP-T2510 Smartphone Weiß AC, USB Schnellladung Drinnen",Samsung EP-T2510 1m NEU,"Samsung EP-T2510 Smartphone Weiß AC, USB Schnellladung Drinnen",62,23,NEIN
4779051840168,Teltonika,Teltonika RUT951,Teltonika RUT951 WLAN Router NEU,Teltonika RUT951 WLAN Router NEU,16,32,JA
4713294232656,G.Skill,G.Skill Flare X5 F5-6000J3238F16GX2-FX5 memory module,G.Skill X5 F5-6000J3238F16GX2-FX5 RAM Arbeitsspeicher 32GB 6000MHz DDR5 NEU,G.Skill X5 F5-6000J3238F16GX2-FX5 RAM Arbeitsspeicher 32GB 6000MHz DDR5 NEU,53,75,JA
4713294232120,G.Skill,G.Skill Ripjaws S5 F5-6000J3040F16GX2-RS5K memory module,G.Skill RAM Arbeitsspeicher 32GB 3000MHz DDR5 2x Kit NEU,G.Skill RAM Arbeitsspeicher 32GB 3000MHz DDR5 2x Kit NEU,56,56,JA
4719692015396,G.Skill,G.Skill Trident Z RGB F4-3200C16D-32GTZR memory module,G.Skill RAM Arbeitsspeicher 32GB 3200MHz DDR4 2x Kit NEU,G.Skill RAM Arbeitsspeicher 32GB 3200MHz DDR4 2x Kit NEU,54,56,JA
4713294231949,G.Skill,G.Skill Trident Z RGB F5-6000J3040G32GX2-TZ5RK memory module,G.Skill RAM Arbeitsspeicher 64GB 6000MHz DDR5 2x Kit NEU,G.Skill RAM Arbeitsspeicher 64GB 6000MHz DDR5 2x Kit NEU,60,56,JA
4713294230713,G.Skill,G.Skill Trident Z5 RGB F5-6000J3636F16GX2-TZ5RS memory module,G.Skill Z5 RGB RAM Arbeitsspeicher 32GB 6000MHz DDR5 2x Kit NEU,G.Skill Z5 RGB RAM Arbeitsspeicher 32GB 6000MHz DDR5 2x Kit NEU,61,63,JA
4713294231833,G.Skill,G.Skill Ripjaws V F5-6000J3238F16GX2-RS5K memory module,G.Skill F5-6000J3238F16GX2-RS5K RAM Arbeitsspeicher 32GB DDR5 2x Kit NEU,G.Skill F5-6000J3238F16GX2-RS5K RAM Arbeitsspeicher 32GB DDR5 2x Kit NEU,55,72,JA
4719692019967,G.Skill,G.Skill Value memory module,G.Skill Value RAM Arbeitsspeicher 16GB 2666MHz DDR4 2x Kit NEU,G.Skill Value RAM Arbeitsspeicher 16GB 2666MHz DDR4 2x Kit NEU,27,62,JA
4713294226648,G.Skill,G.Skill Ripjaws F4-3200C22S-16GRS memory module,G.Skill F4-3200C22S-16GRS RAM Arbeitsspeicher 16GB 3200MHz DDR4 NEU,G.Skill F4-3200C22S-16GRS RAM Arbeitsspeicher 16GB 3200MHz DDR4 NEU,47,67,JA
4713294233868,G.Skill,G.Skill Ripjaws S5 F5-6000J3636F32GX2-RS5K memory module,G.Skill RAM Arbeitsspeicher 64GB DDR5 2x Kit NEU,G.Skill RAM Arbeitsspeicher 64GB DDR5 2x Kit NEU,56,48,JA
4713294237637,G.Skill,G.Skill Flare X5 F5-6000J3636F32GX2-FX5 memory module,G.Skill X5 F5-6000J3636F32GX2-FX5 RAM Arbeitsspeicher 64GB 6000MHz DDR5 NEU,G.Skill X5 F5-6000J3636F32GX2-FX5 RAM Arbeitsspeicher 64GB 6000MHz DDR5 NEU,53,75,JA
4713294237934,G.Skill,G.Skill Flare X5 F5-6000J2836G32GX2-FX5 memory module,G.Skill X5 F5-6000J2836G32GX2-FX5 RAM Arbeitsspeicher 64GB DDR5 2x Kit NEU,G.Skill X5 F5-6000J2836G32GX2-FX5 RAM Arbeitsspeicher 64GB DDR5 2x Kit NEU,53,74,JA
4713294234575,G.Skill,G.Skill Trident Z5 Neo RGB F5-6400J3239G16GX2-TZ5NR memory module,G.Skill Z5 RAM Arbeitsspeicher 32GB 6400MHz DDR5 2x Kit NEU,G.Skill Z5 RAM Arbeitsspeicher 32GB 6400MHz DDR5 2x Kit NEU,65,59,JA
4713294226655,G.Skill,G.Skill Ripjaws F4-3200C22D-32GRS memory module,G.Skill F4-3200C22D-32GRS RAM Arbeitsspeicher 32GB 3200MHz DDR4 2x Kit NEU,G.Skill F4-3200C22D-32GRS RAM Arbeitsspeicher 32GB 3200MHz DDR4 2x Kit NEU,47,74,JA
4713294223081,G.Skill,G.Skill Trident Z RGB F4-3600C18D-32GTZR memory module,G.Skill RAM Arbeitsspeicher 32GB 3600MHz DDR4 2x Kit NEU,G.Skill RAM Arbeitsspeicher 32GB 3600MHz DDR4 2x Kit NEU,54,56,JA
4713294237644,G.Skill,G.Skill Flare X5 F5-6000J3636F32GX2-FX5W memory module,G.Skill RAM Arbeitsspeicher 64GB 6000MHz DDR5 2x Kit NEU,G.Skill RAM Arbeitsspeicher 64GB 6000MHz DDR5 2x Kit NEU,54,56,JA
4260557512944,Toshiba,Toshiba N300 internal hard drive,Toshiba N300 8TB NEU,Toshiba N300 internal hard drive,32,20,NEIN
0840006666073,Corsair,Corsair Vengeance RGB memory module,Corsair Vengeance RAM Arbeitsspeicher 32GB 6400MHz DDR5 2x Kit NEU,Corsair Vengeance RAM Arbeitsspeicher 32GB 6400MHz DDR5 2x Kit NEU,35,66,JA
8806092673885,Samsung,"Samsung EP-T6530 Kopfhörer, Kopfhörer, Netbook, Laptop, Smartphone, Smartwatch, Tablets Schwarz AC Drinnen",Samsung EP-T6530 Kopfhörer NEU,Samsung EP-T6530 Kopfhörer NEU,106,30,JA
8801643979379,Samsung,Samsung EP-TA800 Handy Weiß AC Schnellladung Drinnen,Samsung EP-TA800 1m NEU,Samsung EP-TA800 Handy Weiß AC Schnellladung Drinnen,52,23,NEIN
4260557511206,Toshiba,Toshiba Canvio Advance external hard drive,Toshiba 1TB NEU,Toshiba Canvio Advance external hard drive,42,15,NEIN
4260557511268,Toshiba,Toshiba Canvio Advance external hard drive,Toshiba 1TB NEU,Toshiba Canvio Advance external hard drive,42,15,NEIN
4260557511213,Toshiba,Toshiba Canvio Advance external hard drive,Toshiba 2TB NEU,Toshiba Canvio Advance external hard drive,42,15,NEIN
4260557511305,Toshiba,Toshiba Canvio Advance external hard drive,Toshiba 2TB NEU,Toshiba Canvio Advance external hard drive,42,15,NEIN
4260557511312,Toshiba,Toshiba Canvio Advance external hard drive,Toshiba 4TB NEU,Toshiba Canvio Advance external hard drive,42,15,NEIN
4260557511282,Toshiba,Toshiba Canvio Advance external hard drive,Toshiba 4TB NEU,Toshiba Canvio Advance external hard drive,42,15,NEIN
4260557511237,Toshiba,Toshiba Canvio Advance external hard drive,Toshiba 1TB NEU,Toshiba Canvio Advance external hard drive,42,15,NEIN
4260557513262,Toshiba,Toshiba Canvio Flex 1TB external hard drive,Toshiba 1TB NEU,Toshiba Canvio Flex 1TB external hard drive,43,15,NEIN
0718037906218,Western Digital,Western Digital Red Plus WD120EFGX internal hard drive,Western Digital WD120EFGX 12TB NEU,Western Digital WD120EFGX 12TB NEU,54,34,JA
8719706437295,Seagate,"Seagate Exos M Interne Festplatte 30 TB 7200 RPM 512 MB 3.5"" SATA",Seagate Festplatte HDD 30TB NEU,Seagate Festplatte HDD 30TB NEU,65,31,JA
4713294233547,G.Skill,G.Skill Trident Z5 RGB F5-6000J3636F32GX2-TZ5RK memory module,G.Skill Z5 RGB RAM Arbeitsspeicher 64GB 6000MHz DDR5 2x Kit NEU,G.Skill Z5 RGB RAM Arbeitsspeicher 64GB 6000MHz DDR5 2x Kit NEU,61,63,JA
4713294237590,G.Skill,G.Skill Flare X5 F5-6000J2836G16GX2-FX5 memory module,G.Skill X5 F5-6000J2836G16GX2-FX5 RAM Arbeitsspeicher 32GB 6000MHz DDR5 NEU,G.Skill X5 F5-6000J2836G16GX2-FX5 RAM Arbeitsspeicher 32GB 6000MHz DDR5 NEU,53,75,JA
8806095597317,Samsung,Samsung Galaxy Tab S Galaxy Tab S10+ Wi-Fi,Samsung S10 512GB NEU,Samsung Galaxy Tab S Galaxy Tab S10+ Wi-Fi,42,21,NEIN
0017817847643,Bose,Bose QuietComfort Ultra,Bose QuietComfort Ultra Headset kabellos NEU,Bose QuietComfort Ultra Headset kabellos NEU,23,44,JA
0843367136841,Lexar,Lexar NM990,Lexar NM990 1TB NEU,Lexar NM990,11,19,NEIN
4211125100674,,beurer LB 300 Luftbefeuchter,LB 300 NEU,beurer LB 300 Luftbefeuchter,28,10,NEIN
8886419333418,Razer,Razer Orochi V2 mouse,Razer V2 Maus kabellos NEU,Razer Orochi V2 mouse,21,26,NEIN
4260557513286,Toshiba,Toshiba Canvio Flex external hard drive,Toshiba 4TB NEU,Toshiba Canvio Flex external hard drive,39,15,NEIN
6935364010065,TP-Link,TP-Link 7-Port-USB-3.0-Hub,TP-Link USB-3 USB Hub 3.2 1m 7-Port NEU,TP-Link USB-3 USB Hub 3.2 1m 7-Port NEU,26,39,JA
0718037906287,Western Digital,Western Digital WD Blue SN5100,Western Digital WD 500GB NEU,Western Digital WD B 500GB NEU,30,28,NEIN
5099206127128,Ultimate Ears,Ultimate Ears 984-002017 portable/party speaker,Ultimate Ears Lautsprecher kabellos NEU,Ultimate Ears Lautsprecher kabellos NEU,47,39,JA
0195950543742,Apple,Apple AirPods Pro (3rd generation),Apple Kopfhörer kabellos NEU,Apple AirPods Pro (3rd generation),34,28,NEIN
8806097712015,Samsung,"Samsung Galaxy Tab S11 128 GB 27,9 cm (11"") 12 GB Wi-Fi 6E (802.11ax) Silber",Samsung S11 128 802.11ax NEU,Samsung S11 128 128GB 802.11ax NEU,76,28,NEIN
4211129226776,WMF,"WMF KITCHENminis 0416500071 0,6 l Sport-Mixer 300 W Schwarz",WMF KITCHEN 300W NEU,"WMF KITCHENminis 0416500071 0,6 l Sport-Mixer 300 W Schwarz",59,20,NEIN
6972822120317,Enabot,Enabot EBO Air,Enabot EBO NEU,Enabot EBO Air,14,14,NEIN
6972822120935,ENABOT,ENABOT EBO Air 2 Haustierroboter 2K Kamera Nachtsicht WLAN App Wei,ENABOT EBO NEU,ENABOT EBO Air 2 Haustierroboter 2K Kamera Nachtsicht WLAN App Wei,66,14,NEIN
6972822121000,ENABOT,ENABOT EBO Air 2 Haustierroboter 2K Kamera Nachtsicht WLAN App Pink,ENABOT EBO NEU,ENABOT EBO Air 2 Haustierroboter 2K Kamera Nachtsicht WLAN App Pink,67,14,NEIN
6972822121178,Enabot,Enabot EBO Air2 Plus,Enabot EBO NEU,Enabot EBO Air2 Plus,20,14,NEIN
6972822121314,Enabot,Enabot EBO Air2 Plus,Enabot EBO NEU,Enabot EBO Air2 Plus,20,14,NEIN
8806097740476,Samsung,Samsung Schnellladeadapter 45 Watt (mit 5A Kabel),Samsung 8m NEU,Samsung Schnellladeadapter 45 Watt (mit 5A Kabel),49,14,NEIN
8806097740599,Samsung,Samsung Schnellladeadapter 45 Watt,Samsung NEU,Samsung Schnellladeadapter 45 Watt,34,11,NEIN
0195892120551,Lenovo,Lenovo ThinkPad USB4 Smart Dock 5500 Kabelgebunden Schwarz,Lenovo USB4 USB-C Kabel USB 4 65W NEU,Lenovo USB4 USB-C Kabel USB 4 65W NEU,58,37,JA
0649528937735,,3200 16GB Crucial 16GB Tray,16GB NEU,3200 16GB Crucial 16GB Tray,27,8,NEIN
4023125030963,Box,"Box 5690 WLAN-Router 2.5 Gigabit Ethernet Dual-Band (2,4 GHz/5 GHz) Rot, Weiß",Box WLAN-R WLAN Router Wi-Fi 7 NEU,Box WLAN-R WLAN Router Wi-Fi 7 NEU,77,34,JA
0199485355665,HP,"HP ProBook 4 G1a AMD Ryzen™ 5 230 Notebook AI 40,6 cm (16"") 16GB 512GB W11Pro",HP G1 16GB NEU,"HP ProBook 4 G1a AMD Ryzen™ 5 230 Notebook AI 40,6 cm (16"") 16GB 512GB W11Pro",77,14,NEIN
5397184961827,Dell,DELL SD25TB5 Kabelgebunden Thunderbolt 5 Schwarz,Dell SD25TB5 Thunderbolt Kabel 15W NEU,Dell SD25TB5 Thunderbolt Kabel 15W NEU,48,38,JA
0023942302117,Verbatim,Verbatim V200 Metal USB Drive 64GB USB-Stick USB Typ-A 3.2 Gen 1 (3.1 Gen 1) Schwarz,Verbatim V200 USB-Stick 64GB NEU,Verbatim V200 USB-Stick 64GB NEU,84,32,JA
4250563426243,DOCKLenovo,DOCKLenovo Dock Thinkpad USB-C 90W 40A90090EU mit USB-C-Kabel (03X7194),DOCKLenovo USB-C Kabel 90W NEU,DOCKLenovo USB-C Kabel 90W NEU,71,30,JA
4047999411222,CARD,CARD Toshiba SD Exceria R100 N203 256GB,CARD SD 256GB NEU,CARD Toshiba SD Exceria R100 N203 256GB,39,17,NEIN
8887910061336,Razer,Razer BlackShark V3 X HyperSpeed,Razer V3 Kopfhörer kabellos NEU,Razer V3 Kopfhörer kabellos NEU,32,31,JA
8887910061091,Razer,Razer Kraken Kitty V3 X,Razer V3 Kopfhörer NEU,Razer Kraken Kitty V3 X,23,22,NEIN
4582563859982,Kioxia,Kioxia LVD10Z002TG8 internal solid state drive,Kioxia LVD10Z002TG8 2TB NEU,Kioxia LVD10Z002TG8 internal solid state drive,46,27,NEIN
4582563859975,Kioxia,Kioxia LVD10Z001TG8 internal solid state drive,Kioxia LVD10Z001TG8 1TB NEU,Kioxia LVD10Z001TG8 internal solid state drive,46,27,NEIN
4582563859630,Kioxia,Kioxia Exceria Plus G2,Kioxia G2 2TB NEU,Kioxia Exceria Plus G2,22,17,NEIN
8719706437301,Seagate,"Seagate Exos M Interne Festplatte 28 TB 7200 RPM 512 MB 3.5"" SATA",Seagate Festplatte HDD 28TB NEU,Seagate Festplatte HDD 28TB NEU,65,31,JA
4713294230539,G.Skill,G.Skill Flare X5 F5-6000J3038F16GX2-FX5 memory module,G.Skill X5 F5-6000J3038F16GX2-FX5 RAM Arbeitsspeicher 32GB 6000MHz DDR5 NEU,G.Skill X5 F5-6000J3038F16GX2-FX5 RAM Arbeitsspeicher 32GB 6000MHz DDR5 NEU,53,75,JA
0840006684442,Corsair,Corsair Vengeance CMK32GX5M2B6000C38 memory module,Corsair CMK32GX5M2B6000C38 RAM Arbeitsspeicher 32GB 6000MHz DDR5 2x Kit NEU,Corsair CMK32GX5M2B6000C38 RAM Arbeitsspeicher 32GB 6000MHz DDR5 2x Kit NEU,50,75,JA
0840440483045,Corsair,Corsair Vengeance CMSX24GX5M1A5200C44 memory module,Corsair CMSX24GX5M1A5200C44 RAM Arbeitsspeicher 24GB 5200MHz DDR5 NEU,Corsair CMSX24GX5M1A5200C44 RAM Arbeitsspeicher 24GB 5200MHz DDR5 NEU,51,69,JA
0718037906263,Western Digital,Western Digital WD Blue SN5100,Western Digital WD 2TB NEU,Western Digital WD Blue SN5100,30,26,NEIN
0190199534865,Apple,Apple MUQW3ZM/A lightning cable,Apple MUQW3ZM USB Kabel 1m NEU,Apple MUQW3ZM USB Kabel 1m NEU,31,30,JA
4582563851863,Kioxia,Kioxia Exceria,Kioxia Exceria 960GB NEU,Kioxia Exceria,14,24,NEIN
0810010074775,Ubiquiti,Ubiquiti UniFi Enterprise 8 PoE,Ubiquiti UniFi Enterprise 8 PoE NEU,Ubiquiti UniFi Enterprise 8 PoE NEU,31,35,JA
8806094912128,Samsung,Samsung EP-T2510 Universal Schwarz USB Schnellladung Drinnen,Samsung EP-T2510 NEU,Samsung EP-T2510 Universal Schwarz USB Schnellladung Drinnen,60,20,NEIN
8806095426785,Samsung,"Samsung EF-XS921CTEGWW Handy-Schutzhülle 15,8 cm (6.2"") Cover Transparent",Samsung EF-XS921CTEGWW Handy Hülle NEU,Samsung EF-XS921CTEGWW Handy Hülle NEU,73,38,JA
0195949093432,Apple,Apple MU2G3ZM/A USB cable,Apple MU2G3ZM USB Kabel 2.0 2m NEU,Apple MU2G3ZM USB Kabel 2.0 2m NEU,25,34,JA
0810354023545,Ubiquiti,Ubiquiti POE-24-30W PoE adapter,Ubiquiti POE-24-30W Adapter PoE 30W NEU,Ubiquiti POE-24-30W Adapter PoE 30W NEU,31,39,JA
8006540742891,Oral-B,Oral-B Junior 8006540742891 Elektrische Zahnbürste Kind Rotierende Zahnbürste Violett,Oral-B NEU,Oral-B Junior 8006540742891 Elektrische Zahnbürste Kind Rotierende Zahnbürste Violett,85,10,NEIN
8006540743027,Oral-B,Oral-B Junior 8006540743027 electric toothbrush,Oral-B NEU,Oral-B Junior 8006540743027 electric toothbrush,47,10,NEIN
0017817846172,Bose,Bose QuietComfort Ultra,Bose QuietComfort Ultra Headset kabellos NEU,Bose QuietComfort Ultra Headset kabellos NEU,23,44,JA
6947273705093,Grandstream,Grandstream Networks WP816 IP phone,Grandstream WP816 IP NEU,Grandstream Networks WP816 IP phone,35,24,NEIN
8719514404595,Philips,Philips Hue White and Color ambiance Tragbare Tischleuchte Hue Go,Philips Bluetooth NEU,Philips Hue White and Color ambiance Tragbare Tischleuchte Hue Go,65,21,NEIN
5013493465145,Sony,Sony ZV-1 II,Sony ZV-1 4K UHD NEU,Sony ZV-1 II,12,20,NEIN
4548736156432,Sony,Sony WHULT900NB headphones/headset,Sony WHULT900NB Headset kabellos NEU,Sony WHULT900NB Headset kabellos NEU,34,36,JA
5060703494907,GHD,GHD Unplugged,GHD Unplugged NEU,GHD Unplugged,13,17,NEIN
6974316994152,Govee,Govee Glide RGBIC Y Lights Intelligente Wandleuchte Wi-Fi/Bluetooth 72 W,Govee RGBIC Bluetooth 72 NEU,Govee RGBIC Y Bluetooth 72 72W NEU,72,28,NEIN
6974316999034,Govee,Govee H6004 Intelligentes Leuchtmittel Wi-Fi/Bluetooth 9 W,Govee H6004 802.11b Bluetooth 9 NEU,Govee H6004 802.11b Bluetooth 9 NEU,58,35,JA
6974316999997,Govee,Govee H6063 Intelligente Wandleuchte Wi-Fi/Bluetooth 72 W,Govee H6063 802.11b Bluetooth 72 NEU,Govee H6063 802.11b Bluetooth 72 NEU,57,36,JA
6974316999386,Govee,Govee H10D1000 Beleuchtungs-Zubehör Montagehalterung,Govee H10D1000 NEU,Govee H10D1000 Beleuchtungs-Zubehör Montagehalterung,52,18,NEIN
6974316999393,Govee,Govee H10D2000 Beleuchtungs-Zubehör Montagehalterung,Govee H10D2000 NEU,Govee H10D2000 Beleuchtungs-Zubehör Montagehalterung,52,18,NEIN
6974316999409,Govee,Govee H10D1001 Beleuchtungs-Zubehör Montagehalterung,Govee H10D1001 NEU,Govee H10D1001 Beleuchtungs-Zubehör Montagehalterung,52,18,NEIN
4897082668619,EcoFlow,EcoFlow ZMS330 solar panel,EcoFlow ZMS330 100W NEU,EcoFlow ZMS330 solar panel,26,23,NEIN
4895251601436,EcoFlow,EcoFlow Power Prepared Kit solar panel accessory,EcoFlow Adapter NEU,EcoFlow Power Prepared Kit solar panel accessory,48,19,NEIN
4895251600293,EcoFlow,EcoFlow ZMA003-EU/UK-C20 portable power station accessory,EcoFlow ZMA003-EU Adapter NEU,EcoFlow ZMA003-EU/UK-C20 portable power station accessory,57,29,NEIN
4895251607780,EcoFlow,EcoFlow EFA-SMARTPLUG-EU-4P smart plug,EcoFlow EFA-SMARTPLUG-EU-4P Smarte Steckdose Bluetooth NEU,EcoFlow EFA-SMARTPLUG-EU-4P Smarte Steckdose Bluetooth NEU,38,58,JA
0718037901282,Western Digital,Western Digital Red Pro internal hard drive,Western Digital 12TB NEU,Western Digital Red Pro internal hard drive,43,24,NEIN
0195949087714,Apple,Apple MUQW3ZM/A lightning cable,Apple MUQW3ZM USB Kabel 1m NEU,Apple MUQW3ZM USB Kabel 1m NEU,31,30,JA
4260557513279,Toshiba,Toshiba Canvio Flex 2 TB external hard drive,Toshiba 2TB NEU,Toshiba Canvio Flex 2 TB external hard drive,44,15,NEIN
5060777125950,GHD,GHD flight+ hair dryer,GHD NEU,GHD flight+ hair dryer,22,7,NEIN
4001797864208,Rommelsbacher,Rommelsbacher EKM 400 coffee grinder,Rommelsbacher EKM 400 NEU,Rommelsbacher EKM 400 coffee grinder,36,25,NEIN
5715063048054,Datalogic,Datalogic QD2220-BKK1 barcode reader,Datalogic QD2220-BKK1 NEU,Datalogic QD2220-BKK1 barcode reader,36,25,NEIN
0017817847681,Bose,Bose QuietComfort Ultra,Bose QuietComfort Ultra Headset kabellos NEU,Bose QuietComfort Ultra Headset kabellos NEU,23,44,JA
0718037902982,Western Digital,Western Digital Black WD_BLACK SN7100 NVMe,Western Digital BLACK SN7100 M.2 NVMe SSD 4TB NEU,Western Digital BLACK SN7100 M.2 NVMe SSD 4TB NEU,42,49,JA
4719692017727,G.Skill,G.Skill Aegis F4-2400C17S-8GIS memory module,G.Skill F4-2400C17S-8GIS RAM Arbeitsspeicher 8GB 2400MHz DDR4 NEU,G.Skill F4-2400C17S-8GIS RAM Arbeitsspeicher 8GB 2400MHz DDR4 NEU,44,65,JA
4719692006417,G.Skill,G.Skill Ripjaws V memory module,G.Skill Ripjaws RAM Arbeitsspeicher 16GB 3200MHz DDR4 2x Kit NEU,G.Skill Ripjaws RAM Arbeitsspeicher 16GB 3200MHz DDR4 2x Kit NEU,31,64,JA
4719692007667,G.Skill,G.Skill Ripjaws SO-DIMM 16GB DDR4-2400Mhz memory module,G.Skill DIMM 16GB RAM Arbeitsspeicher 2400MHz DDR4 2x Kit NEU,G.Skill DIMM 16GB RAM Arbeitsspeicher 2400MHz DDR4 2x Kit NEU,55,61,JA
4713294220998,G.Skill,G.Skill Aegis F4-2666C19S-16GIS memory module,G.Skill F4-2666C19S-16GIS RAM Arbeitsspeicher 16GB 2666MHz DDR4 NEU,G.Skill F4-2666C19S-16GIS RAM Arbeitsspeicher 16GB 2666MHz DDR4 NEU,45,67,JA
4719692007681,G.Skill,G.Skill Ripjaws memory module,G.Skill Ripjaws RAM Arbeitsspeicher 32GB 2400MHz DDR4 2x Kit NEU,G.Skill Ripjaws RAM Arbeitsspeicher 32GB 2400MHz DDR4 2x Kit NEU,29,64,JA
4260557511299,Toshiba,Toshiba Canvio Advance external hard drive,Toshiba 1TB NEU,Toshiba Canvio Advance external hard drive,42,15,NEIN
4260557513156,Toshiba,Toshiba MG10ADA10TE internal hard drive,Toshiba MG10ADA10TE 10TB NEU,Toshiba MG10ADA10TE internal hard drive,39,28,NEIN
4260557511244,Toshiba,Toshiba Canvio Advance external hard drive,Toshiba 2TB NEU,Toshiba Canvio Advance external hard drive,42,15,NEIN
6975069305523,PETKIT,PETKIT P9903 dog / cat litter box,PETKIT P9903 NEU,PETKIT P9903 dog / cat litter box,33,16,NEIN
6972822120867,ENABOT,ENABOT ROLA Mini Cat Teaser Aufsatz Katzenspielzeug Modul interaktiv,ENABOT ROLA NEU,ENABOT ROLA Mini Cat Teaser Aufsatz Katzenspielzeug Modul interaktiv,68,15,NEIN
6972822121079,ENABOT,ENABOT EBO Air 2 Haustierroboter 2K Kamera Nachtsicht WLAN App Blau,ENABOT EBO NEU,ENABOT EBO Air 2 Haustierroboter 2K Kamera Nachtsicht WLAN App Blau,67,14,NEIN
6972822121246,Enabot,Enabot EBO Air2 Plus,Enabot EBO NEU,Enabot EBO Air2 Plus,20,14,NEIN
6972822120683,ENABOT,ENABOT ROLA PetPal Spiele Modul interaktives Katzenspielzeug Laser App,ENABOT ROLA NEU,ENABOT ROLA PetPal Spiele Modul interaktives Katzenspielzeug Laser App,70,15,NEIN
5099206133143,Logitech,Logitech MX Master 4 for Business mouse,Logitech MX Maus Bluetooth 8000 DPI NEU,Logitech MX Maus Bluetooth 8000 DPI NEU,39,39,JA
0718037905754,Western Digital,Western Digital Red Plus WD40EFZZ internal hard drive,Western Digital WD40EFZZ 4TB NEU,Western Digital WD40EFZZ 4TB NEU,53,32,JA
0023942438885,Verbatim,Verbatim 43888 Optisches Laufwerk Blu-Ray DVD Combo Schwarz,Verbatim DVD NEU,Verbatim 43888 Optisches Laufwerk Blu-Ray DVD Combo Schwarz,59,16,NEIN
8719706438667,Seagate,"Seagate IronWolf Pro ST28000NT000 Interne Festplatte 28 TB 7200 RPM 512 MB 3.5"" Serial ATA III",Seagate ST28000NT000 Festplatte HDD 28TB NEU,Seagate ST28000NT000 Festplatte HDD 28TB NEU,94,44,JA
5711603083851,T1A,"T1A DELL Latitude 5320 Intel® Core™ i7 i7-1185G7 Laptop 33,8 cm (13.3"") Full HD 16 GB DDR4-SDRAM 256 GB SSD Windows 11 Pro Deutsch Grau",T1A DELL RAM Arbeitsspeicher 16GB DDR4 Full HD NEU,T1A DELL RAM Arbeitsspeicher 16GB DDR4 Full HD NEU,135,50,JA
0840006667216,Corsair,Corsair Vengeance CMK32GX5M2B6400C36 memory module,Corsair CMK32GX5M2B6400C36 RAM Arbeitsspeicher 48GB 6400MHz DDR5 2x Kit NEU,Corsair CMK32GX5M2B6400C36 RAM Arbeitsspeicher 48GB 6400MHz DDR5 2x Kit NEU,50,75,JA
0840006667193,Corsair,Corsair Vengeance RGB CMH48GX5M2B6400C36 memory module,Corsair RAM Arbeitsspeicher 48GB 6400MHz DDR5 2x Kit NEU,Corsair RAM Arbeitsspeicher 48GB 6400MHz DDR5 2x Kit NEU,54,56,JA
6935364092313,TP-Link,TP-Link 8-Port-Gigabit-Desktop-Switch,TP-Link Netzwerk Switch 8-Port NEU,TP-Link Netzwerk Switch 8-Port NEU,37,34,JA
4779051841042,Teltonika,Teltonika PR5MEC12 mounting kit,Teltonika PR5MEC12 NEU,Teltonika PR5MEC12 mounting kit,31,22,NEIN
4779051841394,Teltonika,Teltonika PR1KC640 network antenna,Teltonika PR1KC640 NEU,Teltonika PR1KC640 network antenna,34,22,NEIN
0810084693582,Ubiquiti,Ubiquiti G5 PTZ,Ubiquiti G5 PTZ NEU,Ubiquiti G5 PTZ,15,19,NEIN
6938818321816,Yealink,Yealink BH70 Mono Teams USB-C/A Headset,Yealink BH70 Headset kabellos NEU,Yealink BH70 Headset kabellos NEU,39,33,JA
0023942531944,Verbatim,"Verbatim Portables Festplattenlaufwerk Store 'n' Go USB 3.0, 1 TB, Schwarz",Verbatim Festplatte HDD 1TB USB 3.0 NEU,Verbatim Festplatte HDD 1TB USB 3.0 NEU,74,39,JA
8886419379645,Razer,Razer Leviathan V2 X,Razer V2 65W kabellos NEU,Razer Leviathan V2 X,20,25,NEIN
4711387797143,Asus,ASUS PRIME B840M-A WIFI AMD B840 Sockel AM5 micro ATX,Asus PRIME B840M-A RAM Arbeitsspeicher 192GB DDR5 NEU,Asus PRIME B840M-A RAM Arbeitsspeicher 192GB DDR5 NEU,53,53,JA
0718037901442,Western Digital,Western Digital Gold WD122KRYZ internal hard drive,Western Digital WD122KRYZ 12TB NEU,Western Digital WD122KRYZ 12TB NEU,50,34,JA
0718037903873,Western Digital,Western Digital My Passport WDBR9S0060BBK-WESN external hard drive,Western Digital WDBR9S0060BBK-WESN 6TB NEU,Western Digital WDBR9S0060BBK-WESN 6TB NEU,66,42,JA
4015867194829,Equip,Equip 11903607 video cable adapter,Equip HDMI Adapter NEU,Equip 11903607 video cable adapter,34,22,NEIN
4015867226551,Equip,Equip 128344 USB cable,Equip USB-C Kabel USB 3.2 2.0m NEU,Equip USB-C Kabel USB 3.2 2.0m NEU,22,34,JA
4713294236807,G.Skill,G.Skill Trident Z5 Neo RGB F5-8000J3848H16GX2-TR5NS memory module,G.Skill Z5 RAM Arbeitsspeicher 32GB 8000MHz DDR5 2x Kit NEU,G.Skill Z5 RAM Arbeitsspeicher 32GB 8000MHz DDR5 2x Kit NEU,65,59,JA
4713294224149,G.Skill,G.Skill Ripjaws V F4-4000C18D-32GVK memory module,G.Skill F4-4000C18D-32GVK RAM Arbeitsspeicher 32GB 4000MHz DDR4 2x Kit NEU,G.Skill F4-4000C18D-32GVK RAM Arbeitsspeicher 32GB 4000MHz DDR4 2x Kit NEU,49,74,JA
4713294232069,G.Skill,G.Skill Trident Z RGB F5-6000J3040F16GX2-TZ5RK memory module,G.Skill RAM Arbeitsspeicher 32GB 3000MHz DDR5 2x Kit NEU,G.Skill RAM Arbeitsspeicher 32GB 3000MHz DDR5 2x Kit NEU,60,56,JA
0718037906201,Western Digital,Western Digital Red Plus WD100EFGX internal hard drive,Western Digital WD100EFGX 10TB NEU,Western Digital WD100EFGX 10TB NEU,54,34,JA
0840414681804,Amazon,Amazon Echo Dot Max,Amazon Echo Dot 802.11a kabellos NEU,Amazon Echo Dot 802.11a kabellos NEU,19,36,JA
0718037905778,Western Digital,Western Digital Purple internal hard drive,Western Digital Purple internal hard 4TB NEU,Western Digital Purple internal hard 4TB NEU,42,44,JA
0017817859561,Bose,Bose 890101-0200 headphones/headset,Bose Headset kabellos NEU,Bose 890101-0200 headphones/headset,35,25,NEIN
8886419351450,Razer,Razer Wolverine V3 Tournament Edition,Razer V3 Gaming Controller NEU,Razer V3 Gaming Controller NEU,37,30,JA
4548736158283,Sony,Sony U.K. HTAN7.CE7 portable/party speaker,Sony HTAN7 Lautsprecher kabellos NEU,Sony HTAN7 Lautsprecher kabellos NEU,42,36,JA
0840440492573,Corsair,Corsair Vengeance RGB memory module,Corsair Vengeance RAM Arbeitsspeicher 32GB DDR5 2x Kit NEU,Corsair Vengeance RAM Arbeitsspeicher 32GB DDR5 2x Kit NEU,35,58,JA
0740617350180,Kingston Technology,Kingston Technology FURY Beast 32GB 5600MT/s DDR5 CL36 DIMM Schwarz,Kingston Technology FURY RAM Arbeitsspeicher 32GB DDR5 NEU,Kingston Technology FURY RAM Arbeitsspeicher 32GB DDR5 NEU,67,58,JA
8886419334347,Razer,Razer Viper V3 Pro SE mouse,Razer V3 Maus Bluetooth NEU,Razer Viper V3 Pro SE mouse,27,27,NEIN
0843367136780,Lexar,Lexar Professional NM1090 PRO,Lexar NM1090 PRO 1TB NEU,Lexar Professional NM1090 PRO,29,24,NEIN
0843367136797,Lexar,Lexar Professional NM1090 PRO,Lexar NM1090 PRO 2TB NEU,Lexar Professional NM1090 PRO,29,24,NEIN
0843367132218,Lexar,Lexar LNQ790X001T-RNNNG internal solid state drive,Lexar LNQ790X001T-RNNNG 1TB NEU,Lexar LNQ790X001T-RNNNG 1TB NEU,50,31,JA
0023942532231,Verbatim,"Verbatim Portables Festplattenlaufwerk Store 'n' Go USB 3.0, 4 TB, Schwarz",Verbatim Festplatte HDD 4TB USB 3.0 NEU,Verbatim Festplatte HDD 4TB USB 3.0 NEU,74,39,JA
8719706021173,Seagate,"Seagate Enterprise ST2000NM001B Interne Festplatte 2 TB 7200 RPM 256 MB 3.5"" SAS",Seagate ST2000NM001B Festplatte HDD 2TB NEU,Seagate ST2000NM001B Festplatte HDD 2TB NEU,80,43,JA
4582761161115,Kioxia,Kioxia LSF10Z002TG8 internal solid state drive,Kioxia LSF10Z002TG8 2TB NEU,Kioxia LSF10Z002TG8 internal solid state drive,46,27,NEIN
0740617350173,Kingston Technology,Kingston Technology FURY Beast 64GB 5600MT/s DDR5 CL36 DIMM (2er-Kit) Schwarz,Kingston Technology FURY RAM Arbeitsspeicher 64GB DDR5 2x Kit NEU,Kingston Technology FURY RAM Arbeitsspeicher 64GB DDR5 2x Kit NEU,77,65,JA
6938818312883,Yealink,Yealink BH71-PRO Kopfhörer & Headset Kabellos im Ohr Büro/Callcenter Bluetooth Schwarz,Yealink BH71-PRO Headset Bluetooth NEU,Yealink BH71-PRO Headset Bluetooth NEU,86,38,JA
5397321029045,Dell,DELL Pro Dock WD25Z Kabelgebunden USB 3.2 Gen 2 (3.1 Gen 2) Type-C Schwarz,Dell WD25Z USB-C Kabel USB 3.2 130W NEU,Dell WD25Z USB-C Kabel USB 3.2 130W NEU,74,39,JA
0198156725684,Lenovo,Lenovo ThinkVision T24D-40 Monitor,Lenovo T24D-40 Monitor Full HD NEU,Lenovo T24D-40 Monitor Full HD NEU,34,34,JA
4719692015457,G.Skill,G.Skill 16GB DDR4-3000 memory module,G.Skill RAM Arbeitsspeicher 16GB 3000MHz DDR4 2x Kit NEU,G.Skill RAM Arbeitsspeicher 16GB 3000MHz DDR4 2x Kit NEU,36,56,JA
0718037877310,Western Digital,Western Digital Red Pro internal hard drive,Western Digital 10TB NEU,Western Digital Red Pro internal hard drive,43,24,NEIN
0730143318280,AMD,AMD Ryzen 7 9850X3D processor,AMD X3D Prozessor CPU NEU,AMD Ryzen 7 9850X3D processor,29,25,NEIN
4015867164730,Equip,"Equip USB 2.0 A auf A Verlängerungskabel Stecker auf Buchse, 3.0m , Schwarz",Equip USB-C Kabel USB 2.0 3.0m NEU,Equip USB-C Kabel USB 2.0 3.0m NEU,75,34,JA
4582563857087,Kioxia,Kioxia LNEX2L128GG4 memory card,Kioxia LNEX2L128GG4 Speicherkarte 128GB NEU,Kioxia LNEX2L128GG4 Speicherkarte 128GB NEU,31,43,JA
8885020622379,TP-Link,TP-Link Festa FS308G Managed L2/L2+ Gigabit Ethernet (10/100/1000) Power over Ethernet (PoE) Weiß,TP-Link FS308G PoE NEU,TP-Link Festa FS308G Managed L2/L2+ Gigabit Ethernet (10/100/1000) Power over Ethernet (PoE) Weiß,97,22,NEIN
8885020621440,TP-Link,TP-Link FESTA FS308GP Netzwerk-Switch Managed Gigabit Ethernet (10/100/1000) Power over Ethernet (PoE) Weiß,TP-Link FESTA FS308GP PoE NEU,TP-Link FESTA FS308GP Netzwerk-Switch Managed Gigabit Ethernet (10/100/1000) Power over Ethernet (PoE) Weiß,107,29,NEIN
8885020621488,TP-Link,TP-Link Festa FS318GP L2/L2+ Gigabit Ethernet (10/100/1000) Power over Ethernet (PoE),TP-Link FS318GP L2 PoE NEU,TP-Link Festa FS318GP L2/L2+ Gigabit Ethernet (10/100/1000) Power over Ethernet (PoE),85,26,NEIN
6975069305028,PETKIT,PETKIT PURA MAX 2,PETKIT PURA MAX NEU,PETKIT PURA MAX 2,17,19,NEIN
8719706439480,Seagate,"Seagate Barracuda Desktop 24TB HDD Interne Festplatte 7200 RPM 512 MB 3.5"" SATA",Seagate Festplatte HDD 24TB NEU,Seagate Festplatte HDD 24TB NEU,79,31,JA
4897098687383,TP-Link,TP-Link AXE5400 Wi-Fi 6E Bluetooth 5.2 PCIe Adapter,TP-Link AXE5400 Adapter Bluetooth 5.2 NEU,TP-Link AXE5400 Adapter Bluetooth 5.2 NEU,51,41,JA
8885021370231,TP-Link,TP-Link FESTA F52 WLAN Access Point 867 Mbit/s Weiß Power over Ethernet (PoE),TP-Link FESTA F52 WLAN Access Point PoE NEU,TP-Link FESTA F52 WLAN Access Point PoE NEU,77,43,JA
4015867229682,Equip,"Equip Cat.6A S/FTP Patchkabel, 30 m, Grau",Equip FTP LAN Netzwerkkabel 30m NEU,Equip FTP LAN Netzwerkkabel 30m NEU,41,35,JA
4211125591137,,beurer HC 25 Reisehaartrockner Schwarz,HC 25 NEU,beurer HC 25 Reisehaartrockner Schwarz,38,9,NEIN
4211125100834,HC,HC 100 (lila/metall),HC NEU,HC 100 (lila/metall),20,6,NEIN
4211125375003,Spann-Wrmeunterbett,"Spann-Wrmeunterbett UB 100 Cosy (wei, 100 x 200 cm)",Spann-Wrmeunterbett UB 100 NEU,Spann-Wrmeunterbett UB 100 NEU,51,30,JA
6975069301723,PETKIT,PETKIT DT5-EU,PETKIT DT5-EU NEU,PETKIT DT5-EU,13,17,NEIN
6973293809190,PETKIT,PETKIT PN103487,PETKIT PN103487 NEU,PETKIT PN103487,15,19,NEIN
6973293808506,PETKIT,PETKIT Breezy 2,PETKIT Breezy 2 NEU,PETKIT Breezy 2,15,19,NEIN
0649528929921,Crucial,Crucial CT8G56C46S5 memory module,Crucial CT8G56C46S5 RAM Arbeitsspeicher 8GB 5600MHz DDR5 NEU,Crucial CT8G56C46S5 RAM Arbeitsspeicher 8GB 5600MHz DDR5 NEU,33,60,JA
8886419379874,Razer,Razer Barracuda X,Razer Barracuda Kopfhörer kabellos NEU,Razer Barracuda Kopfhörer kabellos NEU,17,38,JA
4548736158337,Sony,Sony WHULT900NW headphones/headset,Sony WHULT900NW Headset kabellos NEU,Sony WHULT900NW Headset kabellos NEU,34,36,JA
3030050182385,Braun,Braun HD130 Haartrockner 1200 W Schwarz,Braun HD130 1200W NEU,Braun HD130 Haartrockner 1200 W Schwarz,39,21,NEIN
4054278662114,Kärcher,Kärcher WD 5 P V-25/5/22,Kärcher WD 5 NEU,Kärcher WD 5 P V-25/5/22,24,16,NEIN
5711157014110,Needit,Needit Park Lite parking disc,Needit NEU,Needit Park Lite parking disc,29,10,NEIN
5711157014127,Needit,Needit Park Lite parking disc,Needit NEU,Needit Park Lite parking disc,29,10,NEIN
5711157030141,Needit,Needit Park Mini parking disc,Needit NEU,Needit Park Mini parking disc,29,10,NEIN
5711157030110,Needit,Needit Park Mini parking disc,Needit NEU,Needit Park Mini parking disc,29,10,NEIN
5711157080382,Needit,Needit Park Lite One parking disc,Needit NEU,Needit Park Lite One parking disc,33,10,NEIN
0740617337426,Kingston Technology,Kingston Technology FURY Beast 16GB 3600MT/s DDR4 CL18 DIMM RGB,Kingston Technology FURY RAM Arbeitsspeicher 16GB DDR4 NEU,Kingston Technology FURY RAM Arbeitsspeicher 16GB DDR4 NEU,63,58,JA
0740617337815,Kingston Technology,Kingston Technology FURY 16GB 3600MT/s DDR4 CL16 DIMM (2er-Kit) Renegade Black,Kingston Technology FURY 16GB RAM Arbeitsspeicher DDR4 2x Kit NEU,Kingston Technology FURY 16GB RAM Arbeitsspeicher DDR4 2x Kit NEU,78,65,JA
6974316999881,Govee,Govee H70BC Intelligente Strangleuchte Wi-Fi/Bluetooth,Govee H70BC Bluetooth NEU,Govee H70BC Intelligente Strangleuchte Wi-Fi/Bluetooth,54,25,NEIN
4054278661810,Kärcher,Kärcher WD 6 P S V-30/6/22/T,Kärcher WD 6 NEU,Kärcher WD 6 P S V-30/6/22/T,28,16,NEIN
0840080554570,Amazon,Amazon Kindle Scribe e-book reader,Amazon 16GB NEU,Amazon Kindle Scribe e-book reader,34,15,NEIN
4897098681367,TP-Link,TP-Link Tapo L930-5 Intelligenter Leuchtstreifen WLAN,TP-Link L930-5 802.11b NEU,TP-Link Tapo L930-5 Intelligenter Leuchtstreifen WLAN,53,26,NEIN
8885020623994,TP-Link,TP-Link Festa FS318G Managed Gigabit Ethernet (10/100/1000) Weiß,TP-Link FS318G NEU,TP-Link Festa FS318G Managed Gigabit Ethernet (10/100/1000) Weiß,64,18,NEIN
0017817852470,Bose,Bose 887612-0100 portable/party speaker,Bose Lautsprecher IP67 NEU,Bose 887612-0100 portable/party speaker,39,26,NEIN
4210201408567,Braun,Braun 408567 Elektrische Zahnbürste Erwachsener Vibrierende Zahnbürste Schwarz,Braun NEU,Braun 408567 Elektrische Zahnbürste Erwachsener Vibrierende Zahnbürste Schwarz,78,9,NEIN
4015867163146,Equip,"Equip Cat.6 S/FTP Patchkabel, 0.5m, Grau",Equip FTP LAN Netzwerkkabel 0.5m NEU,Equip FTP LAN Netzwerkkabel 0.5m NEU,40,36,JA
6976233677163,Dreame,"Dreame X40 Master 0,3 l Schwarz",Dreame X40 NEU,"Dreame X40 Master 0,3 l Schwarz",31,14,NEIN
3660619408184,Seagate,"Seagate Basic Externe Festplatte 2 TB 2.5"" 2.0 Silber",Seagate Festplatte HDD 2TB NEU,Seagate Festplatte HDD 2TB NEU,53,30,JA
4260557512722,Toshiba,Toshiba S300 Pro Surveillance internal hard drive,Toshiba S300 10TB NEU,Toshiba S300 Pro Surveillance internal hard drive,49,21,NEIN
0649528906564,Crucial,Crucial CT2K32G48C40S5 memory module,Crucial CT2K32G48C40S5 RAM Arbeitsspeicher 64GB 4800MHz DDR5 2x Kit NEU,Crucial CT2K32G48C40S5 RAM Arbeitsspeicher 64GB 4800MHz DDR5 2x Kit NEU,36,71,JA
6938818306578,Yealink,Yealink WH67 UC Headset,Yealink WH67 UC Headset kabellos NEU,Yealink WH67 UC Headset kabellos NEU,23,36,JA
0017817768429,Bose,Bose SoundLink Micro Bluetooth speaker,Bose SoundLink Micro Bluetooth Lautsprecher 9m kabellos NEU,Bose SoundLink Micro Bluetooth Lautsprecher 9m kabellos NEU,38,59,JA
6970229250545,,beurer TL 35 Tageslichtlampe Weiß,TL 35 NEU,beurer TL 35 Tageslichtlampe Weiß,33,9,NEIN
5999056126534,Dell,DELL 0M0RT Netzteil & Spannungsumwandler Drinnen 65 W Schwarz,Dell M0RT ATX Netzteil 1m 65W NEU,Dell M0RT ATX Netzteil 1m 65W NEU,61,33,JA
6975069300863,PETKIT,PETKIT Breezy 2,PETKIT Breezy 2 NEU,PETKIT Breezy 2,15,19,NEIN
6975069303956,PETKIT,PETKIT N50-2.0,PETKIT N50-2 NEU,PETKIT N50-2.0,14,16,NEIN
6975069305240,PETKIT,PETKIT N60-3pcs,PETKIT N60-3 NEU,PETKIT N60-3pcs,15,16,NEIN
6973293800807,PETKIT,PETKIT PK-N1 pet nail clipper,PETKIT PK-N1 NEU,PETKIT PK-N1 pet nail clipper,29,16,NEIN
4548736166554,Sony,Sony WHCH720NP.CE7 headphones/headset,Sony WHCH720NP Headset kabellos NEU,Sony WHCH720NP Headset kabellos NEU,37,35,JA
6973293802276,PETKIT,PETKIT 1 dog/cat feeder/waterer,PETKIT NEU,PETKIT 1 dog/cat feeder/waterer,31,10,NEIN
4211125614034,IL,IL 11 Rotlicht 100W Infrarotlampe,IL 100W NEU,IL 11 Rotlicht 100W Infrarotlampe,33,11,NEIN
4211125608101,TL,"TL 80 (wei, Tageslichtlampe)",TL NEU,"TL 80 (wei, Tageslichtlampe)",28,6,NEIN
0843367136858,Lexar,Lexar NM990,Lexar NM990 2TB NEU,Lexar NM990,11,19,NEIN
4897082669432,EcoFlow,EcoFlow LFP Battery Power Cable portable power station accessory,EcoFlow LFP NEU,EcoFlow LFP Battery Power Cable portable power station accessory,64,15,NEIN
4895251625005,EcoFlow,EcoFlow EFL-DELTAPRO348DH-0.85M portable power station accessory,EcoFlow EFL-DELTAPRO348DH-0 0.85m NEU,EcoFlow EFL-DELTAPRO348DH-0 0.85m NEU,64,37,JA
4895251600545,EcoFlow,EcoFlow SCLI-B camping lantern,EcoFlow SCLI-B IP54 NEU,EcoFlow SCLI-B camping lantern,30,23,NEIN
8719706436908,Seagate,"Seagate SkyHawk Interne Festplatte 12 TB 7200 RPM 512 MB 3.5"" Serial ATA III",Seagate Festplatte HDD 12TB NEU,Seagate Festplatte HDD 12TB NEU,76,31,JA
8719706022125,Seagate,"Seagate Enterprise ST6000NM020B Interne Festplatte 6 TB 7200 RPM 256 MB 3.5"" SAS",Seagate ST6000NM020B Festplatte HDD 6TB NEU,Seagate ST6000NM020B Festplatte HDD 6TB NEU,80,43,JA
0843367136803,Lexar,Lexar Professional NM1090 PRO,Lexar NM1090 PRO 4TB NEU,Lexar Professional NM1090 PRO,29,24,NEIN
6975069301778,PETKIT,PETKIT HG-P-EU,PETKIT HG-P-EU NEU,PETKIT HG-P-EU,14,18,NEIN
8718699771126,Philips,Philips Hue White and Color ambiance Bloom Tischleuchte schwarz,Philips Bluetooth NEU,Philips Hue White and Color ambiance Bloom Tischleuchte schwarz,63,21,NEIN
4582761161511,Kioxia,Kioxia Exceria G3,Kioxia G3 2TB NEU,Kioxia Exceria G3,17,17,NEIN
4582761161504,Kioxia,Kioxia Exceria G3,Kioxia G3 1TB NEU,Kioxia Exceria G3,17,17,NEIN
4582761160286,Kioxia,Kioxia Exceria PRO G2,Kioxia Exceria PRO G2 1TB NEU,Kioxia Exceria PRO G2,21,29,NEIN
4582761161108,Kioxia,Kioxia LSF10Z001TG8 internal solid state drive,Kioxia LSF10Z001TG8 1TB NEU,Kioxia LSF10Z001TG8 internal solid state drive,46,27,NEIN
4582761160293,Kioxia,Kioxia Exceria PRO G2,Kioxia Exceria PRO G2 2TB NEU,Kioxia Exceria PRO G2,21,29,NEIN
6978515250514,Dreame,Dreame H15 Mix 2-in-1-Stabstaubsauger Akku Trocken&Nass Beutellos 400 W Schwarz 5 Ah,Dreame H15 400W NEU,Dreame H15 Mix 2-in-1-Stabstaubsauger Akku Trocken&Nass Beutellos 400 W Schwarz 5 Ah,84,19,NEIN
4582563854000,Kioxia,Kioxia Exceria G2,Kioxia G2 2TB NEU,Kioxia Exceria G2,17,17,NEIN
4582563857872,Kioxia,Kioxia Exceria Plus G3,Kioxia G3 1TB NEU,Kioxia Exceria Plus G3,22,17,NEIN
3030050179880,BaByliss,BaByliss Hydro-Fusion Hydro Fusion Smooth & Shape,BaByliss NEU,BaByliss Hydro-Fusion Hydro Fusion Smooth & Shape,49,12,NEIN
6973293808896,PETKIT,PETKIT EverSweet Solo 2,PETKIT EverSweet Solo 2 NEU,PETKIT EverSweet Solo 2,23,27,NEIN
6975069302713,PETKIT,PETKIT YUMSHARE Dual dog/cat feeder/waterer,PETKIT YUMSHARE NEU,PETKIT YUMSHARE Dual dog/cat feeder/waterer,43,19,NEIN
6975069307244,PETKIT,PETKIT T7-EU,PETKIT T7-EU NEU,PETKIT T7-EU,12,16,NEIN
6975069307107,PETKIT,PETKIT Eversweet Max 2 -100 P4116,PETKIT P4116 NEU,PETKIT Eversweet Max 2 -100 P4116,33,16,NEIN
6975069306278,PETKIT,PETKIT Max Pro 2,PETKIT Max Pro 2 NEU,PETKIT Max Pro 2,16,20,NEIN
6975069307305,PETKIT,PETKIT Eversweet Max - UVC Pumpe P4113,PETKIT UVC NEU,PETKIT Eversweet Max - UVC Pumpe P4113,38,14,NEIN
6975069307091,PETKIT,PETKIT Eversweet Max UVC Pumpe P41161,PETKIT UVC NEU,PETKIT Eversweet Max UVC Pumpe P41161,37,14,NEIN
5711157080412,Needit,Needit Park Lite One parking disc,Needit NEU,Needit Park Lite One parking disc,33,10,NEIN
6970135036530,Ecovacs,"Ecovacs Deebot MINI Blue Blau, Weiß",Ecovacs NEU,"Ecovacs Deebot MINI Blue Blau, Weiß",35,11,NEIN
4260557513446,Toshiba,Toshiba MG10ADA10TE-V internal hard drive,Toshiba MG10ADA10TE-V 10TB NEU,Toshiba MG10ADA10TE-V 10TB NEU,41,30,JA
8886419332565,Razer,Razer Mamba Elite mouse,Razer Mamba Elite Maus NEU,Razer Mamba Elite mouse,23,26,NEIN
4211125572112,Elektrisches,Elektrisches Maniküre-/Pediküregerät,Elektrisches NEU,Elektrisches Maniküre-/Pediküregerät,36,16,NEIN
4211125648145,Massageball,Massageball mit Vibration MG 10 (schwarz),Massageball MG 10 NEU,Massageball mit Vibration MG 10 (schwarz),41,21,NEIN
4895251601429,EcoFlow,EcoFlow ZMM100-COMBO1-EU interface hub,EcoFlow ZMM100-COMBO1-EU NEU,EcoFlow ZMM100-COMBO1-EU interface hub,38,28,NEIN
0023942989387,Verbatim,Verbatim Slimline CD/DVD Optisches Laufwerk DVD-RW Schwarz,Verbatim DVD RAM Arbeitsspeicher USB 2.0 NEU,Verbatim DVD RAM Arbeitsspeicher USB 2.0 NEU,58,44,JA
0023942535041,Verbatim,Verbatim External Slimline CD/DVD Writer Optisches Laufwerk DVD±RW Schwarz,Verbatim DVD USB 2.0 NEU,Verbatim External Slimline CD/DVD Writer Optisches Laufwerk DVD±RW Schwarz,74,24,NEIN
0023942321200,Verbatim,Verbatim UTA-05 Universal Schwarz AC Drinnen,Verbatim UTA-05 NEU,Verbatim UTA-05 Universal Schwarz AC Drinnen,44,19,NEIN
0023942321217,Verbatim,Verbatim UTA-06 Schwarz Drinnen,Verbatim UTA-06 NEU,Verbatim UTA-06 Schwarz Drinnen,31,19,NEIN
3800235262214,Shelly,"Shelly Relais ""3EM"" WLAN Stromzähler 3x 120A Inkl. 3 Klemmen Messfunktion DIN",Shelly NEU,"Shelly Relais ""3EM"" WLAN Stromzähler 3x 120A Inkl. 3 Klemmen Messfunktion DIN",77,10,NEIN
0023942321460,Verbatim,Verbatim 32146 Kabelloser Display-Adapter USB Full-HD Desktop,Verbatim WLAN USB Adapter 3.2 802.11a NEU,Verbatim WLAN USB Adapter 3.2 802.11a NEU,61,41,JA
4895251605830,EcoFlow,EcoFlow 50036001 solar panel accessory,EcoFlow IP54 NEU,EcoFlow 50036001 solar panel accessory,38,16,NEIN
0023942320319,Verbatim,Verbatim 32031 Externes Solid State Drive 1 TB USB Typ-C USB 3.2 Gen 2x2 Grau,Verbatim 1TB USB 3.2 NEU,Verbatim 32031 Externes Solid State Drive 1 TB USB Typ-C USB 3.2 Gen 2x2 Grau,77,24,NEIN
4211125370008,,beurer UB 90 Wärmeunterbett weiß 60 W,UB 90 60W NEU,beurer UB 90 Wärmeunterbett weiß 60 W,37,13,NEIN
0718037906256,Western Digital,Western Digital WD Blue SN5100,Western Digital WD 1TB NEU,Western Digital WD Blue SN5100,30,26,NEIN
0023942324034,Verbatim,"Verbatim Portable 15.6"" FHD Dual Monitor Essentials Tragbarer Monitor Schwarz 39,6 cm (15.6"") LCD 1920 x 1080 Pixel",Verbatim FHD Monitor Full HD NEU,Verbatim FHD Monitor Full HD NEU,115,32,JA
0023942320883,Verbatim,"Verbatim 32088 TV-Gerät/Monitor tragbar Tragbarer Monitor Schwarz 35,6 cm (14"") LED 1920 x 1080 Pixel",Verbatim LED 1920 Monitor Full HD NEU,Verbatim LED 1920 Monitor Full HD NEU,101,37,JA
4897098685143,TP-Link,TP-Link Tapo Akku-Pack,TP-Link Tapo Akku-Pack NEU,TP-Link Tapo Akku-Pack,22,26,NEIN
4897098685105,TP-Link,TP-Link Tapo C420S1 CCTV Sicherheitskamera Innen & Außen 2560 x 1440 Pixel,TP-Link C420S1 CCTV kabellos NEU,TP-Link C420S1 CCTV kabellos NEU,74,32,JA
8885021370194,TP-Link,TP-Link WL-AP Access Point Festa F61 Ceiling Mount (AX1800),TP-Link AP WLAN Access Point NEU,TP-Link AP WLAN Access Point NEU,59,32,JA
4015867594810,Equip,"Equip Cat.6 S/FTP Patchkabel, 7.5m, Weiß",Equip FTP LAN Netzwerkkabel 7.5m NEU,Equip FTP LAN Netzwerkkabel 7.5m NEU,40,36,JA
4015867594865,Equip,"Equip Cat.6 S/FTP Patchkabel, 30m, Weiß",Equip FTP LAN Netzwerkkabel 30m NEU,Equip FTP LAN Netzwerkkabel 30m NEU,39,35,JA
4015867229613,Equip,"Equip Cat.6A S/FTP Patchkabel, 2.0 m, Grau",Equip FTP LAN Netzwerkkabel 2.0m NEU,Equip FTP LAN Netzwerkkabel 2.0m NEU,42,36,JA
4015867107829,Equip,"Equip USB 2.0 A to Mini-B Kabel, 1.8m",Equip USB Kabel 2.0 1.8m NEU,Equip USB 2 Kabel 2.0 1.8m NEU,37,28,NEIN
4015867229590,Equip,Equip 606702 networking cable,Equip LAN Netzwerkkabel 0.5m NEU,Equip LAN Netzwerkkabel 0.5m NEU,29,32,JA
4015867229583,Equip,"Equip Cat.6A S/FTP Patchkabel, 0.25 m, Grau",Equip FTP LAN Netzwerkkabel 0.25m NEU,Equip FTP LAN Netzwerkkabel 0.25m NEU,43,37,JA
4015867229620,Equip,"Equip Cat.6A S/FTP Patchkabel, 3.0 m, Grau",Equip FTP LAN Netzwerkkabel 3.0m NEU,Equip FTP LAN Netzwerkkabel 3.0m NEU,42,36,JA
4015867229637,Equip,"Equip Cat.6A S/FTP Patchkabel, 5.0 m, Grau",Equip FTP LAN Netzwerkkabel 5.0m NEU,Equip FTP LAN Netzwerkkabel 5.0m NEU,42,36,JA
4015867229606,Equip,"Equip Cat.6A S/FTP Patchkabel, 1.0 m, Grau",Equip FTP LAN Netzwerkkabel 1.0m NEU,Equip FTP LAN Netzwerkkabel 1.0m NEU,42,36,JA
4015867164754,Equip,"Equip USB 2.0 A auf Kabel, M/M, 1.8m , Schwarz",Equip USB-C Kabel USB 2.0 1.8m NEU,Equip USB-C Kabel USB 2.0 1.8m NEU,46,34,JA
4779051843268,Teltonika,Teltonika DAP142,Teltonika DAP142 NEU,Teltonika DAP142,16,20,NEIN
4779051840472,Teltonika,Teltonika RUTM09 wired router,Teltonika RUTM09 WLAN Router NEU,Teltonika RUTM09 WLAN Router NEU,29,32,JA
4779027312620,Teltonika,Teltonika TRB141 gateway/controller,Teltonika TRB141 128MB 1200MHz IP30 NEU,Teltonika TRB141 128MB 1200MHz IP30 NEU,35,39,JA
4779051840328,Teltonika,Teltonika PR1KCS28 network antenna,Teltonika PR1KCS28 NEU,Teltonika PR1KCS28 network antenna,34,22,NEIN
4779051840618,Teltonika,Teltonika PR2LA15B networking cable,Teltonika PR2LA15B 5m NEU,Teltonika PR2LA15B networking cable,35,25,NEIN
7109806196979,Mitel,Mitel 622dt Handset,Mitel NEU,Mitel 622dt Handset,19,9,NEIN
7109806202571,Mitel,Mitel 722dt DECT Set,Mitel DECT NEU,Mitel 722dt DECT Set,20,14,NEIN
7109806202564,Mitel,Mitel 712dt DECT Set,Mitel DECT NEU,Mitel 712dt DECT Set,20,14,NEIN
7109806196986,Mitel,Mitel 632dt Handset,Mitel NEU,Mitel 632dt Handset,19,9,NEIN
7109806196962,Mitel,Mitel 612dt Handset,Mitel NEU,Mitel 612dt Handset,19,9,NEIN
7109806196993,Mitel,Mitel 612dt Set,Mitel NEU,Mitel 612dt Set,15,9,NEIN
7109806197006,Mitel,Mitel 622dt Set,Mitel NEU,Mitel 622dt Set,15,9,NEIN
0023942438908,Verbatim,Verbatim External Slimline Optisches Laufwerk Blu-Ray RW Schwarz,Verbatim RW USB 3.2 NEU,Verbatim External Slimline Optisches Laufwerk Blu-Ray RW Schwarz,64,23,NEIN
5704174219279,Dell,DELL E5 Netzteil & Spannungsumwandler Drinnen 65 W Schwarz,Dell E5 ATX Netzteil 65W NEU,Dell E5 N ATX Netzteil 65W NEU,58,28,NEIN
0198415314048,HP,HP USB-C 100W G6 Dock Kabelgebunden USB 3.2 Gen 2 (3.1 Gen 2) Type-C Schwarz,HP USB-C Kabel USB 3.2 100W NEU,HP USB-C Kabel USB 3.2 100W NEU,76,31,JA
4260771516346,,tecXL EliteDesk 800 G4 MP,XL 16GB NEU,tecXL EliteDesk 800 G4 MP,25,11,NEIN
4260771516339,PC,PC HP EliteDesk 800 G4 MP i5-8500T/16GB/512GBSSD/Wlan/Bluetooth W11P,PC HP 16GB Bluetooth NEU,PC HP EliteDesk 800 G4 MP i5-8500T/16GB/512GBSSD/Wlan/Bluetooth W11P,68,24,NEIN
4262431594756,PC,PC HP EliteDesk 800 G6 MP i5-10500T/16GB/512GBSSD/Wlan+BT W11P,PC HP 16GB NEU,PC HP EliteDesk 800 G6 MP i5-10500T/16GB/512GBSSD/Wlan+BT W11P,62,14,NEIN
4262431593452,PC,PC tecXL Lenovo ThinkCentre M80q MP,PC XL NEU,PC tecXL Lenovo ThinkCentre M80q MP,35,9,NEIN
4262504943337,,tecXL ThinkPad T14 Gen 2 (Intel),XL 16GB NEU,tecXL ThinkPad T14 Gen 2 (Intel),32,11,NEIN
4262504946918,PC,PC tecXL Dell OptiPlex 7070 MP i5-9400 2.90GHz | 16GB | 512GB | Win11Pro,PC XL 16GB NEU,PC tecXL Dell OptiPlex 7070 MP i5-9400 2.90GHz | 16GB | 512GB | Win11Pro,72,14,NEIN
4262431592554,N15,"N15 tecXL HP EliteBook 850 G7 (15,6"")",N15 XL HP NEU,"N15 tecXL HP EliteBook 850 G7 (15,6"")",37,13,NEIN
4262575240144,TFT,"TFT tecXL Asus BE24WQLB - LED-Monitor - (24.1"")",TFT XL Monitor NEU,"TFT tecXL Asus BE24WQLB - LED-Monitor - (24.1"")",47,18,NEIN
4262504949742,TFT,"TFT tecXL Lenovo ThinkVision T24i - LED-Monitor - (24"")",TFT XL Monitor NEU,"TFT tecXL Lenovo ThinkVision T24i - LED-Monitor - (24"")",55,18,NEIN
4262431599614,PC,PC tecXL HP PRodesk 600 G4 MT i3-8100 / 16GB /512GB SSD W 11pro,PC XL HP SSD 16GB NEU,PC tecXL HP PRodesk 600 G4 MT i3-8100 / 16GB /512GB SSD W 11pro,63,21,NEIN
0199274117238,Lenovo,Lenovo Thinkpad P14s G5 RYZ5Pro 8640HS/16GB/512SSD/W11Pro LTE 4G,Lenovo P14 16GB NEU,Lenovo Thinkpad P14s G5 RYZ5Pro 8640HS/16GB/512SSD/W11Pro LTE 4G,64,19,NEIN
8719706021166,Seagate,"Seagate Enterprise ST2000NM000B Interne Festplatte 2 TB 7200 RPM 256 MB 3.5"" Serial ATA III",Seagate ST2000NM000B Festplatte HDD 2TB NEU,Seagate ST2000NM000B Festplatte HDD 2TB NEU,91,43,JA
0843367123148,Lexar,Lexar NM620,Lexar NM620 256GB NEU,Lexar NM620,11,21,NEIN
0843367129706,Lexar,Lexar NM710,Lexar NM710 1TB NEU,Lexar NM710,11,19,NEIN
8719706027298,Seagate,"Seagate Enterprise ST4000NM027B Interne Festplatte 4 TB 7200 RPM 256 MB 3.5"" SAS",Seagate ST4000NM027B Festplatte HDD 4TB NEU,Seagate ST4000NM027B Festplatte HDD 4TB NEU,80,43,JA
4211125104047,HT,HT 85 Rotierende Warmluftbürste ICONIC PRO 1000W Ionenfunktion 104.04,HT ICONIC PRO 1000W NEU,HT 85 Rotierende Warmluftbürste ICONIC PRO 1000W Ionenfunktion 104.04,69,23,NEIN
4211125591199,,beurer HT 80 Warmluftbürste schwarz,HT 80 NEU,beurer HT 80 Warmluftbürste schwarz,35,9,NEIN
0195950667523,Apple,Apple AirTag,Apple AirTag NEU,Apple AirTag,12,16,NEIN
6932554430757,Xiaomi,Xiaomi 5 Pro,Xiaomi NEU,Xiaomi 5 Pro,12,10,NEIN
5032037284837,Intel,Intel Core Ultra 7 270K Plus processor,Intel Prozessor CPU NEU,Intel Core Ultra 7 270K Plus processor,38,23,NEIN
4582761160187,Card,Card Kioxia SD Exceria Plus 128GB,Card SD 128GB NEU,Card Kioxia SD Exceria Plus 128GB,33,17,NEIN
4582563850521,Kioxia,Kioxia TransMemory U365 USB flash drive,Kioxia U365 USB-Stick 256GB NEU,Kioxia U365 USB-Stick 256GB NEU,39,31,JA
4582563857261,Kioxia,Kioxia LNEX2L001TG4 memory card,Kioxia LNEX2L001TG4 Speicherkarte 1TB NEU,Kioxia LNEX2L001TG4 Speicherkarte 1TB NEU,31,41,JA
4582563851856,Kioxia,Kioxia Exceria,Kioxia Exceria 480GB NEU,Kioxia Exceria,14,24,NEIN
1210000624253,NOCO,NOCO AX65 | Boost Air 12V 5250A | Jump Starter and Air Compressor,NOCO AX65 NEU,NOCO AX65 | Boost Air 12V 5250A | Jump Starter and Air Compressor,65,13,NEIN
1210000619259,NOCO,NOCO GENIUS2EU | 2A Battery Charger | Genius Battery Chargers,NOCO GENIUS2EU NEU,NOCO GENIUS2EU | 2A Battery Charger | Genius Battery Chargers,61,18,NEIN
1210000615022,NOCO,NOCO GB40 | Boost 12V 1000A Jump Starter | Boost Jump Starters,NOCO GB40 NEU,NOCO GB40 | Boost 12V 1000A Jump Starter | Boost Jump Starters,62,13,NEIN
1210000620064,NOCO,NOCO GBX45 vehicle jump starter,NOCO GBX45 IP65 NEU,NOCO GBX45 vehicle jump starter,31,19,NEIN
1210000624260,NOCO,NOCO AL5 | 5A Lithium Air Inflator | Air Inflators,NOCO AL5 NEU,NOCO AL5 | 5A Lithium Air Inflator | Air Inflators,50,12,NEIN
1210000615015,NOCO,NOCO GB20 vehicle jump starter,NOCO GB20 IP65 NEU,NOCO GB20 vehicle jump starter,30,18,NEIN
8885022190043,ANTHBOT,ANTHBOT Genie 1000 Mähroboter,ANTHBOT NEU,ANTHBOT Genie 1000 Mähroboter,29,11,NEIN
8885022190173,ANTHBOT,"ANTHBOT ""RTK Wall Mount Kit",ANTHBOT RTK NEU,"ANTHBOT ""RTK Wall Mount Kit",27,15,NEIN
0850047123572,Chipolo,"Chipolo POP 4 Pack - Tracking tag compatible with Apple Find My on iPhone (Black, Red, White, Blue)",Chipolo POP 4 NEU,"Chipolo POP 4 Pack - Tracking tag compatible with Apple Find My on iPhone (Black, Red, White, Blue)",99,17,NEIN
6973293800258,PETKIT,PETKIT Refill-50ml-4pcs,PETKIT Refill-50ml-4pcs NEU,PETKIT Refill-50ml-4pcs,23,27,NEIN
6975069302959,PETKIT,PETKIT Filter5.0-5pcs,PETKIT Filter5.0-5pcs NEU,PETKIT Filter5.0-5pcs,21,25,NEIN
6973293803860,PETKIT,PETKIT Eversweet Trinkbrunnen Filter 5Stk.,PETKIT NEU,PETKIT Eversweet Trinkbrunnen Filter 5Stk.,42,10,NEIN
6973293808971,PETKIT,PETKIT Katzenstreu 5 in 1 Tofu Aktivkohle klumpend staubarm 3 Beutel,PETKIT NEU,PETKIT Katzenstreu 5 in 1 Tofu Aktivkohle klumpend staubarm 3 Beutel,68,10,NEIN
6975069302768,PETKIT,PETKIT YUMSHARE Solo dog/cat feeder/waterer,PETKIT YUMSHARE NEU,PETKIT YUMSHARE Solo dog/cat feeder/waterer,43,19,NEIN
4015867153123,Equip,Equip DisplayPort auf DVI-I-Dual-Link Adapter,Equip DVI-I-D Adapter 2m NEU,Equip DisplayPort auf DVI-I-Dual-Link Adapter,45,28,NEIN
6973293800371,PETKIT,PETKIT Pura Max 2 & Pura X Auffangmatte wasserfest Katzenstreumatte,PETKIT NEU,PETKIT Pura Max 2 & Pura X Auffangmatte wasserfest Katzenstreumatte,67,10,NEIN
6975069304892,PETKIT,PETKIT Purobot Ultra Sandpit Litter Bags - Pack of 1,PETKIT NEU,PETKIT Purobot Ultra Sandpit Litter Bags - Pack of 1,52,10,NEIN
6975069301846,PETKIT,PETKIT Wireless Pump-UVC for Sales,PETKIT UVC kabellos NEU,PETKIT Wireless Pump-UVC for Sales,34,23,NEIN
6975069305691,PETKIT,PETKIT Easy Step Trittbrett Katzentoilette fr PURAMAX/2 & PUROBOT Max Pro/Ultra,PETKIT PURAMAX NEU,PETKIT Easy Step Trittbrett Katzentoilette fr PURAMAX/2 & PUROBOT Max Pro/Ultra,79,18,NEIN
4061245025452,SOL-50,"SOL-50 5,5x22mm Bohrschraube Alu / Alu Edelstahl",SOL-50 NEU,"SOL-50 5,5x22mm Bohrschraube Alu / Alu Edelstahl",48,10,NEIN
0023942322030,Verbatim,"Verbatim GNC-140 Universal Schwarz, Grau AC Schnellladung Drinnen",Verbatim GNC-140 NEU,"Verbatim GNC-140 Universal Schwarz, Grau AC Schnellladung Drinnen",65,20,NEIN
0023942321552,Verbatim,Verbatim 32155 Schnittstellen-Hub USB 3.2 Gen 1 (3.1 Gen 1) Type-C 5000 Mbit/s Grau,Verbatim USB Hub 3.2 NEU,Verbatim 32155 Schnittstellen-Hub USB 3.2 Gen 1 (3.1 Gen 1) Type-C 5000 Mbit/s Grau,83,24,NEIN
0023942322177,Verbatim,Verbatim GaN Charger 65W Universal Schwarz AC Schnellladung Drinnen,Verbatim AC 8m 65W NEU,Verbatim GaN Charger 65W Universal Schwarz AC Schnellladung Drinnen,67,22,NEIN
0193124916453,Lenovo,Lenovo 40AS0090EU laptop-dockingstation & portreplikator Kabelgebunden USB 3.2 Gen 1 (3.1 Gen 1) Type-C Schwarz,Lenovo AS0090EU USB-C Kabel USB 3.2 NEU,Lenovo AS0090EU USB-C Kabel USB 3.2 NEU,111,39,JA
0718037899923,Western Digital,Western Digital Gold WD6004FRYZ internal hard drive,Western Digital WD6004FRYZ 6TB NEU,Western Digital WD6004FRYZ 6TB NEU,51,34,JA
4582563858435,Kioxia,Kioxia LMPL2M128GG2 memory card,Kioxia LMPL2M128GG2 Speicherkarte 128GB NEU,Kioxia LMPL2M128GG2 Speicherkarte 128GB NEU,31,43,JA
0195949333989,Apple,Apple MW2R3ZM/A lightning cable,Apple MW2R3ZM 2m NEU,Apple MW2R3ZM/A lightning cable,31,20,NEIN
0843367123773,Lexar,Lexar LD4AS016G-B3200GSST memory module,Lexar LD4AS016G-B3200GSST RAM Arbeitsspeicher 16GB 3200MHz DDR4 NEU,Lexar LD4AS016G-B3200GSST RAM Arbeitsspeicher 16GB 3200MHz DDR4 NEU,39,67,JA
8806097918448,Samsung,Samsung EB-U2500XJEGWW Powerbank 5000 mAh Kabelloses Aufladen Grau,Samsung EB-U2500XJEGWW Powerbank NEU,Samsung EB-U2500XJEGWW Powerbank NEU,66,36,JA
4895251641623,EcoFlow,EcoFlow GLACIER Classic 35L Mobile Kühlbox Gefrierbox Eiswrfelbereiter Camping,EcoFlow GLACIER NEU,EcoFlow GLACIER Classic 35L Mobile Kühlbox Gefrierbox Eiswrfelbereiter Camping,78,19,NEIN
6975069306650,PETKIT,PETKIT Crystal PH Katzenstreu - 4 Beutel C01,PETKIT PH NEU,PETKIT Crystal PH Katzenstreu - 4 Beutel C01,44,13,NEIN
6975069305677,PETKIT,PETKIT Vordereingang fr CRYSTAL DUO P99051,PETKIT CRYSTAL DUO NEU,PETKIT Vordereingang fr CRYSTAL DUO P99051,42,22,NEIN
6975069306803,PETKIT,PETKIT Urine Monitor,PETKIT Urine Monitor NEU,PETKIT Urine Monitor,20,24,NEIN
6975069308807,Petkit,Petkit PUROBOT CRYSTAL DUO With Front Entry Hood-EU,Petkit PUROBOT CRYSTAL NEU,Petkit PUROBOT CRYSTAL DUO With Front Entry Hood-EU,51,26,NEIN
4895251629300,EcoFlow,EcoFlow RAPID,EcoFlow RAPID 30W NEU,EcoFlow RAPID,13,21,NEIN
4895251647793,EcoFlow,EcoFlow EF-RAPIDQI1-5K-W-EU power bank,EcoFlow EF-RAPIDQI1-5K-W-EU Powerbank NEU,EcoFlow EF-RAPIDQI1-5K-W-EU Powerbank NEU,38,41,JA
4895251627542,EcoFlow,EcoFlow Rapid 5000 Powerbank Blau 65W Kabel 15W Wireless Schnellladen,EcoFlow Powerbank 65W kabellos NEU,EcoFlow Powerbank 65W kabellos NEU,69,34,JA
4895251647830,EcoFlow,ECOFLOW RAPID Mag 5K Powerbank 5000mAh Qi2 15W kabellos X-Cooling Slim Purple,EcoFlow RAPID Powerbank 15W kabellos NEU,EcoFlow RAPID Powerbank 15W kabellos NEU,77,40,JA
4895251647809,EcoFlow,ECOFLOW RAPID Mag 5K Powerbank 5000mAh Qi2 15W kabellos X-Cooling Slim Black,EcoFlow RAPID Powerbank 15W kabellos NEU,EcoFlow RAPID Powerbank 15W kabellos NEU,76,40,JA
4895251647991,EcoFlow,ECOFLOW RAPID Mag 10K Powerbank 10000mAh Qi2 15W kabellos X-Cooling Slim White,EcoFlow RAPID Powerbank 15W kabellos NEU,EcoFlow RAPID Powerbank 15W kabellos NEU,78,40,JA
4895251653831,EcoFlow,EcoFlow EF-RAPID25K140W-B-EU power bank,EcoFlow EF-RAPID25K140W-B-EU Powerbank NEU,EcoFlow EF-RAPID25K140W-B-EU Powerbank NEU,39,42,JA
4895251648004,EcoFlow,EcoFlow RAPID Mag,EcoFlow RAPID 30W NEU,EcoFlow RAPID Mag,17,21,NEIN
4895251653848,EcoFlow,EcoFlow RAPID,EcoFlow RAPID 170W NEU,EcoFlow RAPID,13,22,NEIN
4895251653657,EcoFlow,EcoFlow EF-RAPID25K100W-B-EU power bank,EcoFlow EF-RAPID25K100W-B-EU Powerbank NEU,EcoFlow EF-RAPID25K100W-B-EU Powerbank NEU,39,42,JA
4895251641289,EcoFlow,EcoFlow RAPID Pro 20000 mAh,EcoFlow RAPID 230W NEU,EcoFlow RAPID Pro 20000 mAh,27,22,NEIN
4895251653664,EcoFlow,EcoFlow EF-RAPID25K100W-S-EU power bank,EcoFlow EF-RAPID25K100W-S-EU Powerbank 170W NEU,EcoFlow EF-RAPID25K100W-S-EU Powerbank 170W NEU,39,47,JA
4895251653855,EcoFlow,ECOFLOW RAPID 25K no build-in cable - Powerbank Green,EcoFlow RAPID 25K Powerbank NEU,EcoFlow RAPID 25K Powerbank NEU,53,31,JA
4895251653671,EcoFlow,EcoFlow RAPID,EcoFlow RAPID 170W NEU,EcoFlow RAPID,13,22,NEIN
4895251627405,EcoFlow,EcoFlow EF-RAPID5000-EU power bank,EcoFlow EF-RAPID5000-EU Powerbank 30W NEU,EcoFlow EF-RAPID5000-EU Powerbank 30W NEU,34,41,JA
0088381704038,Makita,Makita P-73374 screwdriver bit,Makita P-73374 NEU,Makita P-73374 screwdriver bit,30,18,NEIN
0088381445474,Makita,Makita B-44410 jigsaw/scroll saw/reciprocating saw blade,Makita B-44410 NEU,Makita B-44410 jigsaw/scroll saw/reciprocating saw blade,56,18,NEIN
0088381424318,Makita,Makita WST05 mitre saw stand,Makita WST05 NEU,Makita WST05 mitre saw stand,28,16,NEIN
0088381553148,Makita,Makita E-00016 screwdriver bit,Makita E-00016 NEU,Makita E-00016 screwdriver bit,30,18,NEIN
5711603084766,T1A,"T1A Lenovo ThinkPad X1 Yoga Gen 4 Refurbished Intel® Core™ i5 i5-8365U Hybrid (2-in-1) 35,6 cm (14"") Touchscreen 8 GB LPDDR3-SDRAM 256 GB SSD Windows 11 Pro Deutsch Grau",T1A X1 RAM Arbeitsspeicher 8GB NEU,T1A X1 RAM Arbeitsspeicher 8GB NEU,169,34,JA
5711603087880,T1A,"T1A Lenovo ThinkPad X1 Carbon Gen 10 Refurbished Intel® Core™ i7 i7-1265U Laptop 35,6 cm (14"") 16 GB LPDDR5-SDRAM 1 TB SSD Windows 11 Pro Deutsch Schwarz",T1A X1 RAM Arbeitsspeicher 16GB NEU,T1A X1 RAM Arbeitsspeicher 16GB NEU,153,35,JA
5711603088016,T1A,"T1A HP EliteDesk 800 G4 Intel® Core™ i5 i5-8500T 16 GB DDR4-SDRAM 512 GB SSD Windows 11 Pro Mini PC Mini-PC Schwarz, Silber",T1A HP RAM Arbeitsspeicher 16GB DDR4 NEU,T1A HP RAM Arbeitsspeicher 16GB DDR4 NEU,123,40,JA
5711603098626,N14,"N14 T1A Lenovo ThinkPad X1 Carbon Gen 8 (14"")",N14 T1A NEU,"N14 T1A Lenovo ThinkPad X1 Carbon Gen 8 (14"")",45,11,NEIN
5711603085060,T1A,"T1A DELL Latitude 5320 Intel® Core™ i7 i7-1185G7 Laptop 33,8 cm (13.3"") Full HD 16 GB DDR4-SDRAM 256 GB SSD Windows 11 Pro Deutsch Grau",T1A DELL RAM Arbeitsspeicher 16GB DDR4 Full HD NEU,T1A DELL RAM Arbeitsspeicher 16GB DDR4 Full HD NEU,135,50,JA
5711603086135,T1A,"T1A Lenovo ThinkPad X1 Yoga Gen 6 Refurbished Intel® Core™ i7 i7-1185G7 Hybrid (2-in-1) 35,6 cm (14"") Touchscreen 32 GB LPDDR4x-SDRAM 512 GB SSD Windows 11 Pro Deutsch Grau",T1A X1 RAM Arbeitsspeicher 32GB NEU,T1A X1 RAM Arbeitsspeicher 32GB NEU,172,35,JA
5711603097995,N14,"N14 T1A Lenovo ThinkPad T14 Gen 2 (14"")",N14 T1A NEU,"N14 T1A Lenovo ThinkPad T14 Gen 2 (14"")",39,11,NEIN
5711603086197,T1A,"T1A Lenovo ThinkPad X1 Yoga Gen 7 Refurbished Intel® Core™ i7 i7-1270P Hybrid (2-in-1) 35,6 cm (14"") Touchscreen 32 GB LPDDR5-SDRAM 512 GB SSD Windows 11 Pro Deutsch Grau",T1A X1 RAM Arbeitsspeicher 32GB NEU,T1A X1 RAM Arbeitsspeicher 32GB NEU,170,35,JA
4895251603072,EcoFlow,EcoFlow LMC4-XT60I-2.5M solar panel accessory,EcoFlow LMC4-XT60I-2 2.5m NEU,EcoFlow LMC4-XT60I-2.5M solar panel accessory,45,29,NEIN
4897082661290,EcoFlow,ECOFLOW Solar Parallel Connection Cable,EcoFlow NEU,ECOFLOW Solar Parallel Connection Cable,39,11,NEIN
3030050182644,BaByliss,BaByliss Wave Secret Air Locken-Styler,BaByliss NEU,BaByliss Wave Secret Air Locken-Styler,38,12,NEIN
0763649094402,Seagate,"Seagate Barracuda ST4000DM004 Interne Festplatte 4 TB 5400 RPM 256 MB 3.5"" Serial ATA III",Seagate ST4000DM004 Festplatte HDD 4TB NEU,Seagate ST4000DM004 Festplatte HDD 4TB NEU,89,42,JA
0763649113653,Seagate,"Seagate Barracuda ST2000DM008 Interne Festplatte 2 TB 7200 RPM 256 MB 3.5"" Serial ATA III",Seagate ST2000DM008 Festplatte HDD 2TB NEU,Seagate ST2000DM008 Festplatte HDD 2TB NEU,89,42,JA
0763649125069,Seagate,"Seagate IronWolf ST8000VN004 Interne Festplatte 8 TB 7200 RPM 256 MB 3.5"" Serial ATA III",Seagate ST8000VN004 Festplatte HDD 8TB NEU,Seagate ST8000VN004 Festplatte HDD 8TB NEU,88,42,JA
7636490078309,Seagate,"Seagate IronWolf ST4000VN006 Interne Festplatte 4 TB 5400 RPM 256 MB 3.5"" Serial ATA III",Seagate ST4000VN006 Festplatte HDD 4TB NEU,Seagate ST4000VN006 Festplatte HDD 4TB NEU,88,42,JA
8719706432344,Seagate,"Seagate IronWolf Pro ST6000NT001 Interne Festplatte 6 TB 7200 RPM 256 MB 3.5""",Seagate ST6000NT001 Festplatte HDD 6TB NEU,Seagate ST6000NT001 Festplatte HDD 6TB NEU,77,42,JA
0763649174883,Seagate,"Seagate Exos X24 Interne Festplatte 24 TB 7200 RPM 512 MB 3.5"" SATA",Seagate X24 Festplatte HDD 24TB NEU,Seagate X24 Festplatte HDD 24TB NEU,67,35,JA
8719706027670,Seagate,"Seagate IronWolf ST6000VN006 Interne Festplatte 6 TB 5400 RPM 256 MB 3.5"" Serial ATA III",Seagate ST6000VN006 Festplatte HDD 6TB NEU,Seagate ST6000VN006 Festplatte HDD 6TB NEU,88,42,JA
8719706441322,Seagate,"Seagate SkyHawk AI ST16000VE005 Interne Festplatte 16 TB 7200 RPM 512 MB 3.5"" Serial ATA III",Seagate AI ST16000VE005 Festplatte HDD 16TB NEU,Seagate AI ST16000VE005 Festplatte HDD 16TB NEU,92,47,JA
8719706432337,Seagate,"Seagate IronWolf Pro ST8000NT001 Interne Festplatte 8 TB 7200 RPM 256 MB 3.5"" Serial ATA III",Seagate ST8000NT001 Festplatte HDD 8TB NEU,Seagate ST8000NT001 Festplatte HDD 8TB NEU,92,42,JA
8719706439411,Seagate,"Seagate Barracuda 20TB Interne Festplatte 7200 RPM 512 MB 3.5"" SATA",Seagate Festplatte HDD 20TB NEU,Seagate Festplatte HDD 20TB NEU,67,31,JA
0763649139103,Seagate,"Seagate ST14000NM005J Interne Festplatte 14 TB 7200 RPM 3.5"" SAS",Seagate ST14000NM005J Festplatte HDD 14TB NEU,Seagate ST14000NM005J Festplatte HDD 14TB NEU,64,45,JA
8719706431460,Seagate,"Seagate Exos X24 Interne Festplatte 16 TB 7200 RPM 512 MB 3.5"" Serial ATA III",Seagate X24 Festplatte HDD 16TB NEU,Seagate X24 Festplatte HDD 16TB NEU,77,35,JA
8719706022422,Seagate,"Seagate Enterprise ST6000NM001B Interne Festplatte 6 TB 7200 RPM 256 MB 3.5"" SAS",Seagate ST6000NM001B Festplatte HDD 6TB NEU,Seagate ST6000NM001B Festplatte HDD 6TB NEU,80,43,JA
0763649175279,Seagate,"Seagate Exos X24 Interne Festplatte 16 TB 7200 RPM 512 MB 3.5"" SAS",Seagate X24 Festplatte HDD 16TB NEU,Seagate X24 Festplatte HDD 16TB NEU,66,35,JA
8719706022200,Seagate,"Seagate Enterprise ST10000NM018B Interne Festplatte 10 TB 7200 RPM 256 MB 3.5"" SAS",Seagate ST10000NM018B Festplatte HDD 10TB NEU,Seagate ST10000NM018B Festplatte HDD 10TB NEU,82,45,JA
0763649175347,Seagate,"Seagate Exos X24 Interne Festplatte 12 TB 7200 RPM 512 MB 3.5"" Serial ATA III",Seagate X24 Festplatte HDD 12TB NEU,Seagate X24 Festplatte HDD 12TB NEU,77,35,JA
8719706022064,Seagate,"Seagate Enterprise ST2000NM018B Interne Festplatte 2 TB 7200 RPM 256 MB 3.5"" SAS",Seagate ST2000NM018B Festplatte HDD 2TB NEU,Seagate ST2000NM018B Festplatte HDD 2TB NEU,80,43,JA
8719706019774,Seagate,"Seagate Enterprise ST4000NM001B Interne Festplatte 4 TB 7200 RPM 256 MB 3.5"" SAS",Seagate ST4000NM001B Festplatte HDD 4TB NEU,Seagate ST4000NM001B Festplatte HDD 4TB NEU,80,43,JA
8719706022415,Seagate,"Seagate Enterprise ST6000NM000B Interne Festplatte 6 TB 7200 RPM 256 MB 3.5"" Serial ATA III",Seagate ST6000NM000B Festplatte HDD 6TB NEU,Seagate ST6000NM000B Festplatte HDD 6TB NEU,91,43,JA
7636490043482,Seagate,"Seagate Enterprise ST2000NX0273 Interne Festplatte 2 TB 7200 RPM 128 MB 2.5"" SAS",Seagate ST2000NX0273 Festplatte HDD 2TB NEU,Seagate ST2000NX0273 Festplatte HDD 2TB NEU,80,43,JA
0763649175095,Seagate,"Seagate Exos X24 Interne Festplatte 20 TB 7200 RPM 512 MB 3.5"" Serial ATA III",Seagate X24 Festplatte HDD 20TB NEU,Seagate X24 Festplatte HDD 20TB NEU,77,35,JA
0023942530718,Verbatim,"Verbatim Portables Festplattenlaufwerk Store 'n' Go USB 3.0, 1 TB, Silber",Verbatim Festplatte HDD 1TB USB 3.0 NEU,Verbatim Festplatte HDD 1TB USB 3.0 NEU,73,39,JA
0023942531777,Verbatim,"Verbatim Portables Festplattenlaufwerk Store 'n' Go USB 3.0, 2 TB, Schwarz",Verbatim Festplatte HDD 2TB USB 3.0 NEU,Verbatim Festplatte HDD 2TB USB 3.0 NEU,74,39,JA
0023942531975,Verbatim,"Verbatim Portables Festplattenlaufwerk Store 'n' Go USB 3.0, 1 TB, Silber",Verbatim Festplatte HDD 1TB USB 3.0 NEU,Verbatim Festplatte HDD 1TB USB 3.0 NEU,73,39,JA
8006540774724,Oral-B,"Oral-B PRO 14876673 Elektrische Zahnbürste Kind Rotierende Zahnbürste Mehrfarbig, Weiß",Oral-B NEU,"Oral-B PRO 14876673 Elektrische Zahnbürste Kind Rotierende Zahnbürste Mehrfarbig, Weiß",86,10,NEIN
8006540957196,Oral-B,"Oral-B PRO 14876674 Elektrische Zahnbürste Kind Rotierende Zahnbürste Mehrfarbig, Weiß",Oral-B NEU,"Oral-B PRO 14876674 Elektrische Zahnbürste Kind Rotierende Zahnbürste Mehrfarbig, Weiß",86,10,NEIN
4210201445111,Oral-B,Oral-B iO Series 6 Erwachsener Rotierende Zahnbürste Schwarz,Oral-B NEU,Oral-B iO Series 6 Erwachsener Rotierende Zahnbürste Schwarz,60,10,NEIN
4210201445234,Oral-B,Oral-B 445234 Elektrische Zahnbürste Erwachsener Vibrierende Zahnbürste Weiß,Oral-B NEU,Oral-B 445234 Elektrische Zahnbürste Erwachsener Vibrierende Zahnbürste Weiß,76,10,NEIN
4210201445258,Braun,Braun 445258 Elektrische Zahnbürste Erwachsener Vibrierende Zahnbürste Grau,Braun NEU,Braun 445258 Elektrische Zahnbürste Erwachsener Vibrierende Zahnbürste Grau,75,9,NEIN
4210201445197,Oral-B,"Oral-B 445197 Elektrische Zahnbürste Erwachsener Vibrierende Zahnbürste Pink, Weiß",Oral-B NEU,"Oral-B 445197 Elektrische Zahnbürste Erwachsener Vibrierende Zahnbürste Pink, Weiß",82,10,NEIN
4210201435457,Oral-B,Oral-B iO Series 10 Erwachsener Rotierende-vibrierende Zahnbürste Weiß,Oral-B NEU,Oral-B iO Series 10 Erwachsener Rotierende-vibrierende Zahnbürste Weiß,70,10,NEIN
4210201435587,Oral-B,Oral-B iO Series 10 Erwachsener Rotierende-vibrierende Zahnbürste Schwarz,Oral-B NEU,Oral-B iO Series 10 Erwachsener Rotierende-vibrierende Zahnbürste Schwarz,73,10,NEIN
8006540860793,Oral-B,Oral-B Deep Cleaning 6 Stück(e) Weiß,Oral-B NEU,Oral-B Deep Cleaning 6 Stück(e) Weiß,36,10,NEIN
4210201447238,Braun,"Braun 10-in-1 Styling-Set 7 MGK7410 Bart, Körper, Haar. Mit Metallklinge, 100 Min. Akkulaufzeit, Aufbewahrungsbeutel, in Blau",Braun MGK7410 NEU,"Braun 10-in-1 Styling-Set 7 MGK7410 Bart, Körper, Haar. Mit Metallklinge, 100 Min. Akkulaufzeit, Aufbewahrungsbeutel, in Blau",125,17,NEIN
4022167001016,Braun,Braun BNA 100 Elektrisch betriebener Absauger,Braun BNA 100 NEU,Braun BNA 100 Elektrisch betriebener Absauger,45,17,NEIN
6970135035588,Ecovacs,Ecovacs Deebot X8 Omni Schwarz,Ecovacs X8 NEU,Ecovacs Deebot X8 Omni Schwarz,30,14,NEIN
8720389015809,Philips,Philips 7000 series DST7050/70 Bügeleisen Dampfbügeleisen SteamGlide Elite-Sohle 2800 W Grün,Philips DST7050 NEU,Philips 7000 series DST7050/70 Bügeleisen Dampfbügeleisen SteamGlide Elite-Sohle 2800 W Grün,92,19,NEIN
3221616007222,Rowenta,Rowenta Dual Force 2-in-1 Akkustaubsauger RH6737,Rowenta RH6737 NEU,Rowenta Dual Force 2-in-1 Akkustaubsauger RH6737,48,18,NEIN
6970995783445,Roborock,"Roborock Saros 10R 0,27 l Schwarz",Roborock NEU,"Roborock Saros 10R 0,27 l Schwarz",33,12,NEIN
6936905905512,Roborock,"Roborock SAROS 20X 0,259 l Schwarz",Roborock SAROS 20X NEU,"Roborock SAROS 20X 0,259 l Schwarz",34,22,NEIN
6936905905154,Roborock,"Roborock Qrevo Curv 2 FlowX 0,324 l Weiß",Roborock NEU,"Roborock Qrevo Curv 2 FlowX 0,324 l Weiß",40,12,NEIN
6935364086862,TP-Link,TP-Link Archer AC1200-Dualband-4G/LTE-WLAN-Router,TP-Link AC1200-D WLAN Router NEU,TP-Link AC1200-D WLAN Router NEU,49,32,JA
4897098687765,TP-Link,TP-Link Omada AX1800 Wireless Dual Band Ceiling Mount Access Point,TP-Link AX1800 WLAN Access Point kabellos NEU,TP-Link AX1800 WLAN Access Point kabellos NEU,66,45,JA
8885021370170,TP-Link,TP-Link Festa F65 3000 Mbit/s Weiß Power over Ethernet (PoE),TP-Link F65 3000 PoE NEU,TP-Link Festa F65 3000 Mbit/s Weiß Power over Ethernet (PoE),60,24,NEIN
8885021370156,TP-Link,TP-Link Festa F65-Wall 3000 Mbit/s Weiß Power over Ethernet (PoE),TP-Link F65-W PoE NEU,TP-Link Festa F65-Wall 3000 Mbit/s Weiß Power over Ethernet (PoE),65,21,NEIN
8885021370163,TP-Link,TP-Link Festa F65-Outdoor 3000 Mbit/s Weiß Power over Ethernet (PoE),TP-Link F65-O PoE NEU,TP-Link Festa F65-Outdoor 3000 Mbit/s Weiß Power over Ethernet (PoE),68,21,NEIN
8885021370187,TP-Link,TP-Link Festa F61-Outdoor 1800 Mbit/s Weiß Power over Ethernet (PoE),TP-Link F61-O PoE NEU,TP-Link Festa F61-Outdoor 1800 Mbit/s Weiß Power over Ethernet (PoE),68,21,NEIN
8885021370217,TP-Link,TP-Link Festa F52-Wall 1200 Mbit/s Weiß Power over Ethernet (PoE),TP-Link F52-W PoE NEU,TP-Link Festa F52-Wall 1200 Mbit/s Weiß Power over Ethernet (PoE),65,21,NEIN
8885021370224,TP-Link,TP-Link Festa F52-Outdoor 1200 Mbit/s Weiß Power over Ethernet (PoE),TP-Link F52-O PoE NEU,TP-Link Festa F52-Outdoor 1200 Mbit/s Weiß Power over Ethernet (PoE),68,21,NEIN
8885020622393,TP-Link,TP-Link Festa FS352G L2/L2+ Gigabit Ethernet (10/100/1000) Power over Ethernet (PoE) Weiß,TP-Link FS352G L2 PoE NEU,TP-Link Festa FS352G L2/L2+ Gigabit Ethernet (10/100/1000) Power over Ethernet (PoE) Weiß,89,25,NEIN
8885020621525,TP-Link,"TP-Link Festa FR205 Kabelrouter 10 Gigabit Ethernet, 100 Gigabit Ethernet, Gigabit Ethernet Weiß",TP-Link FR205 NEU,"TP-Link Festa FR205 Kabelrouter 10 Gigabit Ethernet, 100 Gigabit Ethernet, Gigabit Ethernet Weiß",96,17,NEIN
5397184187197,Dell,DELL WD19TB Kabelgebunden Thunderbolt 3 Schwarz,Dell WD19TB NEU,DELL WD19TB Kabelgebunden Thunderbolt 3 Schwarz,47,15,NEIN
5397184513972,Dell,DELL Dockingstation – WD19S 130 W,Dell WD19S 130 Docking Station NEU,Dell WD19S 130 Docking Station NEU,33,34,JA
193905208531,HP,HP USB-C-Dockingstation G5,HP USB-C-D Docking Station NEU,HP USB-C-D Docking Station NEU,26,30,JA
5713518290584,Refurb,Refurb RFBP00091060 laptop-dockingstation & portreplikator,Refurb RFBP00091060 Docking Station NEU,Refurb RFBP00091060 Docking Station NEU,58,39,JA
5713518291970,Refurb,Refurb RFBP00118580 laptop-dockingstation & portreplikator,Refurb RFBP00118580 Docking Station NEU,Refurb RFBP00118580 Docking Station NEU,58,39,JA
5711603088023,T1A,"T1A DELL Latitude 5430 Intel® Core™ i7 i7-1265U Laptop 35,6 cm (14"") 16 GB DDR4-SDRAM 256 GB SSD Windows 11 Pro Deutsch Grau",T1A DELL RAM Arbeitsspeicher 16GB DDR4 NEU,T1A DELL RAM Arbeitsspeicher 16GB DDR4 NEU,124,42,JA
5711603074439,T1A,"T1A Lenovo ThinkPad X1 Yoga (3rd Gen) Refurbished Intel® Core™ i7 i7-8650U Hybrid (2-in-1) 35,6 cm (14"") Touchscreen Full HD 16 GB LPDDR3-SDRAM 512 GB SSD Wi-Fi 6 (802.11ax) Windows 11 Pro Deutsch Schwarz",T1A X1 RAM Arbeitsspeicher 16GB Wi-Fi 6 Full HD NEU,T1A X1 RAM Arbeitsspeicher 16GB Wi-Fi 6 Full HD NEU,204,51,JA
5711603088276,T1A,"T1A DELL Latitude 5420 Intel® Core™ i5 i5-1145G7 Laptop 35,6 cm (14"") Full HD 16 GB 512 GB SSD Windows 11 Pro Deutsch Grau",T1A DELL SSD 16GB Full HD NEU,T1A DELL L SSD 16GB Full HD NEU,122,29,NEIN
5713552042200,upcycle it,upcycle it Lenovo ThinkCentre M90q (Refurbished) A Intel® Core™ i5 i5-10500T 32 GB DDR4-SDRAM 512 GB SSD Windows 11 Pro Mini PC Mini-PC Schwarz,upcycle it M90 RAM Arbeitsspeicher 32GB DDR4 NEU,upcycle it M90 RAM Arbeitsspeicher 32GB DDR4 NEU,143,48,JA
5713552043634,upcycle it,upcycle it Lenovo ThinkCentre M920q Tiny (Refurbsihed) A Intel® Core™ i7 i7-8700T 16 GB DDR4-SDRAM 512 GB SSD Windows 11 Pro Mini PC Mini-PC Schwarz,upcycle it M920 RAM Arbeitsspeicher 16GB DDR4 NEU,upcycle it M920 RAM Arbeitsspeicher 16GB DDR4 NEU,148,49,JA
8806090312403,Samsung,Samsung Portable SSD T7 2 TB USB Typ-C 3.2 Gen 2 (3.1 Gen 2) Blau,Samsung SSD 2TB NEU,Samsung Portable SSD T7 2 TB USB Typ-C 3.2 Gen 2 (3.1 Gen 2) Blau,65,19,NEIN
6974316992295,Govee,Govee H10D1000 Montageschelle,Govee H10D1000 NEU,Govee H10D1000 Montageschelle,29,18,NEIN
6974316995890,Govee,Govee H7025CB1 Smart Lighting Intelligente Strangleuchte Wi-Fi/Bluetooth,Govee H7025CB1 Smart LED Lampe Bluetooth NEU,Govee H7025CB1 Smart LED Lampe Bluetooth NEU,72,44,JA
6974316993353,Govee,Govee H7093311 Smart Lighting Intelligenter Einbaustrahler Bluetooth,Govee H7093311 Smart LED Lampe Bluetooth NEU,Govee H7093311 Smart LED Lampe Bluetooth NEU,68,44,JA
6974316996798,Govee,Govee B5192011 Essensthermometer 0 - 300 °C Digital,Govee B5192011 NEU,Govee B5192011 Essensthermometer 0 - 300 °C Digital,51,18,NEIN
6974316993360,Govee,Govee B600CC02 Smart Lighting Intelligentes Leuchtmittel Bluetooth 5 W,Govee B600CC02 Smart LED Lampe Bluetooth 5 NEU,Govee B600CC02 Smart LED Lampe Bluetooth 5 NEU,70,46,JA
6974316990642,Govee,Govee H80C4 Intelligente Strangleuchte Wi-Fi/Bluetooth 15 W,Govee H80C4 Bluetooth 15 NEU,Govee H80C4 I Bluetooth 15 15W NEU,59,28,NEIN
6974316995784,Govee,Govee H6870341 Smart Lighting Intelligente Strangleuchte Bluetooth,Govee H6870341 Smart LED Lampe Bluetooth NEU,Govee H6870341 Smart LED Lampe Bluetooth NEU,66,44,JA
6974316993100,Govee,Govee H66A0 Intelligenter Leuchtstreifen Wi-Fi/Bluetooth,Govee H66A0 Bluetooth NEU,Govee H66A0 Intelligenter Leuchtstreifen Wi-Fi/Bluetooth,56,25,NEIN
6974316993117,Govee,Govee H66A1 Intelligenter Leuchtstreifen Wi-Fi/Bluetooth,Govee H66A1 Bluetooth NEU,Govee H66A1 Intelligenter Leuchtstreifen Wi-Fi/Bluetooth,56,25,NEIN
8719514339989,Philips,"Philips Hue White and Color ambiance Hue Gradient Lightstrip Verlängerung, 1 Meter",Philips NEU,"Philips Hue White and Color ambiance Hue Gradient Lightstrip Verlängerung, 1 Meter",82,11,NEIN
8720169230033,Philips,Philips Hue White ambience GU10 – Smarter Spot – (Doppelpack),Philips GU10 NEU,Philips Hue White ambience GU10 – Smarter Spot – (Doppelpack),61,16,NEIN
8719514356733,Philips,Philips Hue White ambience E14 - Smarte Lampe Kerzenform Doppelpack - 470,Philips E14 Smart LED Lampe NEU,Philips E14 Smart LED Lampe NEU,73,31,JA
8719514356610,Philips,Philips Hue White and Color ambiance E14 - Smarte Lampe Kerzenform - 470,Philips E14 Smart LED Lampe NEU,Philips E14 Smart LED Lampe NEU,72,31,JA
8719514356719,Philips,Philips Hue White and Color ambiance E14 - Smarte Lampe Kerzenform Doppelpack - 470,Philips E14 Smart LED Lampe NEU,Philips E14 Smart LED Lampe NEU,83,31,JA
8719514356771,Philips,Philips Hue White E14 - Smarte Lampe Tropfenform Doppelpack - 470,Philips E14 Smart LED Lampe NEU,Philips E14 Smart LED Lampe NEU,65,31,JA
8718696170809,Philips,Philips Hue White and Color ambiance Hue Play Lightbar Erweiterung,Philips NEU,Philips Hue White and Color ambiance Hue Play Lightbar Erweiterung,66,11,NEIN
5397231022495,Norton,Norton 360 For Gamers Antivirus-Sicherheit Kommerziell 1 Lizenz(en) 1 Jahr(e),Norton NEU,Norton 360 For Gamers Antivirus-Sicherheit Kommerziell 1 Lizenz(en) 1 Jahr(e),77,10,NEIN
06955914627390,Biwin,Biwin X570Pro 4 TB M.2 PCI Express 5.0 NVMe,Biwin X570P M.2 NVMe SSD 4TB NEU,Biwin X570P M.2 NVMe SSD 4TB NEU,43,32,JA
740617344790,Kingston Technology,Kingston Technology 1000G NV3 M.2 2280 NVMe SSD,Kingston Technology NV3 M.2 NVMe SSD NEU,Kingston Technology NV3 M.2 NVMe SSD NEU,47,40,JA
740617344783,Kingston Technology,Kingston Technology 2000G NV3 M.2 2280 NVMe SSD,Kingston Technology NV3 M.2 NVMe SSD NEU,Kingston Technology NV3 M.2 NVMe SSD NEU,47,40,JA
8806095811628,Samsung,Samsung 9100 PRO PCIe® 5.0 NVMe™ M.2 SSD - 1 TB,Samsung M.2 NVMe SSD 1TB NEU,Samsung PRO PCI M.2 NVMe SSD 1TB NEU,47,28,NEIN
4015867222409,Equip,"Equip DisplayPort auf HDMI Adapter kable, 5 m",Equip HDMI Adapter 5m NEU,"Equip DisplayPort auf HDMI Adapter kable, 5 m",45,25,NEIN
4015867151969,Equip,"Equip Cat.6 S/FTP Patchkabel, 20m, Schwarz",Equip FTP LAN Netzwerkkabel 20m NEU,Equip FTP LAN Netzwerkkabel 20m NEU,42,35,JA
4015867229668,Equip,"Equip Cat.6A S/FTP Patchkabel, 15 m, Grau",Equip FTP LAN Netzwerkkabel 15m NEU,Equip FTP LAN Netzwerkkabel 15m NEU,41,35,JA
4015867237298,Equip,"Equip Cat.6A S/FTP Patchkabel, Grau, 25m",Equip FTP LAN Netzwerkkabel 25m NEU,Equip FTP LAN Netzwerkkabel 25m NEU,40,35,JA
5706991031256,Jabra,Jabra Engage 65 SE Kopfhörer Kabellos Kopfband Büro/Callcenter Schwarz,Jabra SE Kopfhörer kabellos NEU,Jabra SE Kopfhörer kabellos NEU,70,31,JA
5706991030778,Jabra,Jabra Engage 65 SE Kopfhörer Kabellos Kopfband Büro/Callcenter Schwarz,Jabra SE Kopfhörer kabellos NEU,Jabra SE Kopfhörer kabellos NEU,70,31,JA
0195892130499,Lenovo,Lenovo ThinkPad USB4 Smart Dock 5500 with 135W Adapter Kabelgebunden Schwarz,Lenovo USB4 USB-C Kabel USB 4 135W NEU,Lenovo USB4 USB-C Kabel USB 4 135W NEU,76,38,JA
8806095498522,Samsung,"Samsung Suit Case Handy-Schutzhülle 15,8 cm (6.2"") Cover Rot, Transparent",Samsung Handy Hülle NEU,"Samsung Suit Case Handy-Schutzhülle 15,8 cm (6.2"") Cover Rot, Transparent",73,23,NEIN
8806095312187,Samsung,Samsung EB-P4520XUEGEU Powerbank 20000 mAh Beige,Samsung EB-P4520XUEGEU Powerbank NEU,Samsung EB-P4520XUEGEU Powerbank NEU,48,36,JA
0023942435334,Verbatim,"Verbatim 43533 DVD-Rohling 4,7 GB DVD-R 50 Stück(e)",Verbatim DVD-R 7GB NEU,"Verbatim 43533 DVD-Rohling 4,7 GB DVD-R 50 Stück(e)",51,22,NEIN
0023942438892,Verbatim,Verbatim 43889 Optisches Laufwerk Blu-Ray RW Schwarz,Verbatim RW NEU,Verbatim 43889 Optisches Laufwerk Blu-Ray RW Schwarz,52,15,NEIN
0023942321521,Verbatim,Verbatim CMH-09 USB Typ-C 10000 Mbit/s Silber,Verbatim CMH-09 NEU,Verbatim CMH-09 USB Typ-C 10000 Mbit/s Silber,45,19,NEIN
0023942321545,Verbatim,Verbatim CMH-14 USB Typ-C 5000 Mbit/s Silber,Verbatim CMH-14 NEU,Verbatim CMH-14 USB Typ-C 5000 Mbit/s Silber,44,19,NEIN
0023942321583,Verbatim,Verbatim 32158 Schnittstellen-Hub USB 3.2 Gen 1 (3.1 Gen 1) Type-C 5000 Mbit/s Grau,Verbatim USB Hub 3.2 NEU,Verbatim 32158 Schnittstellen-Hub USB 3.2 Gen 1 (3.1 Gen 1) Type-C 5000 Mbit/s Grau,83,24,NEIN
0023942321514,Verbatim,Verbatim CMH-08 USB Typ-C 5000 Mbit/s Silber,Verbatim CMH-08 NEU,Verbatim CMH-08 USB Typ-C 5000 Mbit/s Silber,44,19,NEIN
0023942318644,Verbatim,"Verbatim 31864 USB Kabel USB 2.0 1,2 m USB C 0,48 Gbit/s 60 W Grün",Verbatim USB Kabel 2.0 2m 60W NEU,Verbatim USB Kabel 2.0 2m 60W NEU,66,33,JA
0023942321569,Verbatim,Verbatim 32156 Schnittstellen-Hub USB 3.2 Gen 1 (3.1 Gen 1) Type-C 5000 Mbit/s Grau,Verbatim USB Hub 3.2 NEU,Verbatim 32156 Schnittstellen-Hub USB 3.2 Gen 1 (3.1 Gen 1) Type-C 5000 Mbit/s Grau,83,24,NEIN
0023942321538,Verbatim,Verbatim CMH-13 USB Typ-C 10000 Mbit/s Silber,Verbatim CMH-13 NEU,Verbatim CMH-13 USB Typ-C 10000 Mbit/s Silber,45,19,NEIN
0023942321255,Verbatim,Verbatim 32125 Ladegerät für Mobilgeräte Universal Schwarz AC Schnellladung Drinnen,Verbatim AC NEU,Verbatim 32125 Ladegerät für Mobilgeräte Universal Schwarz AC Schnellladung Drinnen,83,15,NEIN
0023942322009,Verbatim,"Verbatim GNC-35 Universal Schwarz, Grau AC Schnellladung Drinnen",Verbatim GNC-35 NEU,"Verbatim GNC-35 Universal Schwarz, Grau AC Schnellladung Drinnen",64,19,NEIN
0023942322016,Verbatim,"Verbatim GNC-65 Universal Schwarz, Grau AC Schnellladung Drinnen",Verbatim GNC-65 NEU,"Verbatim GNC-65 Universal Schwarz, Grau AC Schnellladung Drinnen",64,19,NEIN
0023942322047,Verbatim,"Verbatim GNC-200 Universal Schwarz, Grau AC Schnellladung Drinnen",Verbatim GNC-200 NEU,"Verbatim GNC-200 Universal Schwarz, Grau AC Schnellladung Drinnen",65,20,NEIN
0023942435082,Verbatim,"Verbatim 43508 DVD-Rohling 4,7 GB DVD+R 10 Stück(e)",Verbatim DVD-R 7GB NEU,"Verbatim 43508 DVD-Rohling 4,7 GB DVD+R 10 Stück(e)",51,22,NEIN
0023942437895,Verbatim,"Verbatim BD-R XL 100 GB* 4x, mit Tintenstrahldrucker großflächig bedruckbar, Jewel Case, 5er-Pack",Verbatim XL 100 NEU,"Verbatim BD-R XL 100 GB* 4x, mit Tintenstrahldrucker großflächig bedruckbar, Jewel Case, 5er-Pack",97,19,NEIN
023942301875,Verbatim,Verbatim Charge 'n' Travel 70W Universal Blau AC Schnellladung Drinnen,Verbatim AC 70W NEU,Verbatim Charge 'n' Travel 70W Universal Blau AC Schnellladung Drinnen,70,19,NEIN
0023942301882,Verbatim,Verbatim Charge 'n' Travel 70W Universal Violett AC Schnellladung Drinnen,Verbatim AC 70W NEU,Verbatim Charge 'n' Travel 70W Universal Violett AC Schnellladung Drinnen,73,19,NEIN
023942301912,Verbatim,Verbatim 30191 Ladegerät für Mobilgeräte Universal Schwarz AC Schnellladung Drinnen,Verbatim AC NEU,Verbatim 30191 Ladegerät für Mobilgeräte Universal Schwarz AC Schnellladung Drinnen,83,15,NEIN
0023942301929,Verbatim,Verbatim 30192 Ladegerät für Mobilgeräte Universal Blau AC Schnellladung Drinnen,Verbatim AC NEU,Verbatim 30192 Ladegerät für Mobilgeräte Universal Blau AC Schnellladung Drinnen,80,15,NEIN
0023942301936,Verbatim,Verbatim 30193 Ladegerät für Mobilgeräte Universal Violett AC Schnellladung Drinnen,Verbatim AC NEU,Verbatim 30193 Ladegerät für Mobilgeräte Universal Violett AC Schnellladung Drinnen,83,15,NEIN
0023942323402,Verbatim,"Verbatim Cool 'n' Go AirJet Grau, Violett Handventilator",Verbatim NEU,"Verbatim Cool 'n' Go AirJet Grau, Violett Handventilator",56,12,NEIN
0023942323419,Verbatim,"Verbatim Cool 'n' Go AirJet Silber, Weiß Handventilator",Verbatim NEU,"Verbatim Cool 'n' Go AirJet Silber, Weiß Handventilator",55,12,NEIN
023942302254,Verbatim,Verbatim 30225 USB-Stick 128 GB USB Typ-C 3.2 Gen 1 (3.1 Gen 1) Schwarz,Verbatim USB-S USB-Stick 128GB NEU,Verbatim USB-S USB-Stick 128GB NEU,71,34,JA
023942302261,Verbatim,Verbatim 30226 USB-Stick 256 GB USB Typ-C 3.2 Gen 1 (3.1 Gen 1) Schwarz,Verbatim USB-S USB-Stick 256GB NEU,Verbatim USB-S USB-Stick 256GB NEU,71,34,JA
023942491682,Verbatim,Verbatim V3 - USB 3.0-Stick 256 GB - Schwarz,Verbatim V3 USB-Stick 256GB USB 3.0 NEU,Verbatim V3 USB-Stick 256GB USB 3.0 NEU,44,39,JA
0023942490715,Verbatim,Verbatim PinStripe - USB-Stick 128 GB - Schwarz,Verbatim USB-S USB-Stick 128GB NEU,Verbatim USB-S USB-Stick 128GB NEU,47,34,JA
0023942991045,Verbatim,Verbatim Metal Executive - USB 3.0-Stick 16 GB - Gold,Verbatim USB-Stick 16GB USB 3.0 NEU,Verbatim USB-Stick 16GB USB 3.0 NEU,53,35,JA
0023942991052,Verbatim,Verbatim Metal Executive 32 GB - USB 3.0 Drive – Gold,Verbatim 32GB USB 3.0 NEU,Verbatim Metal Executive 32 GB - USB 3.0 Drive – Gold,53,25,NEIN
6974316990253,Govee,Govee Tree Floor Lamp Intelligente Bodenbeleuchtung Wi-Fi/Bluetooth 72 W,Govee Bluetooth 72 NEU,Govee Tree Floor Lamp Intelligente Bodenbeleuchtung Wi-Fi/Bluetooth 72 W,72,22,NEIN
1210000615060,NOCO,NOCO GB150 Boost 12V 3000A Jump Starter,NOCO GB150 NEU,NOCO GB150 Boost 12V 3000A Jump Starter,39,14,NEIN
1210000619419,NOCO,NOCO GB251 Boost Max 24V 3000A Jump Starter,NOCO GB251 NEU,NOCO GB251 Boost Max 24V 3000A Jump Starter,43,14,NEIN
1210000619402,NOCO,NOCO GB250 Boost Max 12V 5250A Jump Starter,NOCO GB250 NEU,NOCO GB250 Boost Max 12V 5250A Jump Starter,43,14,NEIN
1210000620071,NOCO,NOCO GBX55 Boost X 12V 1750A Jump Starter,NOCO GBX55 NEU,NOCO GBX55 Boost X 12V 1750A Jump Starter,41,14,NEIN
1210000620088,NOCO,NOCO GBX75 Boost X 12V 2500A Jump Starter,NOCO GBX75 NEU,NOCO GBX75 Boost X 12V 2500A Jump Starter,41,14,NEIN
1210000620095,NOCO,NOCO GBX155 Boost X 12V 4250A Jump Starter,NOCO GBX155 NEU,NOCO GBX155 Boost X 12V 4250A Jump Starter,42,15,NEIN
1210000620057,NOCO,NOCO GENIUS U65 USB-C Charger,NOCO GENIUS U65 USB Ladegerät NEU,NOCO GENIUS U65 USB Ladegerät NEU,29,33,JA
1210000617309,NOCO,NOCO XGC4 56W XGC Power Adapter,NOCO XGC4 56W Adapter NEU,NOCO XGC4 56W XGC Power Adapter,31,25,NEIN
1210000617279,NOCO,NOCO GBC013 GB20/40 EVA Schutzcase,NOCO GBC013 GB20 NEU,NOCO GBC013 GB20/40 EVA Schutzcase,34,20,NEIN
1210000617286,NOCO,NOCO GBC014 GB70 EVA Schutzcase,NOCO GBC014 GB70 NEU,NOCO GBC014 GB70 EVA Schutzcase,31,20,NEIN
1210000621047,NOCO,NOCO GBC101 GBX45 EVA Schutzcase,NOCO GBC101 GBX45 NEU,NOCO GBC101 GBX45 EVA Schutzcase,32,21,NEIN
1210000621054,NOCO,NOCO GBC102 GBX55 EVA Schutzcase,NOCO GBC102 GBX55 NEU,NOCO GBC102 GBX55 EVA Schutzcase,32,21,NEIN
1210000618146,NOCO,NOCO GENIUS2DEU 2A Direct-Mount Battery Charger,NOCO GENIUS2DEU 2A NEU,NOCO GENIUS2DEU 2A Direct-Mount Battery Charger,47,22,NEIN
8806094914689,Samsung,Samsung MU-PG2T0B 2 TB USB Typ-C USB 3.2 Gen 2x2 Schwarz,Samsung MU-PG2T0B 2TB USB 3.2 NEU,Samsung MU-PG2T0B 2TB USB 3.2 NEU,56,33,JA
5397184961735,Dell,DELL WD25 Kabelgebunden USB 3.2 Gen 2 (3.1 Gen 2) Type-C Schwarz,Dell WD25 USB 3.2 NEU,DELL WD25 Kabelgebunden USB 3.2 Gen 2 (3.1 Gen 2) Type-C Schwarz,64,21,NEIN
0196068757403,HP,HP Thunderbolt Dock 120 W G4,HP G4 Docking Station 120W NEU,HP G4 Docking Station 120W NEU,28,30,JA
5706991024302,Jabra,Jabra Evolve2 75 Kopfhörer Kabellos Kopfband Büro/Callcenter Bluetooth Schwarz,Jabra Bluetooth Kopfhörer kabellos NEU,Jabra Bluetooth Kopfhörer kabellos NEU,78,38,JA
5706991022841,Jabra,Jabra Evolve2 65 Kopfhörer Kabellos Kopfband Büro/Callcenter USB Typ-C Bluetooth,Jabra Bluetooth Kopfhörer kabellos NEU,Jabra Bluetooth Kopfhörer kabellos NEU,80,38,JA
5706991031546,Jabra,Jabra Evolve 65 TE Kopfhörer Verkabelt & Kabellos Kopfband Büro/Callcenter USB Typ-A Bluetooth Schwarz,Jabra TE Bluetooth Kopfhörer kabellos NEU,Jabra TE Bluetooth Kopfhörer kabellos NEU,102,41,JA
5706991034318,Jabra,Jabra Evolve 30 II Kopfhörer Kabelgebunden Kopfband Büro/Callcenter USB Type-C / USB Type-A Schwarz,Jabra II Kopfhörer NEU,Jabra Evolve 30 II Kopfhörer Kabelgebunden Kopfband Büro/Callcenter USB Type-C / USB Type-A Schwarz,99,22,NEIN
5706991014839,Jabra,Jabra Speak 510,Jabra Speak 510 NEU,Jabra Speak 510,15,19,NEIN
5706991031522,Jabra,Jabra Evolve 65 TE Kopfhörer Verkabelt & Kabellos Kopfband Büro/Callcenter USB Typ-A Bluetooth Schwarz,Jabra TE Bluetooth Kopfhörer kabellos NEU,Jabra TE Bluetooth Kopfhörer kabellos NEU,102,41,JA
8806094682748,Samsung,Samsung EB-P3400XUE Lithium-Ion (Li-Ion) 10000 mAh Beige,Samsung EB-P3400XUE NEU,Samsung EB-P3400XUE Lithium-Ion (Li-Ion) 10000 mAh Beige,56,23,NEIN
8806088938141,Samsung,"Samsung EP-DG930 USB Kabel 1,5 m USB A USB C Schwarz",Samsung EP-DG930 USB Kabel 5m NEU,Samsung EP-DG930 USB Kabel 5m NEU,52,33,JA
8806097735618,Samsung,"Samsung EP-T6010NBEGWW Ladegerät für Mobilgeräte Laptop, Smartphone, Tablets Schwarz AC Schnellladung Drinnen",Samsung EP-T6010NBEGWW NEU,"Samsung EP-T6010NBEGWW Ladegerät für Mobilgeräte Laptop, Smartphone, Tablets Schwarz AC Schnellladung Drinnen",109,26,NEIN
8806092978683,Samsung,Samsung EP-P2400BBEGEU Ladegerät für Mobilgeräte Smartphone Grau USB Drinnen,Samsung EP-P2400BBEGEU NEU,Samsung EP-P2400BBEGEU Ladegerät für Mobilgeräte Smartphone Grau USB Drinnen,76,26,NEIN
6938818318410,Yealink,Yealink MP56 E2-Mannschaften,Yealink MP56 E2-M NEU,Yealink MP56 E2-Mannschaften,28,21,NEIN
4895251604758,EcoFlow,ECOFLOW Wave 2 Add-on Battery,EcoFlow NEU,ECOFLOW Wave 2 Add-on Battery,29,11,NEIN
4895251631020,EcoFlow,ECOFLOW Wave 3 Add-on Battery,EcoFlow NEU,ECOFLOW Wave 3 Add-on Battery,29,11,NEIN
4895251631143,EcoFlow,ECOFLOW WAVE Series Car Vent Seal (Magnetic Version),EcoFlow WAVE NEU,ECOFLOW WAVE Series Car Vent Seal (Magnetic Version),52,16,NEIN
4895251643023,EcoFlow,ECOFLOW Shower Kit,EcoFlow Shower Kit NEU,ECOFLOW Shower Kit,18,22,NEIN
4895251604802,EcoFlow,ECOFLOW Glacier Plug-in Battery,EcoFlow NEU,ECOFLOW Glacier Plug-in Battery,31,11,NEIN
4895251641807,EcoFlow,ECOFLOW GLACIER Classic 55L,EcoFlow GLACIER NEU,ECOFLOW GLACIER Classic 55L,27,19,NEIN
4895251600033,EcoFlow,ECOFLOW Rigid Solar Panel Mounting Feet,EcoFlow NEU,ECOFLOW Rigid Solar Panel Mounting Feet,39,11,NEIN
4895251608596,EcoFlow,ECOFLOW Delta Pro Ultra - Inverter,EcoFlow NEU,ECOFLOW Delta Pro Ultra - Inverter,34,11,NEIN
4895251605205,EcoFlow,ECOFLOW Single Axis Solar Tracker,EcoFlow NEU,ECOFLOW Single Axis Solar Tracker,33,11,NEIN
4895251606653,EcoFlow,ECOFLOW Balcony Hook Kit,EcoFlow Balcony Hook Kit NEU,ECOFLOW Balcony Hook Kit,24,28,NEIN
4895251644037,EcoFlow,ECOFLOW Single Axis Solar Tracker,EcoFlow NEU,ECOFLOW Single Axis Solar Tracker,33,11,NEIN
4895251646956,EcoFlow,ECOFLOW Smart Meter,EcoFlow Smart Meter NEU,ECOFLOW Smart Meter,19,23,NEIN
4054278247939,Kärcher,Kärcher S 4 Twin - Kehrmaschine - 20 L - Kunststoff,Kärcher NEU,Kärcher S 4 Twin - Kehrmaschine - 20 L - Kunststoff,51,11,NEIN
4054278242026,Kärcher,Kärcher AD 2 - Staubsauger - Kanister - beutellos,Kärcher AD 2 NEU,Kärcher AD 2 - Staubsauger - Kanister - beutellos,49,16,NEIN
4054278991726,Kärcher,Kärcher VC 3 - Staubsauger - Zylinder-Vakuum - Beutellos,Kärcher VC 3 NEU,Kärcher VC 3 - Staubsauger - Zylinder-Vakuum - Beutellos,56,16,NEIN
4054278907154,Kärcher,Kärcher K 4 WCM - Hochdruckreiniger,Kärcher WCM NEU,Kärcher K 4 WCM - Hochdruckreiniger,35,15,NEIN
4054278990279,Kärcher,Kärcher SC 2 UPRIGHT - Dampfmopp,Kärcher SC 2 NEU,Kärcher SC 2 UPRIGHT - Dampfmopp,32,16,NEIN
4054278952031,Kärcher,Kärcher Schmutzwasser-Tauchpumpe SP 22.000 750W,Kärcher SP 22 750W NEU,Kärcher Schmutzwasser-Tauchpumpe SP 22.000 750W,47,22,NEIN
4066529041487,Kärcher,Kärcher Fensterdüse Comfort Zubehör,Kärcher NEU,Kärcher Fensterdüse Comfort Zubehör,35,11,NEIN
4054278544830,Kärcher,Kärcher WV Verlängerungsset Zubehör für Fensterreiniger Kärcher WV,Kärcher WV NEU,Kärcher WV Verlängerungsset Zubehör für Fensterreiniger Kärcher WV,66,14,NEIN
4066529180155,Kärcher,Kärcher VCH 4 UVClean,Kärcher VCH 4 NEU,Kärcher VCH 4 UVClean,21,17,NEIN
4066529001580,Kärcher,Kärcher SE 3 Compact Home,Kärcher SE 3 NEU,Kärcher SE 3 Compact Home,25,16,NEIN
4054278656342,Kärcher,"Kärcher Autoreinigungsset Innen NW 35, 7-teilig",Kärcher NW 35 NEU,"Kärcher Autoreinigungsset Innen NW 35, 7-teilig",47,17,NEIN
4054278656397,Kärcher,"Kärcher Verlängerungsschlauch 3,5m",Kärcher 5m NEU,"Kärcher Verlängerungsschlauch 3,5m",34,14,NEIN
4054278207414,Kärcher,Kärcher Bohrstaubfänger (für WD 2 - WD 6),Kärcher WD 2 NEU,Kärcher Bohrstaubfänger (für WD 2 - WD 6),41,16,NEIN
4066529086884,Kärcher,Kärcher PCL 6,Kärcher PCL 6 NEU,Kärcher PCL 6,13,17,NEIN
4054278825779,Kärcher,Kärcher Adapter Anti-Twist,Kärcher Adapter Anti-Twist NEU,Kärcher Adapter Anti-Twist NEU,26,30,JA
4054278713311,Kärcher,Kärcher Powerschrubber PS 30 Plus,Kärcher PS 30 NEU,Kärcher Powerschrubber PS 30 Plus,33,17,NEIN
4054278817514,Kärcher,Kärcher Reinigungsset für Fassaden und Glasflächen (TLA 4 + Zubehör),Kärcher TLA 4 NEU,Kärcher Reinigungsset für Fassaden und Glasflächen (TLA 4 + Zubehör),68,17,NEIN
4054278650371,Kärcher,Kärcher Starter Kit Battery Power 18/50,Kärcher NEU,Kärcher Starter Kit Battery Power 18/50,39,11,NEIN
4066529027870,Kärcher,Kärcher WD 4 V-20/5/22 - Staubsauger - Kanister,Kärcher WD 4 NEU,Kärcher WD 4 V-20/5/22 - Staubsauger - Kanister,47,16,NEIN
4066529027887,Kärcher,Kärcher WD 4 S V-20/5/22 - Staubsauger - Kanister,Kärcher WD 4 NEU,Kärcher WD 4 S V-20/5/22 - Staubsauger - Kanister,49,16,NEIN
4066529027894,Kärcher,Kärcher WD 4 P V-20/5/22 - Staubsauger - Kanister,Kärcher WD 4 NEU,Kärcher WD 4 P V-20/5/22 - Staubsauger - Kanister,49,16,NEIN
4054278661872,Kärcher,Kärcher WD 5 V-25/5/22 - Staubsauger - Kanister,Kärcher WD 5 NEU,Kärcher WD 5 V-25/5/22 - Staubsauger - Kanister,47,16,NEIN
4054278975375,Kärcher,"Kärcher VC 4, 2-in-1-Stabstaubsauger, Beutellos, Schwarz, Gelb, Rechteckig, Trocken, HEPA",Kärcher VC 4 NEU,"Kärcher VC 4, 2-in-1-Stabstaubsauger, Beutellos, Schwarz, Gelb, Rechteckig, Trocken, HEPA",89,16,NEIN
4054278975399,Kärcher,"Kärcher VC 6, 2-in-1-Stabstaubsauger, Beutellos, Schwarz, Gelb, Rechteckig, Trocken, HEPA",Kärcher VC 6 NEU,"Kärcher VC 6, 2-in-1-Stabstaubsauger, Beutellos, Schwarz, Gelb, Rechteckig, Trocken, HEPA",89,16,NEIN
4054278999159,Kärcher,"Kärcher SC 1 Multi & Up, Tragbarer Dampfreiniger, 0,2 l, Schwarz, Gelb, 5 m, 1300 W, 220-240 V",Kärcher SC 1 5m 1300W NEU,"Kärcher SC 1 Multi & Up, Tragbarer Dampfreiniger, 0,2 l, Schwarz, Gelb, 5 m, 1300 W, 220-240 V",94,25,NEIN
4582563857889,Kioxia,SSD M.2 (2280) Kioxia Exceria Plus G3 NVMe 2TB,Kioxia M.2 NVMe SSD 2TB NEU,SSD M.2 (2280) Kioxia Exceria Plus G3 NVMe 2TB,46,27,NEIN
5099206041271,Logitech,Logitech Mouse B100 Optical Corded Black OEM,Logitech B100 Maus NEU,Logitech Mouse B100 Optical Corded Black OEM,44,22,NEIN
5099206008441,Logitech,Logitech Headset 960 Wired,Logitech Headset 960 Wired NEU,Logitech Headset 960 Wired NEU,26,30,JA
5099206073173,Logitech,Logitech Desktop MK330 Wireless Black,Logitech MK330 kabellos NEU,Logitech Desktop MK330 Wireless Black,37,27,NEIN
5099206081901,Logitech,Logitech Mouse MX Vertical Wireless Grey,Logitech MX Maus kabellos NEU,Logitech MX V Maus kabellos NEU,40,29,NEIN
5099206027275,Logitech,Logitech Mouse M185 Wireless Swift Grey,Logitech M185 Maus kabellos NEU,Logitech M185 Maus kabellos NEU,39,31,JA
5099206065062,Logitech,Logitech Mouse B170 Optical Wireless Black,Logitech B170 Maus kabellos NEU,Logitech B170 Maus kabellos NEU,42,31,JA
5099206033139,Logitech,Logitech Keyboard K270 Wireless Black/White,Logitech K270 Tastatur kabellos NEU,Logitech K270 Tastatur kabellos NEU,43,35,JA
5099206085855,Logitech,Logitech Keyboard ERGO K860 Wireless Black,Logitech ERGO K860 Tastatur kabellos NEU,Logitech ERGO K860 Tastatur kabellos NEU,42,40,JA
5099206053304,Logitech,Logitech Headset H570e Wired / Type Binaural,Logitech H570 Headset NEU,Logitech Headset H570e Wired / Type Binaural,44,25,NEIN
5099206086449,Logitech,Logitech Desktop MK470 Slim Wireless Combo Black,Logitech MK470 kabellos NEU,Logitech Desktop MK470 Slim Wireless Combo Black,48,27,NEIN
5099206041196,Logitech,Logitech Headset H650e Stereo Wired,Logitech H650 Headset NEU,Logitech Headset H650e Stereo Wired,35,25,NEIN
0097855143143,Logitech,Logitech ConferenceCam Rally Mic Pod Hub microphone Interface adapter,Logitech Adapter NEU,Logitech ConferenceCam Rally Mic Pod Hub microphone Interface adapter,69,20,NEIN
0097855131171,Logitech,Logitech ConferenceCam MeetUp Expansion Microphone,Logitech Mikrofon NEU,Logitech ConferenceCam MeetUp Expansion Microphone,50,21,NEIN
0097855163769,Logitech,Logitech Tap - Control Station,Logitech NEU,Logitech Tap - Control Station,30,12,NEIN
0097855153197,Logitech,Logitech Rally Mic Pod Mount,Logitech Rally Mic Pod Mount Mikrofon NEU,Logitech Rally Mic Pod Mount Mikrofon NEU,28,41,JA
5099206104914,Logitech,Logitech Brio 500 Webcam Black,Logitech Webcam NEU,Logitech Brio 500 Webcam Black,30,19,NEIN
5099206097223,Logitech,Logitech Mouse Signature M650 Graphite,Logitech M650 Maus NEU,Logitech Mouse Signature M650 Graphite,38,22,NEIN
5099206089327,Logitech,Logitech ConferenceCam Rally Bar - Graphite,Logitech NEU,Logitech ConferenceCam Rally Bar - Graphite,43,12,NEIN
5099206090347,Logitech,Logitech Zone Wired MS-Teams Headseat,Logitech NEU,Logitech Zone Wired MS-Teams Headseat,37,12,NEIN
5099206105508,Logitech,Logitech Signature K650 Keyboard Black,Logitech K650 Tastatur NEU,Logitech Signature K650 Keyboard Black,38,26,NEIN
5099206093089,Logitech,Logitech Rally Bar Mini - Webcam,Logitech Rally Bar Webcam NEU,Logitech Rally Bar Mini - Webcam,32,29,NEIN
0097855147097,Logitech,Logitech Strong USB Kabel 10M,Logitech Strong USB Kabel 10M USB-C NEU,Logitech Strong USB Kabel 10M USB-C NEU,29,39,JA
5099206107427,Logitech,Logitech Slim Folio Keyboard black,Logitech Tastatur NEU,Logitech Slim Folio Keyboard black,34,21,NEIN
5099206121942,Logitech,Logitech Combo Touch Keyboard for iPad Air 11,Logitech Tastatur NEU,Logitech Combo Touch Keyboard for iPad Air 11,45,21,NEIN
5099206113053,Logitech,Logitech Combo Slim Wireless MK370 Keyboard Graphite,Logitech MK370 Tastatur kabellos NEU,Logitech MK370 Tastatur kabellos NEU,52,36,JA
5099206127098,Logitech,Logitech Ultimate Ears MINIROLL majestätisches blau,Logitech MINIROLL NEU,Logitech Ultimate Ears MINIROLL majestätisches blau,51,21,NEIN
5099206127104,Logitech,Logitech Ultimate Ears MINIROLL Revive Grey,Logitech MINIROLL NEU,Logitech Ultimate Ears MINIROLL Revive Grey,43,21,NEIN
5099206123113,Logitech,Logitech Combo Touch Keyboard for iPad Pro11,Logitech Tastatur NEU,Logitech Combo Touch Keyboard for iPad Pro11,44,21,NEIN
5099206106710,Logitech,Logitech Combo Touch Keyboard for iPad 10.9,Logitech Tastatur NEU,Logitech Combo Touch Keyboard for iPad 10.9,43,21,NEIN
5099206066878,Logitech,Logitech Desktop MK850 Performance - Tastatur-und-Maus-Set - US-Layout,Logitech MK850 Maus NEU,Logitech Desktop MK850 Performance - Tastatur-und-Maus-Set - US-Layout,70,23,NEIN
5099206123069,Logitech,"Logitech Bluetooth Combo Touch iPad Pro 13"" M4",Logitech M4 Bluetooth NEU,"Logitech Bluetooth Combo Touch iPad Pro 13"" M4",46,25,NEIN
4582563858398,Kioxia,Kioxia microSD Exceria Plus 64GB,Kioxia SD Speicherkarte 64GB NEU,Kioxia SD Speicherkarte 64GB NEU,32,32,JA
4582761160507,Kioxia,Kioxia microSD Exceria Plus 128GB,Kioxia SD Speicherkarte 128GB NEU,Kioxia SD Speicherkarte 128GB NEU,33,33,JA
4582563857209,Kioxia,Kioxia Exceria G2 SD Card 512GB,Kioxia G2 SD Speicherkarte 512GB NEU,Kioxia G2 SD Speicherkarte 512GB NEU,31,36,JA
4582761160170,Kioxia,Kioxia Exceria Plus G2 SD Card 64GB,Kioxia G2 SD Speicherkarte 64GB NEU,Kioxia G2 SD Speicherkarte 64GB NEU,35,35,JA
4582761160194,Kioxia,Kioxia Exceria Plus G2 SD Card 256GB,Kioxia G2 SD Speicherkarte 256GB NEU,Kioxia G2 SD Speicherkarte 256GB NEU,36,36,JA
4582563855472,Kioxia,Kioxia TransMemory U301 64GB black USB 3.0,Kioxia U301 64GB USB 3.0 NEU,Kioxia TransMemory U301 64GB black USB 3.0,42,28,NEIN
0810010078278,Ubiquiti,UbiQuiti WiFi 6 Mesh Access Point,Ubiquiti WiFi 6 Mesh WLAN Access Point Wi-Fi NEU,Ubiquiti WiFi 6 Mesh WLAN Access Point Wi-Fi NEU,33,48,JA
0817882028554,Ubiquiti,UbiQuiti UniFi USW-24-POE Switch,Ubiquiti USW-24-POE Netzwerk Switch PoE NEU,Ubiquiti USW-24-POE Netzwerk Switch PoE NEU,32,43,JA
0810010072146,Ubiquiti,UbiQuiti UniFi USW-48-POE Switch,Ubiquiti USW-48-POE Netzwerk Switch PoE NEU,Ubiquiti USW-48-POE Netzwerk Switch PoE NEU,32,43,JA
0817882027649,Ubiquiti,UbiQuiti UniFi USW-Pro-24-POE Switch,Ubiquiti USW-P Netzwerk Switch PoE NEU,Ubiquiti USW-P Netzwerk Switch PoE NEU,36,38,JA
0817882027656,Ubiquiti,UbiQuiti UniFi USW-PRO-48-POE Switch,Ubiquiti USW-PRO-48-POE Netzwerk Switch PoE NEU,Ubiquiti USW-PRO-48-POE Netzwerk Switch PoE NEU,36,47,JA
0810010077769,Ubiquiti,UbiQuiti UniFi Dream Machine Special Edition,Ubiquiti NEU,UbiQuiti UniFi Dream Machine Special Edition,44,12,NEIN
0817882027373,Ubiquiti,UbiQuiti UniFi Dream Machine Pro Access Point,Ubiquiti UniFi Dream Machine WLAN Access Point NEU,Ubiquiti UniFi Dream Machine WLAN Access Point NEU,45,50,JA
0817882029698,Ubiquiti,Ubiquiti UniFi Switch USW Flex Mini - Switch - managed,Ubiquiti USW Netzwerk Switch NEU,Ubiquiti USW Netzwerk Switch NEU,54,32,JA
0810084691090,Ubiquiti,UbiQuiti WiFi U6-PLUS Access Point,Ubiquiti U6-PLUS WLAN Access Point NEU,Ubiquiti U6-PLUS WLAN Access Point NEU,34,38,JA
0810084690185,Ubiquiti,UbiQuiti UniFi Protect UVC-G5-BULLET - Netzwerk-Überwachungskamera,Ubiquiti UVC-G5-BULLET NEU,UbiQuiti UniFi Protect UVC-G5-BULLET - Netzwerk-Überwachungskamera,66,26,NEIN
810084695210,Ubiquiti,UbiQuiti Gateway Pro UniFi UXG-MAX,Ubiquiti UXG-MAX NEU,UbiQuiti Gateway Pro UniFi UXG-MAX,34,20,NEIN
0810084694572,Ubiquiti,UbiQuiti Pro-Max-16-PoE full managed Layer3   - Switch,Ubiquiti Netzwerk Switch PoE NEU,Ubiquiti Netzwerk Switch PoE NEU,54,32,JA
0810010074386,Ubiquiti,UbiQuiti UISP Professional - UISP-S-PRO - Switch - managed,Ubiquiti UISP Netzwerk Switch NEU,Ubiquiti UISP Netzwerk Switch NEU,58,33,JA
0810084698747,Ubiquiti,UbiQuiti U7-LITE - Access Point - WiFi 7 - Indoor,Ubiquiti U7-LITE WLAN Access Point Wi-Fi 7 NEU,Ubiquiti U7-LITE WLAN Access Point Wi-Fi 7 NEU,49,46,JA
0810177161929,Ubiquiti,UbiQuiti WiFi 7 Long-Range Access Point,Ubiquiti WiFi 7 Long-Range WLAN Access Point Wi-Fi NEU,Ubiquiti WiFi 7 Long-Range WLAN Access Point Wi-Fi NEU,39,54,JA
0810010079251,Ubiquiti,Ubiquiti UniFi UNAS Pro - NAS-Server - Rack - einbaufähig,Ubiquiti UNAS NEU,Ubiquiti UniFi UNAS Pro - NAS-Server - Rack - einbaufähig,57,17,NEIN
0810010074300,Ubiquiti,"Ubiquiti UniFi Express 7 - Gateway - Wi-Fi 7, 10GbE, 2.5GbE",Ubiquiti Wi-Fi 7 NEU,"Ubiquiti UniFi Express 7 - Gateway - Wi-Fi 7, 10GbE, 2.5GbE",59,20,NEIN
0810084696040,Ubiquiti,Ubiquiti UniFi Flex 2.5G - Switch - 5-Port - managed,Ubiquiti Netzwerk Switch 5-Port NEU,Ubiquiti Netzwerk Switch 5-Port NEU,52,35,JA
0810084698815,Ubiquiti,Ubiquiti UniFi Protect G6 - Netzwerk-Überwachungskamera - Turret,Ubiquiti G6 NEU,Ubiquiti UniFi Protect G6 - Netzwerk-Überwachungskamera - Turret,64,15,NEIN
810177165118,Ubiquiti,Ubiquiti UniFi U7 Pro XG Wall - Accesspoint,Ubiquiti U7 WLAN Access Point NEU,Ubiquiti U7 WLAN Access Point NEU,43,33,JA
4779051840175,Teltonika Networks,Teltonika RUT956 - Wireless Router,Teltonika Networks RUT956 WLAN Router kabellos NEU,Teltonika Networks RUT956 WLAN Router kabellos NEU,34,50,JA
4779051841332,Teltonika Networks,Teltonika RUT260 - Wireless Router,Teltonika Networks RUT260 WLAN Router kabellos NEU,Teltonika Networks RUT260 WLAN Router kabellos NEU,34,50,JA
4779051840830,Teltonika Networks,Teltonika RUT906 - Wireless Router,Teltonika Networks RUT906 WLAN Router kabellos NEU,Teltonika Networks RUT906 WLAN Router kabellos NEU,34,50,JA
4779051840540,Teltonika Networks,Teltonika RUTM50 - Wireless Router,Teltonika Networks RUTM50 WLAN Router kabellos NEU,Teltonika Networks RUTM50 WLAN Router kabellos NEU,34,50,JA
4779027312385,Teltonika Networks,Teletonika TRB142 - Gateway,Teltonika Networks TRB142 NEU,Teletonika TRB142 - Gateway,27,29,NEIN
4779051840137,Teltonika Networks,Teltonika TRB143 - Gateway,Teltonika Networks TRB143 NEU,Teltonika TRB143 - Gateway,26,29,NEIN
4779051840236,Teltonika Networks,Teltonika TRB500 - Gateway,Teltonika Networks TRB500 NEU,Teltonika TRB500 - Gateway,26,29,NEIN
4779051840113,Teltonika Networks,Teltonika TSW101 - Switch,Teltonika Networks TSW101 Netzwerk Switch NEU,Teltonika Networks TSW101 Netzwerk Switch NEU,25,45,JA
4779027312958,Teltonika Networks,Teltonika TSW110 - Switch,Teltonika Networks TSW110 Netzwerk Switch NEU,Teltonika Networks TSW110 Netzwerk Switch NEU,25,45,JA
4779051840298,Teltonika Networks,Teltonika TSW114 - Switch,Teltonika Networks TSW114 Netzwerk Switch NEU,Teltonika Networks TSW114 Netzwerk Switch NEU,25,45,JA
4779027312774,Teltonika Networks,Teltonika TRM240 - Modem,Teltonika Networks TRM240 DSL Modem NEU,Teltonika Networks TRM240 DSL Modem NEU,24,39,JA
4779051840465,Teltonika Networks,Teltonika RUTM08 - Router 3-Port-Switch,Teltonika Networks RUTM08 Netzwerk Switch 3-Port NEU,Teltonika Networks RUTM08 Netzwerk Switch 3-Port NEU,39,52,JA
4779051842933,Teltonika Networks,Teltonika OTD500 - Wireless Router,Teltonika Networks OTD500 WLAN Router kabellos NEU,Teltonika Networks OTD500 WLAN Router kabellos NEU,34,50,JA
4779051840700,Teltonika Networks,Teltonika RUT140 - Wireless Router,Teltonika Networks RUT140 WLAN Router kabellos NEU,Teltonika Networks RUT140 WLAN Router kabellos NEU,34,50,JA
4779051840724,Teltonika Networks,Teltonika RUT142 - Wireless Router,Teltonika Networks RUT142 WLAN Router kabellos NEU,Teltonika Networks RUT142 WLAN Router kabellos NEU,34,50,JA
4779051845231,Teltonika Networks,Teltonika RUTM56 - Wireless Router,Teltonika Networks RUTM56 WLAN Router kabellos NEU,Teltonika Networks RUTM56 WLAN Router kabellos NEU,34,50,JA
4779051841455,Teltonika Networks,Teltonika TRM500 - Wireless Router,Teltonika Networks TRM500 WLAN Router kabellos NEU,Teltonika Networks TRM500 WLAN Router kabellos NEU,34,50,JA
4779051841851,Teltonika Networks,Teltonika TRB256 - Gateway,Teltonika Networks TRB256 NEU,Teltonika TRB256 - Gateway,26,29,NEIN
4779051841844,Teltonika Networks,Teltonika TRB246 - Gateway,Teltonika Networks TRB246 NEU,Teltonika TRB246 - Gateway,26,29,NEIN
850047123503,Chipolo,Chipolo POP - Tracking tag compatible with Apple Find My on iPhone or Find Hub on Android (White),Chipolo POP NEU,Chipolo POP - Tracking tag compatible with Apple Find My on iPhone or Find Hub on Android (White),97,15,NEIN
850047123510,Chipolo,Chipolo POP - Tracking tag compatible with Apple Find My on iPhone or Find Hub on Android (Yellow),Chipolo POP NEU,Chipolo POP - Tracking tag compatible with Apple Find My on iPhone or Find Hub on Android (Yellow),98,15,NEIN
850047123527,Chipolo,Chipolo POP - Tracking tag compatible with Apple Find My on iPhone or Find Hub on Android (Red),Chipolo POP NEU,Chipolo POP - Tracking tag compatible with Apple Find My on iPhone or Find Hub on Android (Red),95,15,NEIN
850047123534,Chipolo,Chipolo POP - Tracking tag compatible with Apple Find My on iPhone or Find Hub on Android (Blue),Chipolo POP NEU,Chipolo POP - Tracking tag compatible with Apple Find My on iPhone or Find Hub on Android (Blue),96,15,NEIN
850047123541,Chipolo,Chipolo POP - Tracking tag compatible with Apple Find My on iPhone or Find Hub on Android (Green),Chipolo POP NEU,Chipolo POP - Tracking tag compatible with Apple Find My on iPhone or Find Hub on Android (Green),97,15,NEIN
850047123558,Chipolo,Chipolo POP - Tracking tag compatible with Apple Find My on iPhone or Find Hub on Android (Black),Chipolo POP NEU,Chipolo POP - Tracking tag compatible with Apple Find My on iPhone or Find Hub on Android (Black),97,15,NEIN
850047123565,Chipolo,Chipolo POP 4 Pack -Tracking tag compatible with Apple Find My on iPhone or Find Hub  (Black),Chipolo POP 4 NEU,Chipolo POP 4 Pack -Tracking tag compatible with Apple Find My on iPhone or Find Hub  (Black),93,17,NEIN
850047123787,Chipolo,"Chipolo POP 4 Pack -Tracking tag compatible with Apple Find My on iPhone (Red, Blue, Yellow, Green)",Chipolo POP 4 NEU,"Chipolo POP 4 Pack -Tracking tag compatible with Apple Find My on iPhone (Red, Blue, Yellow, Green)",99,17,NEIN
850070419246,Chipolo,Chipolo LOOP – Rechargeable tracking tag compatible with Apple Find My on iPhone  (Chalk),Chipolo LOOP NEU,Chipolo LOOP – Rechargeable tracking tag compatible with Apple Find My on iPhone  (Chalk),89,16,NEIN
850070419253,Chipolo,Chipolo LOOP – Rechargeable tracking tag compatible with Apple Find My on iPhone  (Honey),Chipolo LOOP NEU,Chipolo LOOP – Rechargeable tracking tag compatible with Apple Find My on iPhone  (Honey),89,16,NEIN
850070419260,Chipolo,Chipolo LOOP – Rechargeable tracking tag compatible with Apple Find My on iPhone (Coral),Chipolo LOOP NEU,Chipolo LOOP – Rechargeable tracking tag compatible with Apple Find My on iPhone (Coral),88,16,NEIN
850070419277,Chipolo,Chipolo LOOP – Rechargeable tracking tag compatible with Apple Find My on iPhone or Find Hub (Navy),Chipolo LOOP NEU,Chipolo LOOP – Rechargeable tracking tag compatible with Apple Find My on iPhone or Find Hub (Navy),99,16,NEIN
850070419284,Chipolo,Chipolo LOOP – Rechargeable tracking tag compatible with Apple Find My on iPhone or Find Hub  (Mint),Chipolo LOOP NEU,Chipolo LOOP – Rechargeable tracking tag compatible with Apple Find My on iPhone or Find Hub  (Mint),100,16,NEIN
850070419291,Chipolo,Chipolo LOOP – Rechargeable tracking tag compatible with Apple Find My on iPhone  (Charcoal),Chipolo LOOP NEU,Chipolo LOOP – Rechargeable tracking tag compatible with Apple Find My on iPhone  (Charcoal),92,16,NEIN
850070419307,Chipolo,Chipolo LOOP 4 Pack – Rechargeable tracking tag compatible with Apple Find My on iPhone  (Charcoal),Chipolo LOOP 4 NEU,Chipolo LOOP 4 Pack – Rechargeable tracking tag compatible with Apple Find My on iPhone  (Charcoal),99,18,NEIN
850070419314,Chipolo,"Chipolo LOOP 4 Pack – Rechargeable tracking tag (Charcoal, Chalk, Navy, Coral)",Chipolo LOOP 4 NEU,"Chipolo LOOP 4 Pack – Rechargeable tracking tag (Charcoal, Chalk, Navy, Coral)",78,18,NEIN
850070419321,Chipolo,Chipolo CARD – Rechargeable tracking card compatible with Apple Find My on iPhone (Charcoal),Chipolo CARD NEU,Chipolo CARD – Rechargeable tracking card compatible with Apple Find My on iPhone (Charcoal),92,16,NEIN
850070419338,Chipolo,Chipolo LOOP & CARD Bundle – Rechargeable trackers compatible with Apple Find My on iPhone,Chipolo LOOP NEU,Chipolo LOOP & CARD Bundle – Rechargeable trackers compatible with Apple Find My on iPhone,90,16,NEIN
8885022190166,Anthbot,ANTHBOT Battery 5000mAh,Anthbot Battery 5000mAh NEU,ANTHBOT Battery 5000mAh,23,27,NEIN
0730143312042,Advanced Micro Devices,AMD Ryzen 5 5600X BOX | 100-100000065BOX,Advanced Micro Devices AMD Prozessor CPU NEU,Advanced Micro Devices AMD Prozessor CPU NEU,40,44,JA
730143314428,Advanced Micro Devices,AMD Ryzen 7 7700X BOX | 100-100000591WOF,Advanced Micro Devices AMD Prozessor CPU NEU,Advanced Micro Devices AMD Prozessor CPU NEU,40,44,JA
5032037258715,Intel,"Intel Cpu Core i7-13700KF, box",Intel Prozessor CPU NEU,"Intel Cpu Core i7-13700KF, box",30,23,NEIN
5059902133663,Intel,"Intel Cpu Core 7-14700, tray | CM8071504820817",Intel CM8071504820817 Prozessor CPU NEU,Intel CM8071504820817 Prozessor CPU NEU,46,39,JA
5032037279130,Intel,"Intel Cpu Core i5-14400, box | BX8071514400",Intel BX8071514400 Prozessor CPU NEU,Intel BX8071514400 Prozessor CPU NEU,43,36,JA
5032037281980,Intel,"Intel Cpu Ultra 7 265KF, box | BX80768265KF",Intel BX80768265KF Prozessor CPU NEU,Intel BX80768265KF Prozessor CPU NEU,43,36,JA
5032037282390,Intel,"Intel Cpu Ultra 9 285, box | BX80768285",Intel BX80768285 Prozessor CPU NEU,Intel BX80768285 Prozessor CPU NEU,39,34,JA
6972822120706,Enabot,Enabot ROLA PetPal Leckerlie Modul,Enabot ROLA NEU,Enabot ROLA PetPal Leckerlie Modul,34,15,NEIN
6975849060284,HOOKII,HOOKII Neomow X Series up to 1500m²,HOOKII NEU,HOOKII Neomow X Series up to 1500m²,35,10,NEIN
6975849060277,HOOKII,HOOKII Neomow X Series up to 3000m²,HOOKII NEU,HOOKII Neomow X Series up to 3000m²,35,10,NEIN
6975849060116,HOOKII,HOOKII Neomow X Series up to 4000m²,HOOKII NEU,HOOKII Neomow X Series up to 4000m²,35,10,NEIN
6975849060123,HOOKII,HOOKII Neomow X Series up to 6000m²,HOOKII NEU,HOOKII Neomow X Series up to 6000m²,35,10,NEIN
6975849061229,HOOKII,HOOKII Neomow Canopy Garage,HOOKII Neomow Canopy Garage NEU,HOOKII Neomow Canopy Garage NEU,27,31,JA
0763649150474,Seagate,Seagate ST10000VE001 SkyHawk AI / 10TB,Seagate ST10000VE001 10TB NEU,Seagate ST10000VE001 S 10TB NEU,38,29,NEIN
8719706022859,Seagate,Seagate IronWolf ST10000VN000 / 10TB,Seagate ST10000VN000 10TB NEU,Seagate IronWolf ST10000VN000 / 10TB,36,29,NEIN
8719706022095,Seagate,"Seagate Exos 7E10 / ST6000NM019B / 6TB / 3,5""",Seagate E10 6TB NEU,"Seagate Exos 7E10 / ST6000NM019B / 6TB / 3,5""",45,19,NEIN
4260557511664,Toshiba,"Toshiba MG09ACA18TE / 18TB / 3.5""",Toshiba MG09ACA18TE 18TB NEU,"Toshiba MG09ACA18TE / 18TB / 3.5""",33,28,NEIN
4260557512487,Toshiba,"Toshiba MG10ACA20TE / 20TB / 3.5""",Toshiba MG10ACA20TE 20TB NEU,"Toshiba MG10ACA20TE / 20TB / 3.5""",33,28,NEIN
4260557512777,Toshiba,"Toshiba N300 High-Rel. 3,5"" Hard Drive 10TB",Toshiba N300 10TB NEU,"Toshiba N300 High-Rel. 3,5"" Hard Drive 10TB",43,21,NEIN
4260557512920,Toshiba,"Toshiba N300 High-Rel. 3,5"" Hard Drive 12TB Gold",Toshiba N300 12TB NEU,"Toshiba N300 High-Rel. 3,5"" Hard Drive 12TB Gold",48,21,NEIN
4260557512968,Toshiba,"Toshiba N300 High-Rel. 3,5"" Hard Drive 4TB Gold",Toshiba N300 4TB NEU,"Toshiba N300 High-Rel. 3,5"" Hard Drive 4TB Gold",47,20,NEIN
4260557512951,Toshiba,"Toshiba N300 High-Rel. 3,5"" Hard Drive 6TB Gold",Toshiba N300 6TB NEU,"Toshiba N300 High-Rel. 3,5"" Hard Drive 6TB Gold",47,20,NEIN
4260557512739,Toshiba,"Toshiba S300 Pro Surveillance 3,5"" 8TB Green",Toshiba S300 8TB NEU,"Toshiba S300 Pro Surveillance 3,5"" 8TB Green",44,20,NEIN
4260557513484,Toshiba,"Toshiba MG11ACA20TE-V / 20 TB/ 7200 RPM / 3.5""",Toshiba MG11ACA20TE-V 20TB NEU,Toshiba MG11ACA20TE-V 20TB NEU,46,30,JA
4260557513491,Toshiba,"Toshiba MG11ACA24TE-V / 24 TB/ 7200 RPM / 3.5""",Toshiba MG11ACA24TE-V 24TB NEU,Toshiba MG11ACA24TE-V 24TB NEU,46,30,JA
4260557513613,Toshiba,"Toshiba MG11ACA22TE /22 TB / 7200 RPM / 3.5""",Toshiba MG11ACA22TE 22TB NEU,"Toshiba MG11ACA22TE /22 TB / 7200 RPM / 3.5""",44,28,NEIN
4260557513606,Toshiba,"Toshiba MG11 Series MG11ACA20TE / Festplatte / 20 TB / intern / 3.5""",Toshiba MG11 Festplatte HDD 20TB NEU,Toshiba MG11 Festplatte HDD 20TB NEU,68,36,JA
718037896748,Western Digital,Western Digital WD8002PURP / 8TB purple pro,Western Digital WD8002PURP 8TB NEU,Western Digital WD8002PURP 8TB NEU,43,34,JA
718037905761,Western Digital,Western Digital WD40EZZX / 4TB,Western Digital WD40EZZX 4TB NEU,Western Digital WD40EZZX 4TB NEU,30,32,JA
0718037905464,Western Digital,Western Digital WD241KFGX / 24 TB/ Red Pro,Western Digital WD241KFGX 24TB NEU,Western Digital WD241KFGX 24TB NEU,42,34,JA
4260557511220,Toshiba,Toshiba Canvio Advance 4TB black,Toshiba 4TB NEU,Toshiba Canvio Advance 4TB black,32,15,NEIN
4260557512340,Toshiba,"Toshiba Can. Basics 1TB black 2,5"" USB3.2",Toshiba USB3 1TB USB 3.2 NEU,"Toshiba Can. Basics 1TB black 2,5"" USB3.2",41,28,NEIN
0718037869438,Western Digital,Western Digital My Passport 4TB Black,Western Digital 4TB NEU,Western Digital My Passport 4TB Black,37,23,NEIN
0718037868448,Western Digital,Western Digital My Passport 5TB Black,Western Digital 5TB NEU,Western Digital My Passport 5TB Black,37,23,NEIN
4210201434832,Braun,Braun Oral-B iO Ultimative Reinigung Aufsteckbürsten schwarz (8 Stk.),Braun NEU,Braun Oral-B iO Ultimative Reinigung Aufsteckbürsten schwarz (8 Stk.),69,9,NEIN
3030050165371,BaByliss,BaByliss Super-X Metal Professioneller Haarschneider,BaByliss NEU,BaByliss Super-X Metal Professioneller Haarschneider,52,12,NEIN
3030050165388,BaByliss,BaByliss Super-X 15-in-1-Multi-Trimmer,BaByliss NEU,BaByliss Super-X 15-in-1-Multi-Trimmer,38,12,NEIN
3030050192995,BaByliss,Babyliss Black Onyx Glätteisen,BaByliss NEU,Babyliss Black Onyx Glätteisen,30,12,NEIN
3030050193022,BaByliss,Babyliss Inspired Glätteisen,BaByliss Inspired Glätteisen NEU,BaByliss Inspired Glätteisen NEU,28,32,JA
3030050190915,BaByliss,Babyliss Air Volume,BaByliss Air Volume NEU,Babyliss Air Volume,19,23,NEIN
3030050153200,BaByliss,"BaByliss E756E Power Haarschneider - Schwarz, 0,5 mm, 2,5 cm",BaByliss E756E NEU,"BaByliss E756E Power Haarschneider - Schwarz, 0,5 mm, 2,5 cm",60,18,NEIN
3030050188042,BaByliss,BaByliss D374DE Cordkeeper 2000 Haartrockner,BaByliss D374DE NEU,BaByliss D374DE Cordkeeper 2000 Haartrockner,44,19,NEIN
6970229251702,Beurer,Beurer TL 30 - Dekorationsleuchte - LED,Beurer TL 30 NEU,Beurer TL 30 - Dekorationsleuchte - LED,39,16,NEIN
4211125601423,Beurer,Beurer Inhalator IH 57 weiss/grau,Beurer IH 57 NEU,Beurer Inhalator IH 57 weiss/grau,33,16,NEIN
4211125103507,Beurer,Beurer BM 48 - Oberarm Blutdruckmessgerät,Beurer BM 48 NEU,Beurer BM 48 - Oberarm Blutdruckmessgerät,41,16,NEIN
4895251643016,Ecoflow,ECOFLOW WAVE Series Stabilizing Strap Kit,Ecoflow WAVE NEU,ECOFLOW WAVE Series Stabilizing Strap Kit,41,16,NEIN
5060829514640,ghd,Ghd Sleek Talker - Haaröl,ghd NEU,Ghd Sleek Talker - Haaröl,25,7,NEIN
5060356734269,ghd,Ghd Perfect Ending - Final Fix Haarspray,ghd NEU,Ghd Perfect Ending - Final Fix Haarspray,40,7,NEIN
5060356734306,ghd,Ghd Shiny Ever After - Hitzeschutz Spray,ghd NEU,Ghd Shiny Ever After - Hitzeschutz Spray,40,7,NEIN
5060356734290,ghd,Ghd Dramatic Ending - Haarserum,ghd NEU,Ghd Dramatic Ending - Haarserum,31,7,NEIN
5060356734283,ghd,Ghd Body Goals Total Volume - Schaumfestiger,ghd NEU,Ghd Body Goals Total Volume - Schaumfestiger,44,7,NEIN
5056668006842,ghd,Ghd Duet Style Geschenkset,ghd NEU,Ghd Duet Style Geschenkset,26,7,NEIN
5056668002868,ghd,Ghd Chronos Curve Grand Tong - Lockenstab,ghd NEU,Ghd Chronos Curve Grand Tong - Lockenstab,41,7,NEIN
5060777129668,ghd,Ghd Glätteisen x Pamela Reif Chronos,ghd NEU,Ghd Glätteisen x Pamela Reif Chronos,36,7,NEIN
4260510498452,ohne Angabe,HAND Desinfektionsgel MOVE Med+ 100ml,ohne Angabe HAND NEU,HAND Desinfektionsgel MOVE Med+ 100ml,37,20,NEIN
0088381891424,Makita,Makita DHK180Z - Schlackenhammer - schnurlos,Makita DHK180Z NEU,Makita DHK180Z - Schlackenhammer - schnurlos,44,18,NEIN
0088381603294,Makita,Makita Schwingschleifmaschine - 190 W,Makita 190W NEU,Makita Schwingschleifmaschine - 190 W,37,15,NEIN
0088381661768,Makita,Makita Bohrhammer - schnurlos - 3 Modi,Makita NEU,Makita Bohrhammer - schnurlos - 3 Modi,38,10,NEIN
0088381464123,Makita,Makita LXT BL1860B - Batterie - Li-Ion - 6 Ah,Makita LXT BL1860B NEU,Makita LXT BL1860B - Batterie - Li-Ion - 6 Ah,45,22,NEIN
0088381443395,Makita,Makita P-81050 - Schraubenziehersatz - 99 Stücke,Makita P-81050 NEU,Makita P-81050 - Schraubenziehersatz - 99 Stücke,48,18,NEIN
0197050364623,Makita,Makita E-25096 - Bit-Set mit Ratschengriff - 44-teilig,Makita E-25096 NEU,Makita E-25096 - Bit-Set mit Ratschengriff - 44-teilig,54,18,NEIN
0088381775601,Makita,Makita DHP489Z - Elektrischer Schraubendreher - Pistolengriff - 1800 RPM,Makita DHP489Z NEU,Makita DHP489Z - Elektrischer Schraubendreher - Pistolengriff - 1800 RPM,72,18,NEIN
0088381430128,Makita,Makita Makpac 2 - Tasche für Elektrowerkzeuge,Makita NEU,Makita Makpac 2 - Tasche für Elektrowerkzeuge,45,10,NEIN
0197050011855,Makita,Makita DJV186Z - Akku-Pendelhubstichsäge - 18V,Makita DJV186Z NEU,Makita DJV186Z - Akku-Pendelhubstichsäge - 18V,46,18,NEIN
0088381736558,Makita,Makita DDF487Z - Bohrer/Schrauber - schnurlos,Makita DDF487Z NEU,Makita DDF487Z - Bohrer/Schrauber - schnurlos,45,18,NEIN
0088381748902,Makita,Makita DMP181Z - Akku-Kompressor LXT,Makita DMP181Z NEU,Makita DMP181Z - Akku-Kompressor LXT,36,18,NEIN
0088381723831,Makita,Makita DTW700Z - Schlagschrauber - schnurlos - 18 V,Makita DTW700Z NEU,Makita DTW700Z - Schlagschrauber - schnurlos - 18 V,51,18,NEIN
4006508217847,Melitta,Melitta TS Smart - Silber,Melitta TS NEU,Melitta TS Smart - Silber,25,14,NEIN
4006508217830,Melitta,Melitta TS Smart - Schwarz,Melitta TS NEU,Melitta TS Smart - Schwarz,26,14,NEIN
4006508228034,Melitta,Melitta CI Touch - Silber,Melitta CI NEU,Melitta CI Touch - Silber,25,14,NEIN
4006508223923,Melitta,Melitta Latticia OT - Schwarz,Melitta NEU,Melitta Latticia OT - Schwarz,29,11,NEIN
4006508230136,Melitta,Melitta AromaFresh Glas Pro X - Grau,Melitta NEU,Melitta AromaFresh Glas Pro X - Grau,36,11,NEIN
4006508225507,Melitta,Melitta AromaFresh Glas Pro X - Schwarz/Silber,Melitta NEU,Melitta AromaFresh Glas Pro X - Schwarz/Silber,46,11,NEIN
1230000232463,OutIn,OutIn Mino - Space Grey - Portable Electric Espresso Machine,OutIn NEU,OutIn Mino - Space Grey - Portable Electric Espresso Machine,60,9,NEIN
4892210113375,Ryobi,Ryobi RAK30MIX - Schraubendreher- und Bohrer-Bitsatz,Ryobi RAK30MIX NEU,Ryobi RAK30MIX - Schraubendreher- und Bohrer-Bitsatz,52,18,NEIN
4262363856472,Terra Home,"Terra Home Magnetischer Topfuntersetzer Eiche, 2er Set",Terra Home NEU,"Terra Home Magnetischer Topfuntersetzer Eiche, 2er Set",54,14,NEIN
4000530725172,WMF,"WMF Perfect Plus One Pot Schnellkochtopf-Set 4,5L+3L",WMF NEU,"WMF Perfect Plus One Pot Schnellkochtopf-Set 4,5L+3L",52,7,NEIN
5702017816135,Lego,LEGO Speed Champions Visa Cash App RB VCARB 01 F1 Rennauto 77246,Lego RB VCARB NEU,LEGO Speed Champions Visa Cash App RB VCARB 01 F1 Rennauto 77246,64,17,NEIN
6935364070199,TP-LINK,TP-LINK TL-WA850RE 300Mbps Universal,TP-LINK TL-WA850RE NEU,TP-LINK TL-WA850RE 300Mbps Universal,36,22,NEIN
8885021370200,TP-LINK,TP-LINK Festa F54 - Access Point,TP-LINK F54 WLAN Access Point NEU,TP-LINK F54 WLAN Access Point NEU,32,33,JA
4779051841370,Teltonika Networks,Teltonika TSW212 - Switch,Teltonika Networks TSW212 Netzwerk Switch NEU,Teltonika Networks TSW212 Netzwerk Switch NEU,25,45,JA
4779051840915,Teltonika Networks,Teltonika PR5MEC00 - DIN-Schienenmontagekit,Teltonika Networks PR5MEC00 NEU,Teltonika Networks PR5MEC00 NEU,43,31,JA
0810084698754,UBIQUITI,Ubiquiti UniFi U7 In-Wall - Accesspoint - Wi-Fi 7,UBIQUITI U7 WLAN Access Point Wi-Fi 7 NEU,UBIQUITI U7 WLAN Access Point Wi-Fi 7 NEU,49,41,JA
1210000618177,NOCO,NOCO GB50 | Boost 12V 1500A Jump Starter | Boost Jump Starters,NOCO GB50 NEU,NOCO GB50 | Boost 12V 1500A Jump Starter | Boost Jump Starters,62,13,NEIN
1210000615053,NOCO,NOCO GB70 | Boost 12V 2000A Jump Starter | Boost Jump Starters,NOCO GB70 NEU,NOCO GB70 | Boost 12V 2000A Jump Starter | Boost Jump Starters,62,13,NEIN
1210000619242,NOCO,NOCO GENIUS1EU | 1A Battery Charger | Genius Battery Chargers,NOCO GENIUS1EU NEU,NOCO GENIUS1EU | 1A Battery Charger | Genius Battery Chargers,61,18,NEIN
1210000619273,NOCO,NOCO GENIUS10EU | 10A Battery Charger | Genius Battery Chargers,NOCO GENIUS10EU NEU,NOCO GENIUS10EU | 10A Battery Charger | Genius Battery Chargers,63,19,NEIN
6975069300764,Petkit,Petkit Trinkbrunnen Eversweet Solo SE - Grau,Petkit NEU,Petkit Trinkbrunnen Eversweet Solo SE - Grau,44,10,NEIN
6975069302393,Petkit,Petkit Trinkbrunnen Reinigungsset,Petkit NEU,Petkit Trinkbrunnen Reinigungsset,33,10,NEIN
6931580101280,Petkit,Petkit Futterautomat Feuchtigkeitsbeutel (Desiccant) 5 Stk,Petkit NEU,Petkit Futterautomat Feuchtigkeitsbeutel (Desiccant) 5 Stk,58,10,NEIN
6973293808629,Petkit,Petkit Breezy2 Haustier Transporttasche Grün,Petkit NEU,Petkit Breezy2 Haustier Transporttasche Grün,44,10,NEIN
6973293802337,Petkit,Petkit Breezy xZone Haustier Transporttasche Grau,Petkit NEU,Petkit Breezy xZone Haustier Transporttasche Grau,49,10,NEIN
6975069301389,Petkit,Petkit AirSalon Max,Petkit AirSalon NEU,Petkit AirSalon Max,19,19,NEIN
6975069303017,Petkit,Petkit LED Krallenschere Pro,Petkit LED NEU,Petkit LED Krallenschere Pro,28,14,NEIN
6973293807905,Petkit,Petkit Tierfell Bürste *neue Edition*,Petkit NEU,Petkit Tierfell Bürste *neue Edition*,37,10,NEIN
6931580101303,Petkit,Petkit 4 in 1 Kratzspielzeug,Petkit NEU,Petkit 4 in 1 Kratzspielzeug,28,10,NEIN
6975069303918,Petkit,Petkit Katzenstreu Occult Bluttest | 4 Beutel,Petkit NEU,Petkit Katzenstreu Occult Bluttest | 4 Beutel,45,10,NEIN
6975069303352,Petkit,Petkit Katzenklo Pura Max Abtrennung weiß,Petkit NEU,Petkit Katzenklo Pura Max Abtrennung weiß,41,10,NEIN
6975069304281,Petkit,Petkit Katzenklo Müllbeutel für Pura Max 2/ Purobot Max Pro,Petkit NEU,Petkit Katzenklo Müllbeutel für Pura Max 2/ Purobot Max Pro,59,10,NEIN
6975069304830,Petkit,Petkit Katzenklo Pura Max 2 & Purobot Max Pro Unterlage,Petkit NEU,Petkit Katzenklo Pura Max 2 & Purobot Max Pro Unterlage,55,10,NEIN
6975069303413,Petkit,Petkit Katzenstreu Entferner Magnetisch 2 Stk,Petkit NEU,Petkit Katzenstreu Entferner Magnetisch 2 Stk,45,10,NEIN
6975069303536,Petkit,Petkit Katzenstreu Entferner Set Tofu,Petkit NEU,Petkit Katzenstreu Entferner Set Tofu,37,10,NEIN
6975069303475,Petkit,Petkit Katzenstreu Entferner Set Mineralsand,Petkit NEU,Petkit Katzenstreu Entferner Set Mineralsand,44,10,NEIN
6973293809244,Petkit,Petkit Schaumstofffilter für Wireless Pumpe | 15pcs,Petkit kabellos NEU,Petkit Schaumstofffilter für Wireless Pumpe | 15pcs,51,19,NEIN
6973293809077,Petkit,Petkit Wireless Pump Replacement,Petkit kabellos NEU,Petkit Wireless Pump Replacement,32,19,NEIN
6975069306063,Petkit,Petkit Natural Cat Litter - 4bags,Petkit NEU,Petkit Natural Cat Litter - 4bags,33,10,NEIN
6975069306551,Petkit,Petkit Crystal Litter  - 4bags Exclusive für PUROBOT CRYSTAL DUO,Petkit PUROBOT CRYSTAL NEU,Petkit Crystal Litter  - 4bags Exclusive für PUROBOT CRYSTAL DUO,64,26,NEIN
6973293806052,Petkit,Petkit Pura Air Smart Spray,Petkit Pura Air Smart Spray NEU,Petkit Pura Air Smart Spray NEU,27,31,JA
6975069304779,Petkit,Petkit Standard Litter  Sifter P99031 For PUROBOT ULTRA,Petkit P99031 NEU,Petkit Standard Litter  Sifter P99031 For PUROBOT ULTRA,55,17,NEIN
6975069303680,Petkit,Petkit Ständer für Futterautomat,Petkit NEU,Petkit Ständer für Futterautomat,32,10,NEIN
6975069307596,Petkit,Petkit Futterautomat YumShare Dual-Hopper mit Kamera,Petkit NEU,Petkit Futterautomat YumShare Dual-Hopper mit Kamera,52,10,NEIN
6975069306407,Petkit,Petkit PURA MAX FENCE 2.0 for Purobot Max Pro 2,Petkit PURA MAX NEU,Petkit PURA MAX FENCE 2.0 for Purobot Max Pro 2,47,19,NEIN
4008789701916,Playmobil,Playmobil 70191 City Life - Krankenhaus mit Einrichtung,Playmobil NEU,Playmobil 70191 City Life - Krankenhaus mit Einrichtung,55,13,NEIN
0194644126353,Anker,Anker EverFrost Powered Cooler 33L + Cooler Battery SET,Anker SET NEU,Anker EverFrost Powered Cooler 33L + Cooler Battery SET,55,13,NEIN
0194644126346,Anker,Anker EverFrost Powered Cooler 43L + Cooler Battery SET,Anker SET NEU,Anker EverFrost Powered Cooler 43L + Cooler Battery SET,55,13,NEIN
0194644126339,Anker,Anker EverFrost Powered Cooler 53L + Cooler Battery SET,Anker SET NEU,Anker EverFrost Powered Cooler 53L + Cooler Battery SET,55,13,NEIN
194644182649,Anker,Anker EverFrost Powered Cooler Battery,Anker NEU,Anker EverFrost Powered Cooler Battery,38,9,NEIN
4895251605984,Ecoflow,ECOFLOW Glacier Protection Bag,Ecoflow NEU,ECOFLOW Glacier Protection Bag,30,11,NEIN
4897082668718,Ecoflow,ECOFLOW Battery 2kWh,Ecoflow Battery 2kWh NEU,ECOFLOW Battery 2kWh,20,24,NEIN
4897082668831,Ecoflow,ECOFLOW Battery 5kWh,Ecoflow Battery 5kWh NEU,ECOFLOW Battery 5kWh,20,24,NEIN
4897082666516,Ecoflow,ECOFLOW Double handle Connection Cable,Ecoflow NEU,ECOFLOW Double handle Connection Cable,38,11,NEIN
4895251604314,Ecoflow,ECOFLOW River 2 Bag,Ecoflow River 2 Bag NEU,ECOFLOW River 2 Bag,19,23,NEIN
4897082665779,Ecoflow,ECOFLOW Delta Max US Extra Battery Bag,Ecoflow US NEU,ECOFLOW Delta Max US Extra Battery Bag,38,14,NEIN
4897082665571,Ecoflow,ECOFLOW Delta Pro EU EV X-Stream Adapter,Ecoflow EU EV Adapter NEU,ECOFLOW Delta Pro EU EV X-Stream Adapter,40,25,NEIN
4897082669357,Ecoflow,ECOFLOW Battery 2kWh Mounting Strap,Ecoflow NEU,ECOFLOW Battery 2kWh Mounting Strap,35,11,NEIN
4897082668749,Ecoflow,ECOFLOW Battery 5kWh Mounting Strap,Ecoflow NEU,ECOFLOW Battery 5kWh Mounting Strap,35,11,NEIN
4895251622905,Ecoflow,ECOFLOW Charger 65W,Ecoflow Charger 65W NEU,ECOFLOW Charger 65W,19,23,NEIN
4895251609142,Ecoflow,ECOFLOW Delta Pro 3 EV-stream adapter,Ecoflow Adapter NEU,ECOFLOW Delta Pro 3 EV-stream adapter,37,19,NEIN
04897082668718,Ecoflow,ECOFLOW Battery 2kWh,Ecoflow Battery 2kWh NEU,ECOFLOW Battery 2kWh,20,24,NEIN
4895251646673,Ecoflow,ECOFLOW RAPID Pro X - Powerbank,Ecoflow RAPID Powerbank NEU,ECOFLOW RAPID Pro X - Powerbank,31,27,NEIN
4895251651165,Ecoflow,ECOFLOW RAPID Pro X Apple Watch charger magnetic block,Ecoflow RAPID NEU,ECOFLOW RAPID Pro X Apple Watch charger magnetic block,54,17,NEIN
4895251646376,Ecoflow,ECOFLOW RAPID Pro 320W station - Powerbank,Ecoflow RAPID Powerbank 320W NEU,Ecoflow RAPID Powerbank 320W NEU,42,32,JA
4895251641500,Ecoflow,ECOFLOW 140W Charger (No cable),Ecoflow 140W NEU,ECOFLOW 140W Charger (No cable),31,16,NEIN
4895251641449,Ecoflow,ECOFLOW 100W Charger (No cable),Ecoflow 100W NEU,ECOFLOW 100W Charger (No cable),31,16,NEIN
4895251645447,Ecoflow,ECOFLOW 240W C-C Cable,Ecoflow 240W NEU,ECOFLOW 240W C-C Cable,22,16,NEIN
4895251636209,Ecoflow,ECOFLOW Alternator Charger Mounting Bracket,Ecoflow NEU,ECOFLOW Alternator Charger Mounting Bracket,43,11,NEIN
4895251629638,Ecoflow,ECOFLOW DELTA 3 Bag,Ecoflow DELTA 3 NEU,ECOFLOW DELTA 3 Bag,19,19,NEIN
4895251609036,Ecoflow,EcoFlow Trolley (DELTA Pro Ultra),Ecoflow DELTA NEU,EcoFlow Trolley (DELTA Pro Ultra),33,17,NEIN
4895251648424,Ecoflow,ECOFLOW TRAIL Plus 300 DC - Portable Powerstation,Ecoflow TRAIL NEU,ECOFLOW TRAIL Plus 300 DC - Portable Powerstation,49,17,NEIN
4895251665056,Ecoflow,ECOFLOW TRAIL Portable Powerstation Waterproof Carrying Case,Ecoflow TRAIL NEU,ECOFLOW TRAIL Portable Powerstation Waterproof Carrying Case,60,17,NEIN
0610371446279,everHome,everHome EcoTracker IR - Energiemessgerät,everHome NEU,everHome EcoTracker IR - Energiemessgerät,41,12,NEIN
4895251606547,Ecoflow,ECOFLOW Micro Inverter to Power Station Connection Cable - Car Charge Connector,Ecoflow NEU,ECOFLOW Micro Inverter to Power Station Connection Cable - Car Charge Connector,79,11,NEIN
4895251607698,Ecoflow,ECOFLOW AC Cable - 3m - Charging cable,Ecoflow AC 3m NEU,ECOFLOW AC Cable - 3m - Charging cable,38,17,NEIN
4897082661832,Ecoflow,ECOFLOW Solar Extension Cable (3m),Ecoflow 3m NEU,ECOFLOW Solar Extension Cable (3m),34,14,NEIN
4897082668404,Ecoflow,ECOFLOW Solar Angle Guide,Ecoflow Solar Angle Guide NEU,ECOFLOW Solar Angle Guide,25,29,NEIN
4895251602709,Ecoflow,ECOFLOW 2 x 100W Rigid Solar Panel Combo,Ecoflow 100W NEU,ECOFLOW 2 x 100W Rigid Solar Panel Combo,40,16,NEIN
4895251603775,Ecoflow,ECOFLOW 30*400W Rigid Solar Panel Combo,Ecoflow 400W NEU,ECOFLOW 30*400W Rigid Solar Panel Combo,39,16,NEIN
4895251608442,Ecoflow,ECOFLOW Adjustable Ground & Suspended Solar Bracket,Ecoflow NEU,ECOFLOW Adjustable Ground & Suspended Solar Bracket,51,11,NEIN
4895251606073,Ecoflow,ECOFLOW Wave2 Nylon Cable and support Frame,Ecoflow NEU,ECOFLOW Wave2 Nylon Cable and support Frame,43,11,NEIN
4895251628679,Ecoflow,ECOFLOW 45W - Solar Panel,Ecoflow 45W NEU,ECOFLOW 45W - Solar Panel,25,15,NEIN
4895251628808,Ecoflow,ECOFLOW Solar Hat M-L,Ecoflow Solar Hat M-L NEU,ECOFLOW Solar Hat M-L,21,25,NEIN
4895251628815,Ecoflow,ECOFLOW Solar Hat L-XL,Ecoflow Solar Hat L-XL NEU,ECOFLOW Solar Hat L-XL,22,26,NEIN
4895251629720,Ecoflow,ECOFLOW 60W Solar Panel (Type-C),Ecoflow 60W NEU,ECOFLOW 60W Solar Panel (Type-C),32,15,NEIN
4895251642002,Ecoflow,ECOFLOW 4 x250W Rigid Solar Panel,Ecoflow NEU,ECOFLOW 4 x250W Rigid Solar Panel,33,11,NEIN
4895251640473,Ecoflow,ECOFLOW STREAM Solar Panel Extension Cable 2.95m,Ecoflow STREAM 2.95m NEU,ECOFLOW STREAM Solar Panel Extension Cable 2.95m,48,24,NEIN
4895251644631,Ecoflow,ECOFLOW STREAM AC Cable 1.5m,Ecoflow STREAM AC 1.5m NEU,ECOFLOW STREAM AC Cable 1.5m,28,26,NEIN
4895251644693,Ecoflow,ECOFLOW STREAM AC Cable 15m,Ecoflow STREAM AC 15m NEU,ECOFLOW STREAM AC Cable 15m,27,25,NEIN
4895251642804,Ecoflow,ECOFLOW Bracket - Semi-enclosed Balcony,Ecoflow NEU,ECOFLOW Bracket - Semi-enclosed Balcony,39,11,NEIN
4895251642798,Ecoflow,ECOFLOW Bracket - Lattice Balcony,Ecoflow NEU,ECOFLOW Bracket - Lattice Balcony,33,11,NEIN
4895251642842,Ecoflow,ECOFLOW Bracket Adjustable - Facade,Ecoflow NEU,ECOFLOW Bracket Adjustable - Facade,35,11,NEIN
4895251642835,Ecoflow,ECOFLOW Bracket - Facade,Ecoflow Bracket - Facade NEU,ECOFLOW Bracket - Facade,24,28,NEIN
4895251642781,Ecoflow,ECOFLOW Bracket - Pitched Roof,Ecoflow NEU,ECOFLOW Bracket - Pitched Roof,30,11,NEIN
4895251642859,Ecoflow,ECOFLOW Bracket Lightweight - Facade,Ecoflow NEU,ECOFLOW Bracket Lightweight - Facade,36,11,NEIN
4895251642828,Ecoflow,ECOFLOW Bracket - Lightweight,Ecoflow NEU,ECOFLOW Bracket - Lightweight,29,11,NEIN
4895251644723,Ecoflow,ECOFLOW Smart Plug 2,Ecoflow Smart Plug 2 Smarte Steckdose NEU,Ecoflow Smart Plug 2 Smarte Steckdose NEU,20,41,JA
4895251644747,Ecoflow,ECOFLOW x Shelly Smart Meter,Ecoflow NEU,ECOFLOW x Shelly Smart Meter,28,11,NEIN
4895251640404,Ecoflow,ECOFLOW STREAM Micro Inverter (incl. Cable),Ecoflow STREAM NEU,ECOFLOW STREAM Micro Inverter (incl. Cable),43,18,NEIN
4895251613354,Ecoflow,EcoFlow Fixing Metal Tab (Deltra Pro Ultra),Ecoflow NEU,EcoFlow Fixing Metal Tab (Deltra Pro Ultra),43,11,NEIN
4895251649872,Ecoflow,ECOFLOW 400W - Portable Solar Panel,Ecoflow 400W NEU,ECOFLOW 400W - Portable Solar Panel,35,16,NEIN
4895251636902,Ecoflow,ECOFLOW 2*450W Rigid Solar Panel Combo,Ecoflow 450W NEU,ECOFLOW 2*450W Rigid Solar Panel Combo,38,16,NEIN
4260741339395,SMA,SMA Sunny Tripower Hybrid Inverter 8.0 Smart Energy,SMA NEU,SMA Sunny Tripower Hybrid Inverter 8.0 Smart Energy,51,7,NEIN
4061496516495,Tecget,Tecget 2 String DC-Übespannungsschutz Typ 2,Tecget NEU,Tecget 2 String DC-Übespannungsschutz Typ 2,43,10,NEIN
4043377226815,Mounting,Mounting Systems Stockschraube M10x200 komplett-auf Holz,Mounting M10 NEU,Mounting Systems Stockschraube M10x200 komplett-auf Holz,56,16,NEIN
4056835238978,Mounting,Mounting Systems Befestigung Schiene (Hammerkopfschr. & Mutter),Mounting NEU,Mounting Systems Befestigung Schiene (Hammerkopfschr. & Mutter),63,12,NEIN
6976922480357,Sungrow,Sungrow SBR032-V13 3.2 kWh battery module,Sungrow SBR032-V13 NEU,Sungrow SBR032-V13 3.2 kWh battery module,41,22,NEIN
6976922480371,Sungrow,Sungrow SBR Accessory V114,Sungrow SBR NEU,Sungrow SBR Accessory V114,26,15,NEIN
2010000030448,Jolywood,Jolywood Solarpanel HD108N-R2-500W Transparent Black,Jolywood HD108N-R2-500W 500W NEU,Jolywood HD108N-R2-500W 500W NEU,52,32,JA
0756893004464,Jolywood,Jolywood Solarpanel HD108N-R2-500W Transparent Black / Palette,Jolywood HD108N-R2-500W 500W NEU,Jolywood HD108N-R2-500W 500W NEU,62,32,JA
4262431421731,Luxor,Luxor ECO LINE M108 Glas/Folie 425Wp,Luxor ECO LINE NEU,Luxor ECO LINE M108 Glas/Folie 425Wp,36,18,NEIN
4013614376870,ABB,ABB CT Klemme 200A/5A,ABB CT NEU,ABB CT Klemme 200A/5A,21,10,NEIN
649528937780,Crucial,Crucial Pro DDR4 - 32GB 3200 DIMM KIT 2x16GB (CP2K16G4DFRA32A),Crucial RAM Arbeitsspeicher 32GB DDR4 2x Kit NEU,Crucial RAM Arbeitsspeicher 32GB DDR4 2x Kit NEU,62,48,JA
4719692013453,G.Skill,G.Skill AEGIS - DDR4 - 16 GB - DIMM 288-PIN,G.Skill AEGIS RAM Arbeitsspeicher 16GB DDR4 NEU,G.Skill AEGIS RAM Arbeitsspeicher 16GB DDR4 NEU,43,47,JA
4719692004970,G.Skill,G.Skill Ripjaws V - DDR4 - 16 GB 2x8 GB,G.Skill 16GB DDR4 2x Kit NEU,G.Skill Ripjaws V - DDR4 - 16 GB 2x8 GB,39,28,NEIN
4719692006844,G.Skill,G.Skill Value Series - DDR4 - 4 GB,G.Skill 4GB DDR4 NEU,G.Skill Value Series - DDR4 - 4 GB,34,20,NEIN
4719692006851,G.Skill,G.Skill Value Series - DDR4 - 8 GB 2x4 GB,G.Skill 8GB DDR4 2x Kit NEU,G.Skill Value Series - DDR4 - 8 GB 2x4 GB,41,27,NEIN
4713294224408,G.Skill,G.Skill AEGIS - DDR4 - 16 GB - PC3200,G.Skill AEGIS 16GB DDR4 NEU,G.Skill AEGIS - DDR4 - 16 GB - PC3200,37,27,NEIN
4713294223104,G.Skill,G.Skill DDR4 32GB PC 3600 CL18 KIT (2x16GB) 32GVK Ripjaws,G.Skill 32GB DDR4 2x Kit NEU,G.Skill DDR4 32GB PC 3600 CL18 KIT (2x16GB) 32GVK Ripjaws,57,28,NEIN
4713294226624,G.Skill,G.Skill Ripjaws - DDR4 - 8 GB,G.Skill Ripjaws - DDR4 8 NEU,G.Skill Ripjaws - DDR4 - 8 GB,29,28,NEIN
4719692007506,G.Skill,G.Skill Ripjaws V - DDR4 - 16 GB 3200 CL16,G.Skill 16GB DDR4 NEU,G.Skill Ripjaws V - DDR4 - 16 GB 3200 CL16,42,21,NEIN
843367132768,Lexar,"Lexar DDR4 8GB 288 PIN U-DIMM 3200Mhz, CL22, 1.2V- BLISTER Package",Lexar RAM Arbeitsspeicher 8GB 3200MHz DDR4 NEU,Lexar RAM Arbeitsspeicher 8GB 3200MHz DDR4 NEU,66,46,JA
843367132775,Lexar,"Lexar DDR4 16GB 288 PIN U-DIMM 3200Mhz, CL22, 1.2V- BLISTER Package",Lexar RAM Arbeitsspeicher 16GB 3200MHz DDR4 NEU,Lexar RAM Arbeitsspeicher 16GB 3200MHz DDR4 NEU,67,47,JA
843367132454,Lexar,"Lexar DDR5 16GB 262 PIN So-DIMM 5600Mhz, CL46, 1.1V- BLISTER Package",Lexar RAM Arbeitsspeicher 16GB 5600MHz DDR5 NEU,Lexar RAM Arbeitsspeicher 16GB 5600MHz DDR5 NEU,68,47,JA
843367132782,Lexar,"Lexar DDR5 16GB 288 PIN U-DIMM 5600Mhz, CL46, 1.1V- BLISTER Package",Lexar RAM Arbeitsspeicher 16GB 5600MHz DDR5 NEU,Lexar RAM Arbeitsspeicher 16GB 5600MHz DDR5 NEU,67,47,JA
843367140671,Lexar,"Lexar THOR 2.0 DDR5 6000 CL38 1.3V Memory with heatsink and RGB lighting, Black Color, Dual pack",Lexar THOR 2 DDR5 NEU,"Lexar THOR 2.0 DDR5 6000 CL38 1.3V Memory with heatsink and RGB lighting, Black Color, Dual pack",96,21,NEIN
649528929730,Crucial,Crucial DDR5 - 16GB 5600 DIMM (CT16G56C46U5),Crucial RAM Arbeitsspeicher 16GB DDR5 NEU,Crucial RAM Arbeitsspeicher 16GB DDR5 NEU,44,41,JA
649528929983,Crucial,Crucial DDR5 - 32GB 5600 SO-DIMM KIT 2x16GB (CT2K16G56C46S5),Crucial RAM Arbeitsspeicher 32GB DDR5 2x Kit NEU,Crucial RAM Arbeitsspeicher 32GB DDR5 2x Kit NEU,60,48,JA
4713294232755,G.Skill,G.Skill DDR5 64GB PC 6000 CL30 (2x32GB) 64-GX2-TZ5N AMD EX,G.Skill 64GB DDR5 2x Kit NEU,G.Skill DDR5 64GB PC 6000 CL30 (2x32GB) 64-GX2-TZ5N AMD EX,58,28,NEIN
4713294232762,G.Skill,G.Skill DDR5 64GB PC 6000 CL30 (2x32GB) 64-GX2-TZ5NR AMD E,G.Skill 64GB DDR5 2x Kit NEU,G.Skill DDR5 64GB PC 6000 CL30 (2x32GB) 64-GX2-TZ5NR AMD E,58,28,NEIN
4713294233424,G.Skill,G.Skill DDR5 64GB PC 6000 CL30 (2x32GB) FLARE,G.Skill 64GB DDR5 2x Kit NEU,G.Skill DDR5 64GB PC 6000 CL30 (2x32GB) FLARE,45,28,NEIN
843367133543,Lexar,Lexar Ares DDR5 2x16GB 6800 Heatsink,Lexar DDR5 2x Kit NEU,Lexar Ares DDR5 2x16GB 6800 Heatsink,36,21,NEIN
843367136094,Lexar,Lexar DDR5-6000 DIMM 2x16GB THOR Gaming,Lexar DDR5-6000 RAM Arbeitsspeicher DDR5 2x Kit NEU,Lexar DDR5-6000 RAM Arbeitsspeicher DDR5 2x Kit NEU,39,51,JA
7435110112153,Lenovo,"Lenovo ThinkPad T14 (14"") - Refurbished",Lenovo T14 NEU,"Lenovo ThinkPad T14 (14"") - Refurbished",39,14,NEIN
4250563440355,RETEQ,"RETEQ Lenovo ThinkPad Yoga X13 (14"")",RETEQ X13 NEU,"RETEQ Lenovo ThinkPad Yoga X13 (14"")",36,13,NEIN
4250563451436,RETEQ,RETEQ Lenovo ThinkPad Hybrid USB-C Dock - 40AF0135EU,RETEQ USB-C Docking Station NEU,RETEQ USB-C Docking Station NEU,52,31,JA
4260771512829,tecXL,tecXL Lenovo ThinkCentre M720q MP,tecXL M720 NEU,tecXL Lenovo ThinkCentre M720q MP,33,14,NEIN
4262575242148,tecXL,"tecXL Apple MacBook M1 Pro 2021 (14.2"")",tecXL M1 NEU,"tecXL Apple MacBook M1 Pro 2021 (14.2"")",39,12,NEIN
5713552043412,Upcycle IT,"Upcycle IT HP EliteBook 840 G8 (14"")",Upcycle IT HP NEU,"Upcycle IT HP EliteBook 840 G8 (14"")",36,17,NEIN
0649528929693,Crucial,"HDSSD 2.5"" 500 GB Crucial BX500 Box",Crucial HDSSD 2 Interne SSD 500GB NEU,Crucial HDSSD 2 Interne SSD 500GB NEU,35,37,JA
843367137008,Lexar,SSD M.2 Lexar 1TB PCIe Gen 4X4 NQ780 NVMe,Lexar M.2 NVMe SSD 1TB NEU,SSD M.2 Lexar 1TB PCIe Gen 4X4 NQ780 NVMe,41,26,NEIN
0718037872353,Western Digital,HDSSD M.2 500GB WD Red SA500 NAS SSD,Western Digital HDSSD M.2 NVMe SSD 500GB NEU,Western Digital HDSSD M.2 NVMe SSD 500GB NEU,36,44,JA
0718037872339,Western Digital,HDSSD M.2 2TB WD Red SA500 NAS SSD,Western Digital HDSSD M.2 NVMe SSD 2TB NEU,Western Digital HDSSD M.2 NVMe SSD 2TB NEU,34,42,JA
0619659220860,Western Digital,HDSSD M.2 2TB WD Black™ SN8100 NVMe PCI5.0,Western Digital HDSSD M.2 NVMe SSD 2TB NEU,Western Digital HDSSD M.2 NVMe SSD 2TB NEU,42,42,JA
8595610601256,Connect IT,Connect IT BATTLE headset USB GH1000 w/mic***,Connect IT BATTLE Headset NEU,Connect IT BATTLE headset USB GH1000 w/mic***,45,29,NEIN
8595610601959,Connect IT,Connect IT SNIPER GH3300 USB w/mic black***,Connect IT SNIPER GH3300 Mikrofon NEU,Connect IT SNIPER GH3300 Mikrofon NEU,43,37,JA
8594158528063,Connect IT,Connect IT PC headset black/silver w/mic***,Connect IT Headset NEU,Connect IT PC headset black/silver w/mic***,43,22,NEIN
5706991023374,Jabra,JABRA Ear Cushions for Evolve2 40/65 6pcs Black,Jabra NEU,JABRA Ear Cushions for Evolve2 40/65 6pcs Black,47,9,NEIN
5710957010476,Libratone,Libratone Zipp Cover Mesh Schutzhülle grau,Libratone NEU,Libratone Zipp Cover Mesh Schutzhülle grau,42,13,NEIN
4043972191389,Networx,Networx HDMI Kabel (HDMI auf HDMI) 2m,Networx HDMI Kabel 2m NEU,Networx HDMI Kabel (HDMI auf HDMI) 2m,37,25,NEIN
5711157001578,Needit,Needit PARK Micro (elektrische Parkscheibe) Schwarz/Blau,Needit PARK NEU,Needit PARK Micro (elektrische Parkscheibe) Schwarz/Blau,56,15,NEIN
5711157090107,Needit,Needit PARK Micro Solar (elektrische Parkscheibe) Blau,Needit PARK NEU,Needit PARK Micro Solar (elektrische Parkscheibe) Blau,54,15,NEIN
5711157057100,Needit,Needit ParkOne (elektrische Parkscheibe) Schwarz,Needit NEU,Needit ParkOne (elektrische Parkscheibe) Schwarz,48,10,NEIN
5711157057346,Needit,Needit ParkOne (elektrische Parkscheibe) Blau,Needit NEU,Needit ParkOne (elektrische Parkscheibe) Blau,45,10,NEIN
5711157075104,Needit,Needit Drive One 2 (Blitzerwarner),Needit NEU,Needit Drive One 2 (Blitzerwarner),34,10,NEIN
6976831830168,Neewer,"NEEWER GL1 Pro Keylight 15,5""",Neewer GL1 NEU,"NEEWER GL1 Pro Keylight 15,5""",29,14,NEIN
6976831830205,Neewer,NEEWER PL81 Kamera-Licht für Handy & Laptop,Neewer PL81 NEU,NEEWER PL81 Kamera-Licht für Handy & Laptop,43,15,NEIN
6976831830144,Neewer,NEEWER NK800 RGB Softbox | 2-Pack,Neewer NK800 RGB NEU,NEEWER NK800 RGB Softbox | 2-Pack,33,20,NEIN
8886419334163,Razer,Razer Mouse Razer DeathAdder V3 Pro White,Razer V3 Maus NEU,Razer Mouse Razer DeathAdder V3 Pro White,41,17,NEIN
8886419379362,Razer,Razer Kraken V3 X - Headset - Black,Razer V3 Headset NEU,Razer Kraken V3 X - Headset - Black,35,20,NEIN
8886419333937,Razer,Razer Basilisk V3 Pro - Maus - White,Razer V3 Maus NEU,Razer Basilisk V3 Pro - Maus - White,36,17,NEIN
8887910060421,Razer,Razer BlackShark V2 X - Headset - Quartz,Razer V2 Headset NEU,Razer BlackShark V2 X - Headset - Quartz,40,20,NEIN
8886419345763,Razer,Razer Huntsman Mini - Tastatur - Quecksilber,Razer Tastatur NEU,Razer Huntsman Mini - Tastatur - Quecksilber,44,18,NEIN
8886419346012,Razer,Razer Blackwidow V3 Tenkeyless - Tastatur - Schwarz,Razer V3 Tastatur NEU,Razer Blackwidow V3 Tenkeyless - Tastatur - Schwarz,51,21,NEIN
8887910061114,Razer,Razer Kraken Kitty V3 X - Headset - Schwarz,Razer V3 Headset NEU,Razer Kraken Kitty V3 X - Headset - Schwarz,43,20,NEIN
8887910061138,Razer,Razer Kraken Kitty V3 X - Headset - Weiß,Razer V3 Headset NEU,Razer Kraken Kitty V3 X - Headset - Weiß,40,20,NEIN
8887910082058,Razer,Razer Kishi V3 - Gamepad - Black,Razer V3 Gaming Controller NEU,Razer V3 Gaming Controller NEU,32,30,JA
8887910060889,Razer,Razer Barracuda X Chroma - Headset,Razer Barracuda Chroma Headset NEU,Razer Barracuda Chroma Headset NEU,34,34,JA
4548736132580,Sony,Sony WH-1000XM5 - True Wireless Headset - Black,Sony WH-1000XM5 Headset kabellos NEU,Sony WH-1000XM5 Headset kabellos NEU,47,36,JA
4548736143012,Sony,Sony WH-CH720N - True Wireless Headset - Blue,Sony WH-CH720N Headset kabellos NEU,Sony WH-CH720N Headset kabellos NEU,45,35,JA
4548736134294,Sony,Sony WH-1000XM5L True Wireless Headset | Night Blue,Sony WH-1000XM5L Headset kabellos NEU,Sony WH-1000XM5L Headset kabellos NEU,51,37,JA
4548736132597,Sony,Sony WH-1000XM5S True Wireless Headset | Silver,Sony WH-1000XM5S Headset kabellos NEU,Sony WH-1000XM5S Headset kabellos NEU,47,37,JA
4548736163591,Sony,Sony WH1000XM5P True Wireless Headset | Pink,Sony WH1000XM5P Headset kabellos NEU,Sony WH1000XM5P Headset kabellos NEU,44,36,JA
5707119056502,SteelSeries,SteelSeries Arctis Nova 7P - Headset - ohrumschließend - White,SteelSeries Headset NEU,SteelSeries Arctis Nova 7P - Headset - ohrumschließend - White,62,23,NEIN
5707119041331,SteelSeries,SteelSeries Arctis Nova 7X - Headset - ohrumschließend - Black,SteelSeries Headset NEU,SteelSeries Arctis Nova 7X - Headset - ohrumschließend - Black,62,23,NEIN
4048945034953,Teufel,Teufel T6 Subwoofer MK2 20 60W Schwarz Wireless,Teufel T6 60W kabellos NEU,Teufel T6 Subwoofer MK2 20 60W Schwarz Wireless,47,26,NEIN
619659188542,SanDisk,SanDisk microSDXC Extreme Pro 256GB,SanDisk SDXC Speicherkarte 256GB NEU,SanDisk SDXC Speicherkarte 256GB NEU,35,36,JA
5099206077379,Logitech,Logitech Desktop MK540 Advanced Wireless Black/White,Logitech MK540 kabellos NEU,Logitech Desktop MK540 Advanced Wireless Black/White,52,27,NEIN
5099206133082,Logitech,Logitech Mouse MX Master 4 Graphite,Logitech MX Maus NEU,Logitech Mouse MX Master 4 Graphite,35,20,NEIN
5099206133099,Logitech,Logitech Mouse MX Master 4 Pale Grey,Logitech MX Maus NEU,Logitech Mouse MX Master 4 Pale Grey,36,20,NEIN
5099206133112,Logitech,Logitech Mouse MX Master 4 Space Black,Logitech MX Maus NEU,Logitech Mouse MX Master 4 Space Black,38,20,NEIN
0730143312745,Advanced Micro Devices,AMD Ryzen 9 5950X BOX | 100-100000059WOF,Advanced Micro Devices AMD Prozessor CPU NEU,Advanced Micro Devices AMD Prozessor CPU NEU,40,44,JA
0730143315296,Advanced Micro Devices,AMD Ryzen 9 9900X BOX | 100-100000662WOF,Advanced Micro Devices AMD Prozessor CPU NEU,Advanced Micro Devices AMD Prozessor CPU NEU,40,44,JA
5032037258708,Intel,"Intel Cpu Core i7-13700K, box",Intel Prozessor CPU NEU,"Intel Cpu Core i7-13700K, box",29,23,NEIN
5032037278508,Intel,"Intel Cpu Core i7-14700KF, box | BX8071514700KF",Intel BX8071514700KF Prozessor CPU NEU,Intel BX8071514700KF Prozessor CPU NEU,47,38,JA
0718037896687,Western Digital,Western Digital WD11PURZ / 1 TB,Western Digital WD11PURZ 1TB NEU,Western Digital WD11PURZ 1TB NEU,31,32,JA
0810177163398,UBIQUITI,Ubiquiti  UniFi Protect G6 - Netzwerk-Überwachungskamera,UBIQUITI G6 NEU,Ubiquiti  UniFi Protect G6 - Netzwerk-Überwachungskamera,56,15,NEIN
0810084698792,UBIQUITI,Ubiquiti  UniFi Protect G6 - Netzwerk-Überwachungskamera,UBIQUITI G6 NEU,Ubiquiti  UniFi Protect G6 - Netzwerk-Überwachungskamera,56,15,NEIN
8101771637876,UBIQUITI,Ubiquiti  UniFi G6 Pro Turret - Netzwerk-Überwachungskamera,UBIQUITI G6 NEU,Ubiquiti  UniFi G6 Pro Turret - Netzwerk-Überwachungskamera,59,15,NEIN
5706991014846,Jabra,JABRA Speak 510 UC,Jabra Speak 510 UC NEU,JABRA Speak 510 UC,18,22,NEIN
2503062116279,Zeb,Zebra ZD421d - Etikettendrucker,Zeb ZD421 Etikettendrucker NEU,Zeb ZD421 Etikettendrucker NEU,31,30,JA
8596375242906,Zeb,"Zebra ZD421t - Etikettendrucker - Thermotransfer - Rolle (11,2 cm)",Zeb ZD421 Etikettendrucker NEU,Zeb ZD421 Etikettendrucker NEU,66,30,JA
5704174529460,Zeb,Zebra ZD421t - Etikettendrucker - Thermotransfer,Zeb ZD421 Etikettendrucker NEU,Zeb ZD421 Etikettendrucker NEU,48,30,JA
