ID,Handle,Command,Title,Body HTML,Vendor,Type,Tags,Tags Command,Status,Published,Published Scope,Google Product Category,Variant SKU,Variant Price,Variant Compare At Price,Variant Cost,Variant Inventory Tracker,Variant Inventory Policy,Variant Inventory Qty,Variant Requires Shipping,Variant Taxable,Variant Weight,Variant Weight Unit,Variant Barcode,Image Src,Image Position,Image Alt Text,Metafield: custom.ek_price [number_decimal],Metafield: custom.margin_eur [number_decimal],Metafield: custom.last_sync [date_time]
,antb0005-anthbot-battery-5000mah,MERGE,ANTHBOT Battery 5000mAh,<p>ANTHBOT Battery 5000mAh</p>,Anthbot,GA,"GA, Anthbot, import-ohne-bild",MERGE,draft,FALSE,global,Electronics,ANTB0005,173.99,,121.80,shopify,deny,1,TRUE,TRUE,0.548,kg,8885022190166,,,,121.80,24.41,2026-06-17T21:20:08
,antb0008-anthbot-rtk-wall-mount-kit,MERGE,"ANTHBOT ""RTK Wall Mount Kit""","<p>ANTHBOT ""RTK Wall Mount Kit""</p>",Anthbot,GA,"GA, Anthbot, import-ohne-bild",MERGE,draft,FALSE,global,Electronics,ANTB0008,72.99,,50.75,shopify,deny,1,TRUE,TRUE,1.290,kg,8885022190173,,,,50.75,10.59,2026-06-17T21:20:08
,cpua0067-amd-ryzen-9-5950x-box-100-100000059wof,MERGE,AMD Ryzen 9 5950X BOX | 100-100000059WOF,<p>AMD Ryzen 9 5950X BOX | 100-100000059WOF</p>,Advanced Micro Devices,AMD,"AMD, Advanced Micro Devices, import-ohne-bild",MERGE,draft,FALSE,global,Electronics > Computers > Computer Components > CPUs & Processors,CPUA0067,374.99,,262.51,shopify,deny,155,TRUE,TRUE,0.120,kg,0730143312745,,,,262.51,52.61,2026-06-17T21:20:08
,cpua0098-amd-ryzen-7-7700x-box-100-100000591wof,MERGE,AMD Ryzen 7 7700X BOX | 100-100000591WOF,<p>AMD Ryzen 7 7700X BOX | 100-100000591WOF</p>,Advanced Micro Devices,AMD,"AMD, Advanced Micro Devices, import-ohne-bild",MERGE,draft,FALSE,global,Electronics > Computers > Computer Components > CPUs & Processors,CPUA0098,237.99,,166.50,shopify,deny,17,TRUE,TRUE,0.190,kg,730143314428,,,,166.50,33.49,2026-06-17T21:20:08
,cpua0125-amd-ryzen-9-9900x-box-100-100000662wof,MERGE,AMD Ryzen 9 9900X BOX | 100-100000662WOF,<p>AMD Ryzen 9 9900X BOX | 100-100000662WOF</p>,Advanced Micro Devices,AMD,"AMD, Advanced Micro Devices, import-ohne-bild",MERGE,draft,FALSE,global,Electronics > Computers > Computer Components > CPUs & Processors,CPUA0125,378.99,,264.90,shopify,deny,11,TRUE,TRUE,0.171,kg,0730143315296,,,,264.90,53.58,2026-06-17T21:20:08
,cpua0126-amd-ryzen-9-9950x-box-100-100001277wof,MERGE,AMD Ryzen 9 9950X BOX | 100-100001277WOF,<p>AMD Ryzen 9 9950X BOX | 100-100001277WOF</p>,Advanced Micro Devices,AMD,"AMD, Advanced Micro Devices, import-ohne-bild",MERGE,draft,FALSE,global,Electronics > Computers > Computer Components > CPUs & Processors,CPUA0126,554.99,,388.00,shopify,deny,29,TRUE,TRUE,0.171,kg,0730143315272,,,,388.00,78.38,2026-06-17T21:20:08
,cpua0135-amd-ryzen-9-9900x3d-box-100-100001368wof,MERGE,AMD Ryzen 9 9900X3D BOX | 100-100001368WOF,<p>AMD Ryzen 9 9900X3D BOX | 100-100001368WOF</p>,Advanced Micro Devices,AMD,"AMD, Advanced Micro Devices, import-ohne-bild",MERGE,draft,FALSE,global,Electronics > Computers > Computer Components > CPUs & Processors,CPUA0135,579.99,,406.00,shopify,deny,49,TRUE,TRUE,0.149,kg,0730143315579,,,,406.00,81.39,2026-06-17T21:20:08
,cpua0136-amd-ryzen-9-9950x3d-box-100-100000719wof,MERGE,AMD Ryzen 9 9950X3D BOX | 100-100000719WOF,<p>AMD Ryzen 9 9950X3D BOX | 100-100000719WOF</p>,Advanced Micro Devices,AMD,"AMD, Advanced Micro Devices, import-ohne-bild",MERGE,draft,FALSE,global,Electronics > Computers > Computer Components > CPUs & Processors,CPUA0136,692.99,,485.01,shopify,deny,31,TRUE,TRUE,0.154,kg,0730143315555,,,,485.01,97.33,2026-06-17T21:20:08
,cpua0139-amd-ryzen-7-9850x3d-box-100-100001973wof,MERGE,AMD Ryzen 7 9850X3D BOX | 100-100001973WOF,<p>AMD Ryzen 7 9850X3D BOX | 100-100001973WOF</p>,Advanced Micro Devices,AMD,"AMD, Advanced Micro Devices, import-ohne-bild",MERGE,draft,FALSE,global,Electronics > Computers > Computer Components > CPUs & Processors,CPUA0139,512.99,,359.01,shopify,deny,100,TRUE,TRUE,0.096,kg,0730143318280,,,,359.01,72.07,2026-06-17T21:20:08
,cpui0201-intel-cpu-core-i5-14600k-box-bx8071514600k,MERGE,"Intel Cpu Core i5-14600K, box | BX8071514600K","<p>Intel Cpu Core i5-14600K, box | BX8071514600K</p>",Intel,INTEL,"INTEL, Intel, import-ohne-bild",MERGE,draft,FALSE,global,Electronics > Computers > Computer Components > CPUs & Processors,CPUI0201,355.99,,249.01,shopify,deny,4,TRUE,TRUE,0.103,kg,5032037278447,,,,249.01,50.14,2026-06-17T21:20:08
,cpui0203-intel-cpu-core-i7-14700k-box-bx8071514700k,MERGE,"Intel Cpu Core i7-14700K, box | BX8071514700K","<p>Intel Cpu Core i7-14700K, box | BX8071514700K</p>",Intel,INTEL,"INTEL, Intel, import-ohne-bild",MERGE,draft,FALSE,global,Electronics > Computers > Computer Components > CPUs & Processors,CPUI0203,478.99,,335.00,shopify,deny,5,TRUE,TRUE,0.103,kg,5032037278485,,,,335.00,67.51,2026-06-17T21:20:08
,cpui0204-intel-cpu-core-i7-14700kf-box-bx8071514700kf,MERGE,"Intel Cpu Core i7-14700KF, box | BX8071514700KF","<p>Intel Cpu Core i7-14700KF, box | BX8071514700KF</p>",Intel,INTEL,"INTEL, Intel, import-ohne-bild",MERGE,draft,FALSE,global,Electronics > Computers > Computer Components > CPUs & Processors,CPUI0204,424.99,,297.01,shopify,deny,1,TRUE,TRUE,0.104,kg,5032037278508,,,,297.01,60.12,2026-06-17T21:20:08
,cpui0205-intel-cpu-core-i9-14900k-box-bx8071514900k,MERGE,"Intel Cpu Core i9-14900K, box | BX8071514900K","<p>Intel Cpu Core i9-14900K, box | BX8071514900K</p>",Intel,INTEL,"INTEL, Intel, import-ohne-bild",MERGE,draft,FALSE,global,Electronics > Computers > Computer Components > CPUs & Processors,CPUI0205,560.99,,392.50,shopify,deny,25,TRUE,TRUE,0.105,kg,5032037278522,,,,392.50,78.92,2026-06-17T21:20:08
,cpui0206-intel-cpu-core-i9-14900kf-box-bx8071514900kf,MERGE,"Intel Cpu Core i9-14900KF, box | BX8071514900KF","<p>Intel Cpu Core i9-14900KF, box | BX8071514900KF</p>",Intel,INTEL,"INTEL, Intel, import-ohne-bild",MERGE,draft,FALSE,global,Electronics > Computers > Computer Components > CPUs & Processors,CPUI0206,513.99,,359.91,shopify,deny,79,TRUE,TRUE,0.105,kg,5032037278546,,,,359.91,72.01,2026-06-17T21:20:08
,cpui0215-intel-cpu-core-7-14700-box-bx8071514700,MERGE,"Intel Cpu Core 7-14700, box | BX8071514700","<p>Intel Cpu Core 7-14700, box | BX8071514700</p>",Intel,INTEL,"INTEL, Intel, import-ohne-bild",MERGE,draft,FALSE,global,Electronics > Computers > Computer Components > CPUs & Processors,CPUI0215,439.99,,308.00,shopify,deny,116,TRUE,TRUE,0.490,kg,5032037279239,,,,308.00,61.74,2026-06-17T21:20:08
,cpui0216-intel-cpu-core-7-14700-tray-cm8071504820817,MERGE,"Intel Cpu Core 7-14700, tray | CM8071504820817","<p>Intel Cpu Core 7-14700, tray | CM8071504820817</p>",Intel,INTEL,"INTEL, Intel, import-ohne-bild",MERGE,draft,FALSE,global,Electronics > Computers > Computer Components > CPUs & Processors,CPUI0216,378.99,,265.01,shopify,deny,2,TRUE,TRUE,0.040,kg,5059902133663,,,,265.01,53.47,2026-06-17T21:20:08
,cpui0222-intel-cpu-core-i5-14400-box-bx8071514400,MERGE,"Intel Cpu Core i5-14400, box | BX8071514400","<p>Intel Cpu Core i5-14400, box | BX8071514400</p>",Intel,INTEL,"INTEL, Intel, import-ohne-bild",MERGE,draft,FALSE,global,Electronics > Computers > Computer Components > CPUs & Processors,CPUI0222,249.99,,175.01,shopify,deny,294,TRUE,TRUE,0.460,kg,5032037279130,,,,175.01,35.07,2026-06-17T21:20:08
,cpui0232-intel-cpu-ultra-5-245k-box-bx80768245k,MERGE,"Intel Cpu Ultra 5 245K, box | BX80768245K","<p>Intel Cpu Ultra 5 245K, box | BX80768245K</p>",Intel,INTEL,"INTEL, Intel, import-ohne-bild",MERGE,draft,FALSE,global,Electronics > Computers > Computer Components > CPUs & Processors,CPUI0232,212.99,,149.00,shopify,deny,20,TRUE,TRUE,0.104,kg,5032037282086,,,,149.00,29.98,2026-06-17T21:20:08
,cpui0233-intel-cpu-ultra-5-245kf-box-bx80768245kf,MERGE,"Intel Cpu Ultra 5 245KF, box | BX80768245KF","<p>Intel Cpu Ultra 5 245KF, box | BX80768245KF</p>",Intel,INTEL,"INTEL, Intel, import-ohne-bild",MERGE,draft,FALSE,global,Electronics > Computers > Computer Components > CPUs & Processors,CPUI0233,192.99,,135.01,shopify,deny,45,TRUE,TRUE,0.102,kg,5032037282109,,,,135.01,27.17,2026-06-17T21:20:08
,cpui0235-intel-cpu-ultra-7-265kf-box-bx80768265kf,MERGE,"Intel Cpu Ultra 7 265KF, box | BX80768265KF","<p>Intel Cpu Ultra 7 265KF, box | BX80768265KF</p>",Intel,INTEL,"INTEL, Intel, import-ohne-bild",MERGE,draft,FALSE,global,Electronics > Computers > Computer Components > CPUs & Processors,CPUI0235,289.99,,203.00,shopify,deny,115,TRUE,TRUE,0.105,kg,5032037281980,,,,203.00,40.69,2026-06-17T21:20:08
,cpui0241-intel-cpu-ultra-9-285-box-bx80768285,MERGE,"Intel Cpu Ultra 9 285, box | BX80768285","<p>Intel Cpu Ultra 9 285, box | BX80768285</p>",Intel,INTEL,"INTEL, Intel, import-ohne-bild",MERGE,draft,FALSE,global,Electronics > Computers > Computer Components > CPUs & Processors,CPUI0241,706.99,,495.01,shopify,deny,87,TRUE,TRUE,0.740,kg,5032037282390,,,,495.01,99.10,2026-06-17T21:20:08
,cpui0253-intel-cpu-ultra-7-270k-box-bx80768270k,MERGE,"Intel Cpu Ultra 7 270K, box | BX80768270K","<p>Intel Cpu Ultra 7 270K, box | BX80768270K</p>",Intel,INTEL,"INTEL, Intel, import-ohne-bild",MERGE,draft,FALSE,global,Electronics > Computers > Computer Components > CPUs & Processors,CPUI0253,379.99,,266.00,shopify,deny,19,TRUE,TRUE,0.086,kg,5032037284837,,,,266.00,53.32,2026-06-17T21:20:08
,enab0001-enabot-rola-petpal-spiele-modul,MERGE,Enabot ROLA PetPal Spiele Modul,<p>Enabot ROLA PetPal Spiele Modul</p>,Enabot,,"Enabot, import-ohne-bild",MERGE,draft,FALSE,global,Electronics,ENAB0001,36.99,,22.84,shopify,deny,16,TRUE,TRUE,0.852,kg,6972822120683,,,,22.84,8.24,2026-06-17T21:20:08
,enab0002-enabot-rola-petpal-leckerlie-modul,MERGE,Enabot ROLA PetPal Leckerlie Modul,<p>Enabot ROLA PetPal Leckerlie Modul</p>,Enabot,,"Enabot, import-ohne-bild",MERGE,draft,FALSE,global,Electronics,ENAB0002,38.99,,24.36,shopify,deny,12,TRUE,TRUE,0.769,kg,6972822120706,,,,24.36,8.40,2026-06-17T21:20:08
,enab0004-enabot-rola-mini-cat-teaser,MERGE,Enabot ROLA Mini Cat Teaser,<p>Enabot ROLA Mini Cat Teaser</p>,Enabot,,"Enabot, import-ohne-bild",MERGE,draft,FALSE,global,Electronics,ENAB0004,17.99,,9.64,shopify,deny,81,TRUE,TRUE,0.094,kg,6972822120867,,,,9.64,5.48,2026-06-17T21:20:08
,enab0009-enabot-ebo-air2-white,MERGE,Enabot EBO Air2 White,<p>Enabot EBO Air2 White</p>,Enabot,,"Enabot, import-ohne-bild",MERGE,draft,FALSE,global,Electronics,ENAB0009,195.99,,137.03,shopify,deny,67,TRUE,TRUE,0.738,kg,6972822120935,,,,137.03,27.67,2026-06-17T21:20:08
,enab0010-enabot-ebo-air2-blue,MERGE,Enabot EBO Air2 Blue,<p>Enabot EBO Air2 Blue</p>,Enabot,,"Enabot, import-ohne-bild",MERGE,draft,FALSE,global,Electronics,ENAB0010,188.99,,131.95,shopify,deny,47,TRUE,TRUE,0.742,kg,6972822121079,,,,131.95,26.87,2026-06-17T21:20:08
,enab0011-enabot-ebo-air2-pink,MERGE,Enabot EBO Air2 Pink,<p>Enabot EBO Air2 Pink</p>,Enabot,,"Enabot, import-ohne-bild",MERGE,draft,FALSE,global,Electronics,ENAB0011,188.99,,131.95,shopify,deny,45,TRUE,TRUE,0.714,kg,6972822121000,,,,131.95,26.87,2026-06-17T21:20:08
,enab0012-enabot-ebo-air2-plus-white,MERGE,Enabot EBO Air2 Plus White,<p>Enabot EBO Air2 Plus White</p>,Enabot,,"Enabot, import-ohne-bild",MERGE,draft,FALSE,global,Electronics,ENAB0012,362.99,,253.75,shopify,deny,38,TRUE,TRUE,1.072,kg,6972822121178,,,,253.75,51.28,2026-06-17T21:20:08
,enab0013-enabot-ebo-air2-plus-grey,MERGE,Enabot EBO Air2 Plus Grey,<p>Enabot EBO Air2 Plus Grey</p>,Enabot,,"Enabot, import-ohne-bild",MERGE,draft,FALSE,global,Electronics,ENAB0013,333.99,,233.45,shopify,deny,12,TRUE,TRUE,1.070,kg,6972822121246,,,,233.45,47.21,2026-06-17T21:20:08
,enab0014-enabot-ebo-air2-plus-pink,MERGE,Enabot EBO Air2 Plus Pink,<p>Enabot EBO Air2 Plus Pink</p>,Enabot,,"Enabot, import-ohne-bild",MERGE,draft,FALSE,global,Electronics,ENAB0014,333.99,,233.45,shopify,deny,42,TRUE,TRUE,1.068,kg,6972822121314,,,,233.45,47.21,2026-06-17T21:20:08
,gare0003-ecoflow-camping-light,MERGE,ECOFLOW Camping Light,<p>ECOFLOW Camping Light</p>,Ecoflow,PPS,"PPS, Ecoflow, import-ohne-bild",MERGE,draft,FALSE,global,Electronics,GARE0003,73.99,,51.16,shopify,deny,13,TRUE,TRUE,0.358,kg,4895251600545,,,,51.16,11.02,2026-06-17T21:20:08
,garh0005-hookii-neomow-canopy-garage,MERGE,HOOKII Neomow Canopy Garage,<p>HOOKII Neomow Canopy Garage</p>,HOOKII,GA,"GA, HOOKII, import-ohne-bild",MERGE,draft,FALSE,global,Electronics,GARH0005,108.99,,76.13,shopify,deny,35,TRUE,TRUE,1.962,kg,6975849061229,,,,76.13,15.46,2026-06-17T21:20:08
,hdis0139-seagate-barracuda-st2000dm008-2tb-3-5,MERGE,"Seagate BarraCuda ST2000DM008 / 2TB / 3,5""","<p>Seagate BarraCuda ST2000DM008 / 2TB / 3,5""</p>",Seagate,INTERN G,"INTERN G, Seagate, import-ohne-bild",MERGE,draft,FALSE,global,Electronics > Computers > Computer Components > Storage Devices,HDIS0139,133.99,,93.18,shopify,deny,75,TRUE,TRUE,0.392,kg,0763649113653,,,,93.18,19.42,2026-06-17T21:20:08
,hdis0198-seagate-ironwolf-st8000vn004-8tb,MERGE,Seagate IronWolf ST8000VN004 / 8TB,<p>Seagate IronWolf ST8000VN004 / 8TB</p>,Seagate,INTERN G,"INTERN G, Seagate, import-ohne-bild",MERGE,draft,FALSE,global,Electronics > Computers > Computer Components > Storage Devices,HDIS0198,387.99,,271.25,shopify,deny,60,TRUE,TRUE,0.760,kg,0763649125069,,,,271.25,54.79,2026-06-17T21:20:08
,hdis0241-seagate-st10000ve001-skyhawk-ai-10tb,MERGE,Seagate ST10000VE001 SkyHawk AI / 10TB,<p>Seagate ST10000VE001 SkyHawk AI / 10TB</p>,Seagate,INTERN G,"INTERN G, Seagate, import-ohne-bild",MERGE,draft,FALSE,global,Electronics > Computers > Computer Components > Storage Devices,HDIS0241,542.99,,379.75,shopify,deny,4,TRUE,TRUE,0.762,kg,0763649150474,,,,379.75,76.54,2026-06-17T21:20:08
,hdis0246-seagate-ironwolf-st10000vn000-10tb,MERGE,Seagate IronWolf ST10000VN000 / 10TB,<p>Seagate IronWolf ST10000VN000 / 10TB</p>,Seagate,INTERN G,"INTERN G, Seagate, import-ohne-bild",MERGE,draft,FALSE,global,Electronics > Computers > Computer Components > Storage Devices,HDIS0246,466.99,,326.37,shopify,deny,20,TRUE,TRUE,0.717,kg,8719706022859,,,,326.37,66.06,2026-06-17T21:20:08
,hdis0247-seagate-ironwolf-st4000vn006-4tb,MERGE,Seagate IronWolf ST4000VN006 / 4TB,<p>Seagate IronWolf ST4000VN006 / 4TB</p>,Seagate,INTERN G,"INTERN G, Seagate, import-ohne-bild",MERGE,draft,FALSE,global,Electronics > Computers > Computer Components > Storage Devices,HDIS0247,233.99,,163.63,shopify,deny,100,TRUE,TRUE,0.470,kg,7636490078309,,,,163.63,33.00,2026-06-17T21:20:08
,hdis0258-seagate-exos-7e10-st6000nm019b-6tb-3-5,MERGE,"Seagate Exos 7E10 / ST6000NM019B / 6TB / 3,5""","<p>Seagate Exos 7E10 / ST6000NM019B / 6TB / 3,5""</p>",Seagate,INTERN,"INTERN, Seagate, import-ohne-bild",MERGE,draft,FALSE,global,Electronics > Computers > Computer Components > Storage Devices,HDIS0258,564.99,,395.01,shopify,deny,3,TRUE,TRUE,0.648,kg,8719706022095,,,,395.01,79.77,2026-06-17T21:20:08
,hdis0271-seagate-ironwolf-pro-st4000nt001-4tb,MERGE,Seagate IronWolf Pro ST4000NT001 / 4TB,<p>Seagate IronWolf Pro ST4000NT001 / 4TB</p>,Seagate,INTERN G,"INTERN G, Seagate, import-ohne-bild",MERGE,draft,FALSE,global,Electronics > Computers > Computer Components > Storage Devices,HDIS0271,287.99,,201.25,shopify,deny,25,TRUE,TRUE,0.648,kg,8719706432351,,,,201.25,40.76,2026-06-17T21:20:08
,hdis0281-seagate-ironwolf-st2000vn003-2tb,MERGE,Seagate IronWolf ST2000VN003 / 2TB,<p>Seagate IronWolf ST2000VN003 / 2TB</p>,Seagate,INTERN G,"INTERN G, Seagate, import-ohne-bild",MERGE,draft,FALSE,global,Electronics > Computers > Computer Components > Storage Devices,HDIS0281,186.99,,130.38,shopify,deny,87,TRUE,TRUE,0.432,kg,7636490078323,,,,130.38,26.75,2026-06-17T21:20:08
,hdis0282-seagate-ironwolf-st6000vn006-6tb,MERGE,Seagate IronWolf ST6000VN006/ 6TB,<p>Seagate IronWolf ST6000VN006/ 6TB</p>,Seagate,INTERN G,"INTERN G, Seagate, import-ohne-bild",MERGE,draft,FALSE,global,Electronics > Computers > Computer Components > Storage Devices,HDIS0282,314.99,,220.50,shopify,deny,24,TRUE,TRUE,0.662,kg,8719706027670,,,,220.50,44.20,2026-06-17T21:20:08
,hdis0283-seagate-st1000vx013-skyhawk-surveillance-1tb,MERGE,Seagate ST1000VX013 SkyHawk Surveillance 1TB,<p>Seagate ST1000VX013 SkyHawk Surveillance 1TB</p>,Seagate,INTERN G,"INTERN G, Seagate, import-ohne-bild",MERGE,draft,FALSE,global,Electronics > Computers > Computer Components > Storage Devices,HDIS0283,131.99,,91.88,shopify,deny,8,TRUE,TRUE,0.434,kg,8719706028226,,,,91.88,19.04,2026-06-17T21:20:08
,hdis0293-seagate-exos-7e10-st8000nm018b-8tb,MERGE,Seagate Exos 7E10  ST8000NM018B / 8TB,<p>Seagate Exos 7E10  ST8000NM018B / 8TB</p>,Seagate,INTERN,"INTERN, Seagate, import-ohne-bild",MERGE,draft,FALSE,global,Electronics > Computers > Computer Components > Storage Devices,HDIS0293,542.99,,380.01,shopify,deny,1,TRUE,TRUE,0.763,kg,8719706022163,,,,380.01,76.28,2026-06-17T21:20:08
,hdis0299-seagate-exos-7e10-st4000nm025b-4tb-3-5,MERGE,"Seagate Exos 7E10 / ST4000NM025B / 4TB / 3,5""","<p>Seagate Exos 7E10 / ST4000NM025B / 4TB / 3,5""</p>",Seagate,INTERN,"INTERN, Seagate, import-ohne-bild",MERGE,draft,FALSE,global,Electronics > Computers > Computer Components > Storage Devices,HDIS0299,421.99,,295.01,shopify,deny,20,TRUE,TRUE,0.667,kg,8719706022088,,,,295.01,59.60,2026-06-17T21:20:08
,hdis0301-seagate-exos-7e10-st6000nm001b-6tb-3-5,MERGE,"Seagate Exos 7E10 / ST6000NM001B / 6TB / 3,5""","<p>Seagate Exos 7E10 / ST6000NM001B / 6TB / 3,5""</p>",Seagate,INTERN,"INTERN, Seagate, import-ohne-bild",MERGE,draft,FALSE,global,Electronics > Computers > Computer Components > Storage Devices,HDIS0301,464.99,,325.00,shopify,deny,3,TRUE,TRUE,0.720,kg,8719706022422,,,,325.00,65.75,2026-06-17T21:20:08
,hdis0306-seagate-exos-x24-st12000nm002h-12tb,MERGE,Seagate Exos X24 ST12000NM002H / 12TB,<p>Seagate Exos X24 ST12000NM002H / 12TB</p>,Seagate,INTERN,"INTERN, Seagate, import-ohne-bild",MERGE,draft,FALSE,global,Electronics > Computers > Computer Components > Storage Devices,HDIS0306,664.99,,465.00,shopify,deny,10,TRUE,TRUE,0.670,kg,0763649175347,,,,465.00,93.82,2026-06-17T21:20:08
,hdis0311-seagate-exos-7e10-st2000nm000b-2tb-3-5,MERGE,"Seagate Exos 7E10 / ST2000NM000B / 2TB / 3,5""","<p>Seagate Exos 7E10 / ST2000NM000B / 2TB / 3,5""</p>",Seagate,INTERN,"INTERN, Seagate, import-ohne-bild",MERGE,draft,FALSE,global,Electronics > Computers > Computer Components > Storage Devices,HDIS0311,349.99,,245.00,shopify,deny,18,TRUE,TRUE,0.660,kg,8719706021166,,,,245.00,49.11,2026-06-17T21:20:08
,hdis0313-seagate-exos-7e10-st2000nm018b-2tb-3-5,MERGE,"Seagate Exos 7E10 / ST2000NM018B / 2TB / 3,5""","<p>Seagate Exos 7E10 / ST2000NM018B / 2TB / 3,5""</p>",Seagate,INTERN,"INTERN, Seagate, import-ohne-bild",MERGE,draft,FALSE,global,Electronics > Computers > Computer Components > Storage Devices,HDIS0313,319.99,,224.00,shopify,deny,10,TRUE,TRUE,0.613,kg,8719706022064,,,,224.00,44.90,2026-06-17T21:20:08
,hdis0314-seagate-exos-7e10-st4000nm027b-4tb-3-5,MERGE,"Seagate Exos 7E10 / ST4000NM027B / 4TB / 3,5""","<p>Seagate Exos 7E10 / ST4000NM027B / 4TB / 3,5""</p>",Seagate,INTERN,"INTERN, Seagate, import-ohne-bild",MERGE,draft,FALSE,global,Electronics > Computers > Computer Components > Storage Devices,HDIS0314,335.99,,235.00,shopify,deny,10,TRUE,TRUE,0.660,kg,8719706027298,,,,235.00,47.34,2026-06-17T21:20:08
,hdis0315-seagate-exos-7e10-st6000nm020b-6tb-3-5,MERGE,"Seagate Exos 7E10 / ST6000NM020B / 6TB / 3,5""","<p>Seagate Exos 7E10 / ST6000NM020B / 6TB / 3,5""</p>",Seagate,INTERN,"INTERN, Seagate, import-ohne-bild",MERGE,draft,FALSE,global,Electronics > Computers > Computer Components > Storage Devices,HDIS0315,398.99,,279.00,shopify,deny,1,TRUE,TRUE,0.650,kg,8719706022125,,,,279.00,56.29,2026-06-17T21:20:08
,hdis0317-seagate-exos-7e10-st4000nm001b-4tb-sas-3-5,MERGE,"Seagate Exos 7E10 / ST4000NM001B / 4TB / SAS/ 3,5""","<p>Seagate Exos 7E10 / ST4000NM001B / 4TB / SAS/ 3,5""</p>",Seagate,INTERN,"INTERN, Seagate, import-ohne-bild",MERGE,draft,FALSE,global,Electronics > Computers > Computer Components > Storage Devices,HDIS0317,335.99,,235.00,shopify,deny,1,TRUE,TRUE,0.688,kg,8719706019774,,,,235.00,47.34,2026-06-17T21:20:08
,hdis0318-seagate-exos-7e10-st6000nm000b-6tb-3-5,MERGE,"Seagate Exos 7E10 / ST6000NM000B / 6TB / 3,5""","<p>Seagate Exos 7E10 / ST6000NM000B / 6TB / 3,5""</p>",Seagate,INTERN,"INTERN, Seagate, import-ohne-bild",MERGE,draft,FALSE,global,Electronics > Computers > Computer Components > Storage Devices,HDIS0318,464.99,,325.00,shopify,deny,1,TRUE,TRUE,0.716,kg,8719706022415,,,,325.00,65.75,2026-06-17T21:20:08
,hdit0229-toshiba-s300-pro-surveillance-3-5-10tb-green,MERGE,"Toshiba S300 Pro Surveillance 3,5"" 10TB Green","<p>Toshiba S300 Pro Surveillance 3,5"" 10TB Green</p>",Toshiba,EXTERN,"EXTERN, Toshiba, import-ohne-bild",MERGE,draft,FALSE,global,Electronics > Computers > Computer Components > Storage Devices,HDIT0229,431.99,,301.87,shopify,deny,11,TRUE,TRUE,0.750,kg,4260557512722,,,,301.87,61.15,2026-06-17T21:20:08
,hdit0232-toshiba-s300-pro-surveillance-3-5-8tb-green,MERGE,"Toshiba S300 Pro Surveillance 3,5"" 8TB Green","<p>Toshiba S300 Pro Surveillance 3,5"" 8TB Green</p>",Toshiba,EXTERN,"EXTERN, Toshiba, import-ohne-bild",MERGE,draft,FALSE,global,Electronics > Computers > Computer Components > Storage Devices,HDIT0232,394.99,,276.50,shopify,deny,3,TRUE,TRUE,0.775,kg,4260557512739,,,,276.50,55.42,2026-06-17T21:20:08
,hdit0237-toshiba-mg10ada10te-10tb-3-5,MERGE,"Toshiba MG10ADA10TE / 10TB / 3.5""","<p>Toshiba MG10ADA10TE / 10TB / 3.5""</p>",Toshiba,EXTERN,"EXTERN, Toshiba, import-ohne-bild",MERGE,draft,FALSE,global,Electronics > Computers > Computer Components > Storage Devices,HDIT0237,496.99,,347.37,shopify,deny,20,TRUE,TRUE,0.805,kg,4260557513156,,,,347.37,70.27,2026-06-17T21:20:08
,hdiw0165-western-digital-wd20ezbx-2tb,MERGE,Western Digital WD20EZBX / 2TB,<p>Western Digital WD20EZBX / 2TB</p>,Western Digital,INTERN,"INTERN, Western Digital, import-ohne-bild",MERGE,draft,FALSE,global,Electronics > Computers > Computer Components > Storage Devices,HDIW0165,190.99,,133.19,shopify,deny,24,TRUE,TRUE,0.501,kg,0718037877501,,,,133.19,27.31,2026-06-17T21:20:08
,hdiw0206-western-digital-wd40efpx-4tb-red-plus,MERGE,Western Digital WD40EFPX / 4TB / red plus,<p>Western Digital WD40EFPX / 4TB / red plus</p>,Western Digital,INTERN,"INTERN, Western Digital, import-ohne-bild",MERGE,draft,FALSE,global,Electronics > Computers > Computer Components > Storage Devices,HDIW0206,258.99,,180.95,shopify,deny,61,TRUE,TRUE,0.602,kg,0718037899794,,,,180.95,36.69,2026-06-17T21:20:08
,hdiw0209-western-digital-wd23purz-2-tb,MERGE,Western Digital WD23PURZ / 2 TB,<p>Western Digital WD23PURZ / 2 TB</p>,Western Digital,INTERN,"INTERN, Western Digital, import-ohne-bild",MERGE,draft,FALSE,global,Electronics > Computers > Computer Components > Storage Devices,HDIW0209,175.99,,123.19,shopify,deny,51,TRUE,TRUE,0.502,kg,0718037896199,,,,123.19,24.70,2026-06-17T21:20:08
,hdiw0214-western-digital-wd20efpx-2-tb-red-plus,MERGE,Western Digital WD20EFPX / 2 TB / red plus,<p>Western Digital WD20EFPX / 2 TB / red plus</p>,Western Digital,INTERN,"INTERN, Western Digital, import-ohne-bild",MERGE,draft,FALSE,global,Electronics > Computers > Computer Components > Storage Devices,HDIW0214,221.99,,155.08,shopify,deny,1,TRUE,TRUE,0.497,kg,0718037899770,,,,155.08,31.47,2026-06-17T21:20:08
,hdiw0219-western-digital-wd6005ffbx-6-tb-red-pro,MERGE,Western Digital WD6005FFBX / 6 TB / Red Pro,<p>Western Digital WD6005FFBX / 6 TB / Red Pro</p>,Western Digital,INTERN,"INTERN, Western Digital, import-ohne-bild",MERGE,draft,FALSE,global,Electronics > Computers > Computer Components > Storage Devices,HDIW0219,392.99,,275.00,shopify,deny,10,TRUE,TRUE,0.725,kg,0718037902821,,,,275.00,55.24,2026-06-17T21:20:08
,hdiw0220-western-digital-wd4005ffbx-4-tb-red-pro,MERGE,Western Digital WD4005FFBX / 4 TB / Red Pro,<p>Western Digital WD4005FFBX / 4 TB / Red Pro</p>,Western Digital,INTERN,"INTERN, Western Digital, import-ohne-bild",MERGE,draft,FALSE,global,Electronics > Computers > Computer Components > Storage Devices,HDIW0220,366.99,,256.90,shopify,deny,10,TRUE,TRUE,0.725,kg,0718037902814,,,,256.90,51.49,2026-06-17T21:20:08
,hdiw0221-western-digital-wd8005ffbx-8-tb-red-pro,MERGE,Western Digital WD8005FFBX / 8 TB / Red Pro,<p>Western Digital WD8005FFBX / 8 TB / Red Pro</p>,Western Digital,INTERN,"INTERN, Western Digital, import-ohne-bild",MERGE,draft,FALSE,global,Electronics > Computers > Computer Components > Storage Devices,HDIW0221,433.99,,303.45,shopify,deny,2,TRUE,TRUE,0.750,kg,0718037902838,,,,303.45,61.25,2026-06-17T21:20:08
,hdiw0222-western-digital-wd103kfbx-10-tb-red-pro,MERGE,Western Digital WD103KFBX / 10 TB/ Red Pro,<p>Western Digital WD103KFBX / 10 TB/ Red Pro</p>,Western Digital,INTERN,"INTERN, Western Digital, import-ohne-bild",MERGE,draft,FALSE,global,Electronics > Computers > Computer Components > Storage Devices,HDIW0222,688.99,,481.90,shopify,deny,30,TRUE,TRUE,0.778,kg,0718037877310,,,,481.90,97.08,2026-06-17T21:20:08
,hdiw0224-western-digital-wd102purp-10-tb,MERGE,Western Digital WD102PURP /10 TB,<p>Western Digital WD102PURP /10 TB</p>,Western Digital,INTERN,"INTERN, Western Digital, import-ohne-bild",MERGE,draft,FALSE,global,Electronics > Computers > Computer Components > Storage Devices,HDIW0224,491.99,,343.96,shopify,deny,5,TRUE,TRUE,0.757,kg,0718037901275,,,,343.96,69.48,2026-06-17T21:20:08
,hdiw0225-western-digital-wd122purp-12-tb,MERGE,Western Digital WD122PURP /12 TB,<p>Western Digital WD122PURP /12 TB</p>,Western Digital,INTERN,"INTERN, Western Digital, import-ohne-bild",MERGE,draft,FALSE,global,Electronics > Computers > Computer Components > Storage Devices,HDIW0225,633.99,,443.97,shopify,deny,20,TRUE,TRUE,0.780,kg,0718037901299,,,,443.97,88.79,2026-06-17T21:20:08
,hdiw0228-western-digital-wd8002purp-8tb-purple-pro,MERGE,Western Digital WD8002PURP / 8TB purple pro,<p>Western Digital WD8002PURP / 8TB purple pro</p>,Western Digital,INTERN,"INTERN, Western Digital, import-ohne-bild",MERGE,draft,FALSE,global,Electronics > Computers > Computer Components > Storage Devices,HDIW0228,466.99,,326.73,shopify,deny,41,TRUE,TRUE,0.757,kg,718037896748,,,,326.73,65.70,2026-06-17T21:20:08
,hdiw0232-western-digital-wd40efzz-4tb-red-plus,MERGE,Western Digital WD40EFZZ / 4TB / red plus,<p>Western Digital WD40EFZZ / 4TB / red plus</p>,Western Digital,INTERN,"INTERN, Western Digital, import-ohne-bild",MERGE,draft,FALSE,global,Electronics > Computers > Computer Components > Storage Devices,HDIW0232,269.99,,188.79,shopify,deny,20,TRUE,TRUE,0.600,kg,0718037905754,,,,188.79,38.09,2026-06-17T21:20:08
,hdiw0233-western-digital-wd34purz-3-tb,MERGE,Western Digital WD34PURZ / 3 TB,<p>Western Digital WD34PURZ / 3 TB</p>,Western Digital,INTERN,"INTERN, Western Digital, import-ohne-bild",MERGE,draft,FALSE,global,Electronics > Computers > Computer Components > Storage Devices,HDIW0233,211.99,,148.10,shopify,deny,20,TRUE,TRUE,0.589,kg,0718037905730,,,,148.10,30.04,2026-06-17T21:20:08
,hdiw0244-western-digital-wd122kryz-12-tb-gold,MERGE,Western Digital WD122KRYZ / 12 TB / GOLD,<p>Western Digital WD122KRYZ / 12 TB / GOLD</p>,Western Digital,INTERN,"INTERN, Western Digital, import-ohne-bild",MERGE,draft,FALSE,global,Electronics > Computers > Computer Components > Storage Devices,HDIW0244,688.99,,481.90,shopify,deny,9,TRUE,TRUE,0.796,kg,0718037901442,,,,481.90,97.08,2026-06-17T21:20:08
,hdiw0245-western-digital-wd40ezzx-4tb,MERGE,Western Digital WD40EZZX / 4TB,<p>Western Digital WD40EZZX / 4TB</p>,Western Digital,INTERN,"INTERN, Western Digital, import-ohne-bild",MERGE,draft,FALSE,global,Electronics > Computers > Computer Components > Storage Devices,HDIW0245,190.99,,133.53,shopify,deny,31,TRUE,TRUE,0.000,kg,718037905761,,,,133.53,26.97,2026-06-17T21:20:08
,hdxt0223-toshiba-canvio-advance-1tb-white,MERGE,Toshiba Canvio Advance 1TB white,<p>Toshiba Canvio Advance 1TB white</p>,Toshiba,EXTERN,"EXTERN, Toshiba, import-ohne-bild",MERGE,draft,FALSE,global,Electronics > Computers > Computer Components > Storage Devices,HDXT0223,99.99,,70.00,shopify,deny,50,TRUE,TRUE,0.230,kg,4260557511299,,,,70.00,14.03,2026-06-17T21:20:08
,hdxt0224-toshiba-canvio-advance-1tb-red,MERGE,Toshiba Canvio Advance 1TB red,<p>Toshiba Canvio Advance 1TB red</p>,Toshiba,EXTERN,"EXTERN, Toshiba, import-ohne-bild",MERGE,draft,FALSE,global,Electronics > Computers > Computer Components > Storage Devices,HDXT0224,99.99,,70.00,shopify,deny,25,TRUE,TRUE,0.230,kg,4260557511268,,,,70.00,14.03,2026-06-17T21:20:08
,hdxt0225-toshiba-canvio-advance-2tb-black,MERGE,Toshiba Canvio Advance 2TB black,<p>Toshiba Canvio Advance 2TB black</p>,Toshiba,EXTERN,"EXTERN, Toshiba, import-ohne-bild",MERGE,draft,FALSE,global,Electronics > Computers > Computer Components > Storage Devices,HDXT0225,124.99,,87.50,shopify,deny,33,TRUE,TRUE,0.251,kg,4260557511213,,,,87.50,17.53,2026-06-17T21:20:08
,hdxt0226-toshiba-canvio-advance-2tb-white,MERGE,Toshiba Canvio Advance 2TB white,<p>Toshiba Canvio Advance 2TB white</p>,Toshiba,EXTERN,"EXTERN, Toshiba, import-ohne-bild",MERGE,draft,FALSE,global,Electronics > Computers > Computer Components > Storage Devices,HDXT0226,124.99,,87.50,shopify,deny,13,TRUE,TRUE,0.255,kg,4260557511305,,,,87.50,17.53,2026-06-17T21:20:08
,hdxt0228-toshiba-canvio-advance-4tb-black,MERGE,Toshiba Canvio Advance 4TB black,<p>Toshiba Canvio Advance 4TB black</p>,Toshiba,EXTERN,"EXTERN, Toshiba, import-ohne-bild",MERGE,draft,FALSE,global,Electronics > Computers > Computer Components > Storage Devices,HDXT0228,189.99,,133.00,shopify,deny,10,TRUE,TRUE,0.310,kg,4260557511220,,,,133.00,26.66,2026-06-17T21:20:08
,hdxt0229-toshiba-canvio-advance-4tb-white,MERGE,Toshiba Canvio Advance 4TB white,<p>Toshiba Canvio Advance 4TB white</p>,Toshiba,EXTERN,"EXTERN, Toshiba, import-ohne-bild",MERGE,draft,FALSE,global,Electronics > Computers > Computer Components > Storage Devices,HDXT0229,189.99,,133.00,shopify,deny,16,TRUE,TRUE,0.290,kg,4260557511312,,,,133.00,26.66,2026-06-17T21:20:08
,hdxt0230-toshiba-canvio-advance-4tb-red,MERGE,Toshiba Canvio Advance 4TB red,<p>Toshiba Canvio Advance 4TB red</p>,Toshiba,EXTERN,"EXTERN, Toshiba, import-ohne-bild",MERGE,draft,FALSE,global,Electronics > Computers > Computer Components > Storage Devices,HDXT0230,189.99,,133.00,shopify,deny,10,TRUE,TRUE,0.312,kg,4260557511282,,,,133.00,26.66,2026-06-17T21:20:08
,hdxt0234-toshiba-canvio-advance-1tb-green,MERGE,Toshiba Canvio Advance 1TB green,<p>Toshiba Canvio Advance 1TB green</p>,Toshiba,EXTERN,"EXTERN, Toshiba, import-ohne-bild",MERGE,draft,FALSE,global,Electronics > Computers > Computer Components > Storage Devices,HDXT0234,99.99,,70.00,shopify,deny,20,TRUE,TRUE,0.229,kg,4260557511237,,,,70.00,14.03,2026-06-17T21:20:08
,hdxt0237-toshiba-can-basics-1tb-black-2-5-usb3-2,MERGE,"Toshiba Can. Basics 1TB black 2,5"" USB3.2","<p>Toshiba Can. Basics 1TB black 2,5"" USB3.2</p>",Toshiba,EXTERN,"EXTERN, Toshiba, import-ohne-bild",MERGE,draft,FALSE,global,Electronics > Computers > Computer Components > Storage Devices,HDXT0237,107.99,,75.25,shopify,deny,60,TRUE,TRUE,0.239,kg,4260557512340,,,,75.25,15.50,2026-06-17T21:20:08
,hdxt0238-toshiba-can-basics-2tb-black-2-5-usb3-2,MERGE,"Toshiba Can. Basics 2TB black 2,5"" USB3.2","<p>Toshiba Can. Basics 2TB black 2,5"" USB3.2</p>",Toshiba,EXTERN,"EXTERN, Toshiba, import-ohne-bild",MERGE,draft,FALSE,global,Electronics > Computers > Computer Components > Storage Devices,HDXT0238,122.99,,85.75,shopify,deny,20,TRUE,TRUE,0.255,kg,4260557512357,,,,85.75,17.60,2026-06-17T21:20:08
,hdxt0239-toshiba-can-basics-4tb-black-2-5-usb3-2,MERGE,"Toshiba Can. Basics 4TB black 2,5"" USB3.2","<p>Toshiba Can. Basics 4TB black 2,5"" USB3.2</p>",Toshiba,EXTERN,"EXTERN, Toshiba, import-ohne-bild",MERGE,draft,FALSE,global,Electronics > Computers > Computer Components > Storage Devices,HDXT0239,187.99,,131.25,shopify,deny,60,TRUE,TRUE,0.291,kg,4260557512364,,,,131.25,26.72,2026-06-17T21:20:08
,hdxt0240-toshiba-canvio-flex-4tb-silver,MERGE,Toshiba Canvio Flex 4TB silver,<p>Toshiba Canvio Flex 4TB silver</p>,Toshiba,EXTERN,"EXTERN, Toshiba, import-ohne-bild",MERGE,draft,FALSE,global,Electronics > Computers > Computer Components > Storage Devices,HDXT0240,201.99,,140.87,shopify,deny,53,TRUE,TRUE,0.334,kg,4260557513286,,,,140.87,28.87,2026-06-17T21:20:08
,hdxt0242-toshiba-canvio-flex-2tb-silver,MERGE,Toshiba Canvio Flex 2TB silver,<p>Toshiba Canvio Flex 2TB silver</p>,Toshiba,EXTERN,"EXTERN, Toshiba, import-ohne-bild",MERGE,draft,FALSE,global,Electronics > Computers > Computer Components > Storage Devices,HDXT0242,133.99,,93.36,shopify,deny,43,TRUE,TRUE,0.274,kg,4260557513279,,,,93.36,19.24,2026-06-17T21:20:08
,hdxt0244-toshiba-canvio-flex-1tb-silver,MERGE,Toshiba Canvio Flex 1TB silver,<p>Toshiba Canvio Flex 1TB silver</p>,Toshiba,EXTERN,"EXTERN, Toshiba, import-ohne-bild",MERGE,draft,FALSE,global,Electronics > Computers > Computer Components > Storage Devices,HDXT0244,118.99,,83.13,shopify,deny,26,TRUE,TRUE,0.253,kg,4260557513262,,,,83.13,16.86,2026-06-17T21:20:08
,hdxv0002-verbatim-store-n-go-2-5-1tb-usb-3-0-silber-53071,MERGE,"Verbatim Store n Go 2,5 1TB USB 3.0 silber 53071","<p>Verbatim Store n Go 2,5 1TB USB 3.0 silber 53071</p>",Verbatim,EXTERN,"EXTERN, Verbatim, import-ohne-bild",MERGE,draft,FALSE,global,Electronics > Computers > Computer Components > Storage Devices,HDXV0002,81.99,,57.25,shopify,deny,208,TRUE,TRUE,0.230,kg,0023942530718,,,,57.25,11.65,2026-06-17T21:20:08
,hdxv0003-verbatim-store-n-go-2-5-2tb-usb-3-0-schwarz-53177,MERGE,"Verbatim Store n Go 2,5 2TB USB 3.0 schwarz 53177","<p>Verbatim Store n Go 2,5 2TB USB 3.0 schwarz 53177</p>",Verbatim,EXTERN,"EXTERN, Verbatim, import-ohne-bild",MERGE,draft,FALSE,global,Electronics > Computers > Computer Components > Storage Devices,HDXV0003,111.99,,78.16,shopify,deny,297,TRUE,TRUE,0.248,kg,0023942531777,,,,78.16,15.95,2026-06-17T21:20:08
,hdxv0005-verbatim-store-n-go-2-5-1tb-usb-3-0-black-gen-2-53194,MERGE,"Verbatim Store n Go 2,5 1TB USB 3.0 black Gen 2 53194","<p>Verbatim Store n Go 2,5 1TB USB 3.0 black Gen 2 53194</p>",Verbatim,EXTERN,"EXTERN, Verbatim, import-ohne-bild",MERGE,draft,FALSE,global,Electronics > Computers > Computer Components > Storage Devices,HDXV0005,89.99,,62.83,shopify,deny,291,TRUE,TRUE,0.235,kg,0023942531944,,,,62.83,12.79,2026-06-17T21:20:08
,hdxv0006-verbatim-store-n-go-2-5-1tb-usb-3-0-silver-gen-2-53197,MERGE,"Verbatim Store n Go 2,5 1TB USB 3.0 silver Gen 2 53197","<p>Verbatim Store n Go 2,5 1TB USB 3.0 silver Gen 2 53197</p>",Verbatim,EXTERN,"EXTERN, Verbatim, import-ohne-bild",MERGE,draft,FALSE,global,Electronics > Computers > Computer Components > Storage Devices,HDXV0006,82.99,,57.45,shopify,deny,260,TRUE,TRUE,0.236,kg,0023942531975,,,,57.45,12.29,2026-06-17T21:20:08
,hdxv0011-verbatim-store-n-go-alu-slim-2-5-4tb-usb-3-0-gen1-black-53223,MERGE,"Verbatim Store´N´Go Alu Slim 2.5"" 4TB USB 3.0 GEN1 Black 53223","<p>Verbatim Store´N´Go Alu Slim 2.5"" 4TB USB 3.0 GEN1 Black 53223</p>",Verbatim,EXTERN,"EXTERN, Verbatim, import-ohne-bild",MERGE,draft,FALSE,global,Electronics > Computers > Computer Components > Storage Devices,HDXV0011,163.99,,114.59,shopify,deny,251,TRUE,TRUE,0.339,kg,0023942532231,,,,114.59,23.22,2026-06-17T21:20:08
,hhwb0034-beurer-ht-80-haartrockner-haarstyler,MERGE,Beurer HT 80 - Haartrockner/Haarstyler,<p>Beurer HT 80 - Haartrockner/Haarstyler</p>,Beurer,HW,"HW, Beurer, import-ohne-bild",MERGE,draft,FALSE,global,Electronics > Computers > Computer Components,HHWB0034,44.99,,28.93,shopify,deny,86,TRUE,TRUE,0.925,kg,4211125591199,,,,28.93,8.88,2026-06-17T21:20:08
,hhwb0035-beurer-warmluftbuerste-rotierend-ht-85-iconic-pro,MERGE,Beurer Warmluftbürste rotierend HT 85 ICONIC Pro,<p>Beurer Warmluftbürste rotierend HT 85 ICONIC Pro</p>,Beurer,HW,"HW, Beurer, import-ohne-bild",MERGE,draft,FALSE,global,Electronics > Computers > Computer Components,HHWB0035,41.99,,26.90,shopify,deny,44,TRUE,TRUE,1.030,kg,4211125104047,,,,26.90,8.39,2026-06-17T21:20:08
,hhwb0036-braun-oral-b-junior-pro-frozen,MERGE,Braun Oral-B Junior Pro Frozen,<p>Braun Oral-B Junior Pro Frozen</p>,Braun,HW,"HW, Braun, import-ohne-bild",MERGE,draft,FALSE,global,Electronics > Computers > Computer Components,HHWB0036,47.99,,30.45,shopify,deny,113,TRUE,TRUE,0.400,kg,8006540774724,,,,30.45,9.88,2026-06-17T21:20:08
,hhwb0037-braun-oral-b-junior-pro-grogu-starwars,MERGE,Braun Oral-B Junior Pro Grogu/Starwars,<p>Braun Oral-B Junior Pro Grogu/Starwars</p>,Braun,HW,"HW, Braun, import-ohne-bild",MERGE,draft,FALSE,global,Electronics > Computers > Computer Components,HHWB0037,45.99,,29.44,shopify,deny,224,TRUE,TRUE,0.400,kg,8006540957196,,,,29.44,9.21,2026-06-17T21:20:08
,hhwb1047-braun-oral-b-io-series-6-black-lava,MERGE,Braun Oral-B iO Series 6 Black Lava,<p>Braun Oral-B iO Series 6 Black Lava</p>,Braun,HW,"HW, Braun, import-ohne-bild",MERGE,draft,FALSE,global,Electronics > Computers > Computer Components,HHWB1047,118.99,,83.23,shopify,deny,239,TRUE,TRUE,0.656,kg,4210201445111,,,,83.23,16.76,2026-06-17T21:20:08
,hhwb1048-braun-oral-b-io-series-6-white,MERGE,Braun Oral-B iO Series 6 White,<p>Braun Oral-B iO Series 6 White</p>,Braun,HW,"HW, Braun, import-ohne-bild",MERGE,draft,FALSE,global,Electronics > Computers > Computer Components,HHWB1048,118.99,,83.23,shopify,deny,323,TRUE,TRUE,0.658,kg,4210201445234,,,,83.23,16.76,2026-06-17T21:20:08
,hhwb1049-braun-oral-b-io-series-6-grey-opal,MERGE,Braun Oral-B iO Series 6 Grey Opal,<p>Braun Oral-B iO Series 6 Grey Opal</p>,Braun,HW,"HW, Braun, import-ohne-bild",MERGE,draft,FALSE,global,Electronics > Computers > Computer Components,HHWB1049,116.99,,81.71,shopify,deny,412,TRUE,TRUE,0.655,kg,4210201445258,,,,81.71,16.60,2026-06-17T21:20:08
,hhwb1050-braun-oral-b-io-series-6-pink-sand,MERGE,Braun Oral-B iO Series 6 Pink Sand,<p>Braun Oral-B iO Series 6 Pink Sand</p>,Braun,HW,"HW, Braun, import-ohne-bild",MERGE,draft,FALSE,global,Electronics > Computers > Computer Components,HHWB1050,118.99,,83.23,shopify,deny,395,TRUE,TRUE,0.692,kg,4210201445197,,,,83.23,16.76,2026-06-17T21:20:08
,hhwb1051-braun-oral-b-io-series-8n-black-onyx,MERGE,Braun Oral-B iO Series 8N Black Onyx,<p>Braun Oral-B iO Series 8N Black Onyx</p>,Braun,HW,"HW, Braun, import-ohne-bild",MERGE,draft,FALSE,global,Electronics > Computers > Computer Components,HHWB1051,150.99,,105.56,shopify,deny,107,TRUE,TRUE,0.825,kg,4210201408567,,,,105.56,21.32,2026-06-17T21:20:08
,hhwb1054-braun-oral-b-io-series-10-stardust-white,MERGE,Braun Oral-B iO Series 10 Stardust White,<p>Braun Oral-B iO Series 10 Stardust White</p>,Braun,HW,"HW, Braun, import-ohne-bild",MERGE,draft,FALSE,global,Electronics > Computers > Computer Components,HHWB1054,295.99,,207.06,shopify,deny,59,TRUE,TRUE,0.871,kg,4210201435457,,,,207.06,41.67,2026-06-17T21:20:08
,hhwb1055-braun-oral-b-io-series-10-cosmic-black,MERGE,Braun Oral-B iO Series 10 Cosmic Black,<p>Braun Oral-B iO Series 10 Cosmic Black</p>,Braun,HW,"HW, Braun, import-ohne-bild",MERGE,draft,FALSE,global,Electronics > Computers > Computer Components,HHWB1055,305.99,,214.17,shopify,deny,158,TRUE,TRUE,0.870,kg,4210201435587,,,,214.17,42.96,2026-06-17T21:20:08
,hhwb1111-braun-oral-b-io-ultimative-reinigung-aufsteckbuersten-weiss-8-stk,MERGE,Braun Oral-B iO Ultimative Reinigung Aufsteckbürsten weiß 8 Stk,<p>Braun Oral-B iO Ultimative Reinigung Aufsteckbürsten weiß 8 Stk</p>,Braun,HW,"HW, Braun, import-ohne-bild",MERGE,draft,FALSE,global,Electronics > Computers > Computer Components,HHWB1111,52.99,,34.00,shopify,deny,12,TRUE,TRUE,0.155,kg,4210201434818,,,,34.00,10.53,2026-06-17T21:20:08
,hhwb1113-braun-oral-b-aufsteckbuersten-io-ultimat-reinigung-sw-8er-billb-ersatzb,MERGE,Braun Oral-B Aufsteckbürsten iO Ultimat. Reinigung sw 8er Billb.Ersatzbü,<p>Braun Oral-B Aufsteckbürsten iO Ultimat. Reinigung sw 8er Billb.Ersatzbü</p>,Braun,HW,"HW, Braun, import-ohne-bild",MERGE,draft,FALSE,global,Electronics > Computers > Computer Components,HHWB1113,52.99,,34.00,shopify,deny,500,TRUE,TRUE,0.102,kg,8700216778640,,,,34.00,10.53,2026-06-17T21:20:08
,hhwb1114-braun-oral-b-io-ultimative-reinigung-4er-black-aufsteckbuersten,MERGE,"Braun Oral-B iO Ultimative Reinigung 4er, Black Aufsteckbürsten","<p>Braun Oral-B iO Ultimative Reinigung 4er, Black Aufsteckbürsten</p>",Braun,HW,"HW, Braun, import-ohne-bild",MERGE,draft,FALSE,global,Electronics > Computers > Computer Components,HHWB1114,30.99,,18.78,shopify,deny,458,TRUE,TRUE,0.060,kg,8700216194969,,,,18.78,7.26,2026-06-17T21:20:08
,hhwb1125-braun-oral-b-io-series-10-lunar,MERGE,Braun Oral-B iO Series 10 Lunar,<p>Braun Oral-B iO Series 10 Lunar</p>,Braun,HW,"HW, Braun, import-ohne-bild",MERGE,draft,FALSE,global,Electronics > Computers > Computer Components,HHWB1125,305.99,,214.17,shopify,deny,126,TRUE,TRUE,0.858,kg,8700216996297,,,,214.17,42.96,2026-06-17T21:20:08
,hhwb1127-braun-oral-b-pro-tiefenreinigung-aufsteckbuersten-6-stk-weiss,MERGE,Braun Oral-B Pro Tiefenreinigung Aufsteckbürsten - 6 Stk - Weiß,<p>Braun Oral-B Pro Tiefenreinigung Aufsteckbürsten - 6 Stk - Weiß</p>,Braun,HW,"HW, Braun, import-ohne-bild",MERGE,draft,FALSE,global,Electronics > Computers > Computer Components,HHWB1127,24.99,,15.23,shopify,deny,27,TRUE,TRUE,0.556,kg,8006540860793,,,,15.23,5.77,2026-06-17T21:20:08
,hhwb1128-braun-all-in-one-style-kit-7-mgk7410-trimmer,MERGE,Braun All-in-One Style Kit 7 MGK7410 - Trimmer,<p>Braun All-in-One Style Kit 7 MGK7410 - Trimmer</p>,Braun,HW,"HW, Braun, import-ohne-bild",MERGE,draft,FALSE,global,Electronics > Computers > Computer Components,HHWB1128,67.99,,43.65,shopify,deny,65,TRUE,TRUE,0.590,kg,4210201447238,,,,43.65,13.48,2026-06-17T21:20:08
,hhwb1129-braun-oral-b-io-ultimative-reinigung-aufsteckbuersten-schwarz-8-stk,MERGE,Braun Oral-B iO Ultimative Reinigung Aufsteckbürsten schwarz (8 Stk.),<p>Braun Oral-B iO Ultimative Reinigung Aufsteckbürsten schwarz (8 Stk.)</p>,Braun,HW,"HW, Braun, import-ohne-bild",MERGE,draft,FALSE,global,Electronics > Computers > Computer Components,HHWB1129,51.99,,32.99,shopify,deny,500,TRUE,TRUE,0.155,kg,4210201434832,,,,32.99,10.70,2026-06-17T21:20:08
,hhwb1130-braun-bna100-nasensauger-schnurlos,MERGE,Braun BNA100 - Nasensauger - schnurlos,<p>Braun BNA100 - Nasensauger - schnurlos</p>,Braun,HW,"HW, Braun, import-ohne-bild",MERGE,draft,FALSE,global,Electronics > Computers > Computer Components,HHWB1130,27.99,,16.75,shopify,deny,30,TRUE,TRUE,0.358,kg,4022167001016,,,,16.75,6.77,2026-06-17T21:20:08
,hhwb1131-braun-oral-b-io-aufsteckbuersten-ultimative-reinigung-6er,MERGE,Braun Oral-B iO Aufsteckbürsten Ultimative Reinigung 6er,<p>Braun Oral-B iO Aufsteckbürsten Ultimative Reinigung 6er</p>,Braun,HW,"HW, Braun, import-ohne-bild",MERGE,draft,FALSE,global,Electronics > Computers > Computer Components,HHWB1131,42.99,,27.41,shopify,deny,500,TRUE,TRUE,0.081,kg,8700216194761,,,,27.41,8.72,2026-06-17T21:20:08
,hhwb1132-braun-oral-b-io-ultimative-reinigung-zahnbuerstenaufsaetze-2-st,MERGE,Braun Oral-B iO Ultimative Reinigung - Zahnbürstenaufsätze 2 St.,<p>Braun Oral-B iO Ultimative Reinigung - Zahnbürstenaufsätze 2 St.</p>,Braun,HW,"HW, Braun, import-ohne-bild",MERGE,draft,FALSE,global,Electronics > Computers > Computer Components,HHWB1132,20.99,,12.18,shopify,deny,172,TRUE,TRUE,0.045,kg,8700216373333,,,,12.18,5.46,2026-06-17T21:20:08
,hhwb1133-braun-oral-b-io-ultimative-reinigung-zahnbuerstenaufsaetze-2-st,MERGE,Braun Oral-B iO Ultimative Reinigung - Zahnbürstenaufsätze 2 St.,<p>Braun Oral-B iO Ultimative Reinigung - Zahnbürstenaufsätze 2 St.</p>,Braun,HW,"HW, Braun, import-ohne-bild",MERGE,draft,FALSE,global,Electronics > Computers > Computer Components,HHWB1133,20.99,,12.18,shopify,deny,349,TRUE,TRUE,0.045,kg,8700216373807,,,,12.18,5.46,2026-06-17T21:20:08
,hhwb1134-braun-oral-b-io-ultimative-reinigung-zahnbuerstenaufsaetze-4-st,MERGE,Braun Oral-B iO Ultimative Reinigung - Zahnbürstenaufsätze 4 St.,<p>Braun Oral-B iO Ultimative Reinigung - Zahnbürstenaufsätze 4 St.</p>,Braun,HW,"HW, Braun, import-ohne-bild",MERGE,draft,FALSE,global,Electronics > Computers > Computer Components,HHWB1134,30.99,,18.78,shopify,deny,500,TRUE,TRUE,0.058,kg,8700216195027,,,,18.78,7.26,2026-06-17T21:20:08
,hhwb1135-braun-oral-b-io-ultimative-reinigung-zahnbuerstenaufsaetze-6-st,MERGE,Braun Oral-B iO Ultimative Reinigung - Zahnbürstenaufsätze 6 St.,<p>Braun Oral-B iO Ultimative Reinigung - Zahnbürstenaufsätze 6 St.</p>,Braun,HW,"HW, Braun, import-ohne-bild",MERGE,draft,FALSE,global,Electronics > Computers > Computer Components,HHWB1135,40.99,,26.39,shopify,deny,293,TRUE,TRUE,0.080,kg,8700216194693,,,,26.39,8.06,2026-06-17T21:20:08
,hhwb1136-braun-oral-b-io-ultimative-reinigung-zahnbuerstenaufsaetze-8-st,MERGE,Braun Oral-B iO Ultimative Reinigung - Zahnbürstenaufsätze 8 St.,<p>Braun Oral-B iO Ultimative Reinigung - Zahnbürstenaufsätze 8 St.</p>,Braun,HW,"HW, Braun, import-ohne-bild",MERGE,draft,FALSE,global,Electronics > Computers > Computer Components,HHWB1136,52.99,,34.00,shopify,deny,480,TRUE,TRUE,0.125,kg,8700216778541,,,,34.00,10.53,2026-06-17T21:20:08
,hhwb1137-braun-oral-b-io-ultimative-reinigung-zahnbuerstenaufsaetze-10-st,MERGE,Braun Oral-B iO Ultimative Reinigung - Zahnbürstenaufsätze 10 St.,<p>Braun Oral-B iO Ultimative Reinigung - Zahnbürstenaufsätze 10 St.</p>,Braun,HW,"HW, Braun, import-ohne-bild",MERGE,draft,FALSE,global,Electronics > Computers > Computer Components,HHWB1137,62.99,,40.09,shopify,deny,342,TRUE,TRUE,0.186,kg,8700216777063,,,,40.09,12.84,2026-06-17T21:20:08
,hhwb1138-braun-oral-b-io-ultimative-reinigung-zahnbuerstenaufsaetze-10-st,MERGE,Braun Oral-B iO Ultimative Reinigung - Zahnbürstenaufsätze 10 St.,<p>Braun Oral-B iO Ultimative Reinigung - Zahnbürstenaufsätze 10 St.</p>,Braun,HW,"HW, Braun, import-ohne-bild",MERGE,draft,FALSE,global,Electronics > Computers > Computer Components,HHWB1138,62.99,,40.09,shopify,deny,500,TRUE,TRUE,0.185,kg,8700216777131,,,,40.09,12.84,2026-06-17T21:20:08
,hhwb4001-babyliss-hydro-fusion-hydro-fusion-smooth-shape-heissluftbuerste,MERGE,BaByliss Hydro-Fusion Hydro Fusion Smooth & Shape Heißluftbürste,<p>BaByliss Hydro-Fusion Hydro Fusion Smooth & Shape Heißluftbürste</p>,BaByliss,HW,"HW, BaByliss, import-ohne-bild",MERGE,draft,FALSE,global,Electronics > Computers > Computer Components,HHWB4001,56.99,,36.54,shopify,deny,2,TRUE,TRUE,1.166,kg,3030050179880,,,,36.54,11.35,2026-06-17T21:20:08
,hhwb4003-babyliss-super-x-15-in-1-multi-trimmer,MERGE,BaByliss Super-X 15-in-1-Multi-Trimmer,<p>BaByliss Super-X 15-in-1-Multi-Trimmer</p>,BaByliss,HW,"HW, BaByliss, import-ohne-bild",MERGE,draft,FALSE,global,Electronics > Computers > Computer Components,HHWB4003,89.99,,62.93,shopify,deny,2,TRUE,TRUE,1.116,kg,3030050165388,,,,62.93,12.69,2026-06-17T21:20:08
,hhwb4006-babyliss-wave-secret-air-locken-styler,MERGE,BaByliss Wave Secret Air Locken-Styler,<p>BaByliss Wave Secret Air Locken-Styler</p>,BaByliss,HW,"HW, BaByliss, import-ohne-bild",MERGE,draft,FALSE,global,Electronics > Computers > Computer Components,HHWB4006,123.99,,86.28,shopify,deny,8,TRUE,TRUE,1.490,kg,3030050182644,,,,86.28,17.91,2026-06-17T21:20:08
,hhwb4008-babyliss-black-onyx-glaetteisen,MERGE,Babyliss Black Onyx Glätteisen,<p>Babyliss Black Onyx Glätteisen</p>,BaByliss,HW,"HW, BaByliss, import-ohne-bild",MERGE,draft,FALSE,global,Electronics > Computers > Computer Components,HHWB4008,64.99,,41.62,shopify,deny,2,TRUE,TRUE,0.875,kg,3030050192995,,,,41.62,12.99,2026-06-17T21:20:08
,hhwb4012-babyliss-inspired-glaetteisen,MERGE,Babyliss Inspired Glätteisen,<p>Babyliss Inspired Glätteisen</p>,BaByliss,HW,"HW, BaByliss, import-ohne-bild",MERGE,draft,FALSE,global,Electronics > Computers > Computer Components,HHWB4012,53.99,,34.51,shopify,deny,7,TRUE,TRUE,0.825,kg,3030050193022,,,,34.51,10.86,2026-06-17T21:20:08
,hhwb4016-babyliss-air-volume,MERGE,Babyliss Air Volume,<p>Babyliss Air Volume</p>,BaByliss,HW,"HW, BaByliss, import-ohne-bild",MERGE,draft,FALSE,global,Electronics > Computers > Computer Components,HHWB4016,75.99,,52.78,shopify,deny,2,TRUE,TRUE,1.142,kg,3030050190915,,,,52.78,11.08,2026-06-17T21:20:08
,hhwb4022-babyliss-d374de-cordkeeper-2000-haartrockner,MERGE,BaByliss D374DE Cordkeeper 2000 Haartrockner,<p>BaByliss D374DE Cordkeeper 2000 Haartrockner</p>,BaByliss,HW,"HW, BaByliss, import-ohne-bild",MERGE,draft,FALSE,global,Electronics > Computers > Computer Components,HHWB4022,40.99,,26.39,shopify,deny,8,TRUE,TRUE,1.010,kg,3030050188042,,,,26.39,8.06,2026-06-17T21:20:08
,hhwb5006-beurer-hc-100-haartrockner-violett,MERGE,Beurer HC 100 Haartrockner Violett,<p>Beurer HC 100 Haartrockner Violett</p>,Beurer,HW,"HW, Beurer, import-ohne-bild",MERGE,draft,FALSE,global,Electronics > Computers > Computer Components,HHWB5006,97.99,,68.01,shopify,deny,14,TRUE,TRUE,1.925,kg,4211125100834,,,,68.01,14.33,2026-06-17T21:20:08
,hhwb5009-beurer-tageslichtlampe-tl-35,MERGE,Beurer Tageslichtlampe TL 35,<p>Beurer Tageslichtlampe TL 35</p>,Beurer,HW,"HW, Beurer, import-ohne-bild",MERGE,draft,FALSE,global,Electronics > Computers > Computer Components,HHWB5009,58.99,,37.56,shopify,deny,46,TRUE,TRUE,1.080,kg,6970229250545,,,,37.56,12.01,2026-06-17T21:20:08
,hhwb5010-beurer-tl-30-dekorationsleuchte-led,MERGE,Beurer TL 30 - Dekorationsleuchte - LED,<p>Beurer TL 30 - Dekorationsleuchte - LED</p>,Beurer,HW,"HW, Beurer, import-ohne-bild",MERGE,draft,FALSE,global,Electronics > Computers > Computer Components,HHWB5010,49.99,,31.97,shopify,deny,102,TRUE,TRUE,0.940,kg,6970229251702,,,,31.97,10.04,2026-06-17T21:20:08
,hhwb5011-beurer-tl-80-energielicht,MERGE,Beurer TL 80 - Energielicht,<p>Beurer TL 80 - Energielicht</p>,Beurer,HW,"HW, Beurer, import-ohne-bild",MERGE,draft,FALSE,global,Electronics > Computers > Computer Components,HHWB5011,79.99,,55.83,shopify,deny,44,TRUE,TRUE,3.650,kg,4211125608101,,,,55.83,11.39,2026-06-17T21:20:08
,hhwb5012-beurer-il-11-infrarotlampe,MERGE,Beurer IL 11 Infrarotlampe,<p>Beurer IL 11 Infrarotlampe</p>,Beurer,HW,"HW, Beurer, import-ohne-bild",MERGE,draft,FALSE,global,Electronics > Computers > Computer Components,HHWB5012,24.99,,15.23,shopify,deny,70,TRUE,TRUE,0.600,kg,4211125614034,,,,15.23,5.77,2026-06-17T21:20:08
,hhwb5014-beurer-mp41-elektrisches-manikuere-pedikueregeraet,MERGE,Beurer MP41 - Elektrisches Maniküre-/Pediküregerät,<p>Beurer MP41 - Elektrisches Maniküre-/Pediküregerät</p>,Beurer,HW,"HW, Beurer, import-ohne-bild",MERGE,draft,FALSE,global,Electronics > Computers > Computer Components,HHWB5014,38.99,,23.85,shopify,deny,85,TRUE,TRUE,0.480,kg,4211125572112,,,,23.85,8.91,2026-06-17T21:20:08
,hhwb5016-beurer-hc-25-foehn,MERGE,Beurer HC 25 - Föhn,<p>Beurer HC 25 - Föhn</p>,Beurer,HW,"HW, Beurer, import-ohne-bild",MERGE,draft,FALSE,global,Electronics > Computers > Computer Components,HHWB5016,24.99,,15.23,shopify,deny,65,TRUE,TRUE,0.670,kg,4211125591137,,,,15.23,5.77,2026-06-17T21:20:08
,hhwb5022-beurer-lb-300-plus-luftbefeuchter-black,MERGE,Beurer LB 300 Plus - Luftbefeuchter - Black,<p>Beurer LB 300 Plus - Luftbefeuchter - Black</p>,Beurer,HW,"HW, Beurer, import-ohne-bild",MERGE,draft,FALSE,global,Electronics > Computers > Computer Components,HHWB5022,169.99,,118.76,shopify,deny,53,TRUE,TRUE,3.950,kg,4211125100674,,,,118.76,24.09,2026-06-17T21:20:08
,hhwb5025-beurer-mg-10-massageball-schnurlos,MERGE,Beurer MG 10 - Massageball - schnurlos,<p>Beurer MG 10 - Massageball - schnurlos</p>,Beurer,HW,"HW, Beurer, import-ohne-bild",MERGE,draft,FALSE,global,Electronics > Computers > Computer Components,HHWB5025,17.99,,9.90,shopify,deny,46,TRUE,TRUE,0.294,kg,4211125648145,,,,9.90,5.22,2026-06-17T21:20:08
,hhwb5029-beurer-inhalator-ih-57-weiss-grau,MERGE,Beurer Inhalator IH 57 weiss/grau,<p>Beurer Inhalator IH 57 weiss/grau</p>,Beurer,HW,"HW, Beurer, import-ohne-bild",MERGE,draft,FALSE,global,Electronics > Computers > Computer Components,HHWB5029,58.99,,38.06,shopify,deny,1,TRUE,TRUE,0.520,kg,4211125601423,,,,38.06,11.51,2026-06-17T21:20:08
,hhwb5030-beurer-ub-100-waermeunterbett,MERGE,Beurer UB 100 - Wärmeunterbett,<p>Beurer UB 100 - Wärmeunterbett</p>,Beurer,HW,"HW, Beurer, import-ohne-bild",MERGE,draft,FALSE,global,Electronics > Computers > Computer Components,HHWB5030,104.99,,73.08,shopify,deny,9,TRUE,TRUE,2.500,kg,4211125375003,,,,73.08,15.15,2026-06-17T21:20:08
,hhwb5031-beurer-ub-90-waermeunterbett,MERGE,Beurer UB 90 - Wärmeunterbett,<p>Beurer UB 90 - Wärmeunterbett</p>,Beurer,HW,"HW, Beurer, import-ohne-bild",MERGE,draft,FALSE,global,Electronics > Computers > Computer Components,HHWB5031,76.99,,49.74,shopify,deny,62,TRUE,TRUE,1.567,kg,4211125370008,,,,49.74,14.96,2026-06-17T21:20:08
,hhwb5032-beurer-bm-48-oberarm-blutdruckmessgeraet,MERGE,Beurer BM 48 - Oberarm Blutdruckmessgerät,<p>Beurer BM 48 - Oberarm Blutdruckmessgerät</p>,Beurer,HW,"HW, Beurer, import-ohne-bild",MERGE,draft,FALSE,global,Electronics > Computers > Computer Components,HHWB5032,50.99,,32.48,shopify,deny,23,TRUE,TRUE,0.597,kg,4211125103507,,,,32.48,10.37,2026-06-17T21:20:08
,hhwd0078-de-longhi-ecodecalk-entkalker,MERGE,De Longhi EcoDecalk - Entkalker,<p>De Longhi EcoDecalk - Entkalker</p>,De Longhi,HW,"HW, De Longhi, import-ohne-bild",MERGE,draft,FALSE,global,Electronics > Computers > Computer Components,HHWD0078,13.99,,6.04,shopify,deny,500,TRUE,TRUE,0.637,kg,8004399329492,,,,6.04,5.72,2026-06-17T21:20:08
,hhwd1002-de-longhi-wasserenthaerter-filter-dlsc002,MERGE,De Longhi Wasserenthärter-Filter DLSC002,<p>De Longhi Wasserenthärter-Filter DLSC002</p>,De Longhi,HW,"HW, De Longhi, import-ohne-bild",MERGE,draft,FALSE,global,Electronics > Computers > Computer Components,HHWD1002,12.99,,5.08,shopify,deny,500,TRUE,TRUE,0.133,kg,8004399327252,,,,5.08,5.84,2026-06-17T21:20:08
,hhwe0017-ecovacs-deebot-mini-blue,MERGE,Ecovacs Deebot mini blue,<p>Ecovacs Deebot mini blue</p>,Ecovacs,HW,"HW, Ecovacs, import-ohne-bild",MERGE,draft,FALSE,global,Electronics > Computers > Computer Components,HHWE0017,260.99,,182.70,shopify,deny,39,TRUE,TRUE,10.850,kg,6970135036530,,,,182.70,36.62,2026-06-17T21:20:08
,hhwe1011-ecoflow-wave-series-car-vent-seal-magnetic-version,MERGE,ECOFLOW WAVE Series Car Vent Seal (Magnetic Version),<p>ECOFLOW WAVE Series Car Vent Seal (Magnetic Version)</p>,Ecoflow,PPS,"PPS, Ecoflow, import-ohne-bild",MERGE,draft,FALSE,global,Electronics,HHWE1011,73.99,,51.16,shopify,deny,5,TRUE,TRUE,0.761,kg,4895251631143,,,,51.16,11.02,2026-06-17T21:20:08
,hhwe1012-ecoflow-shower-kit,MERGE,ECOFLOW Shower Kit,<p>ECOFLOW Shower Kit</p>,Ecoflow,PPS,"PPS, Ecoflow, import-ohne-bild",MERGE,draft,FALSE,global,Electronics,HHWE1012,94.99,,65.98,shopify,deny,6,TRUE,TRUE,1.860,kg,4895251643023,,,,65.98,13.84,2026-06-17T21:20:08
,hhwe1013-ecoflow-wave-series-stabilizing-strap-kit,MERGE,ECOFLOW WAVE Series Stabilizing Strap Kit,<p>ECOFLOW WAVE Series Stabilizing Strap Kit</p>,Ecoflow,PPS,"PPS, Ecoflow, import-ohne-bild",MERGE,draft,FALSE,global,Electronics,HHWE1013,44.99,,28.93,shopify,deny,4,TRUE,TRUE,0.301,kg,4895251643016,,,,28.93,8.88,2026-06-17T21:20:08
,hhwg1032-ghd-mini-paddle-brush-schwarz,MERGE,Ghd Mini Paddle Brush - schwarz,<p>Ghd Mini Paddle Brush - schwarz</p>,ghd,HW,"HW, ghd, import-ohne-bild",MERGE,draft,FALSE,global,Electronics > Computers > Computer Components,HHWG1032,19.99,,11.17,shopify,deny,500,TRUE,TRUE,0.177,kg,5060829516477,,,,11.17,5.63,2026-06-17T21:20:08
,hhwg1040-ghd-sleek-talker-haaroel,MERGE,Ghd Sleek Talker - Haaröl,<p>Ghd Sleek Talker - Haaröl</p>,ghd,HW,"HW, ghd, import-ohne-bild",MERGE,draft,FALSE,global,Electronics > Computers > Computer Components,HHWG1040,27.99,,17.15,shopify,deny,181,TRUE,TRUE,0.157,kg,5060829514640,,,,17.15,6.37,2026-06-17T21:20:08
,hhwg1042-ghd-perfect-ending-final-fix-haarspray,MERGE,Ghd Perfect Ending - Final Fix Haarspray,<p>Ghd Perfect Ending - Final Fix Haarspray</p>,ghd,HW,"HW, ghd, import-ohne-bild",MERGE,draft,FALSE,global,Electronics > Computers > Computer Components,HHWG1042,11.99,,4.87,shopify,deny,62,TRUE,TRUE,0.083,kg,5060356734269,,,,4.87,5.21,2026-06-17T21:20:08
,hhwg1043-ghd-shiny-ever-after-hitzeschutz-spray,MERGE,Ghd Shiny Ever After - Hitzeschutz Spray,<p>Ghd Shiny Ever After - Hitzeschutz Spray</p>,ghd,HW,"HW, ghd, import-ohne-bild",MERGE,draft,FALSE,global,Electronics > Computers > Computer Components,HHWG1043,14.99,,7.31,shopify,deny,303,TRUE,TRUE,0.118,kg,5060356734306,,,,7.31,5.29,2026-06-17T21:20:08
,hhwg1046-ghd-dramatic-ending-haarserum,MERGE,Ghd Dramatic Ending - Haarserum,<p>Ghd Dramatic Ending - Haarserum</p>,ghd,HW,"HW, ghd, import-ohne-bild",MERGE,draft,FALSE,global,Electronics > Computers > Computer Components,HHWG1046,17.99,,9.44,shopify,deny,157,TRUE,TRUE,0.066,kg,5060356734290,,,,9.44,5.68,2026-06-17T21:20:08
,hhwg1048-ghd-body-goals-total-volume-schaumfestiger,MERGE,Ghd Body Goals Total Volume - Schaumfestiger,<p>Ghd Body Goals Total Volume - Schaumfestiger</p>,ghd,HW,"HW, ghd, import-ohne-bild",MERGE,draft,FALSE,global,Electronics > Computers > Computer Components,HHWG1048,17.99,,9.44,shopify,deny,334,TRUE,TRUE,0.296,kg,5060356734283,,,,9.44,5.68,2026-06-17T21:20:08
,hhwg1072-ghd-duet-style-geschenkset,MERGE,Ghd Duet Style Geschenkset,<p>Ghd Duet Style Geschenkset</p>,ghd,HW,"HW, ghd, import-ohne-bild",MERGE,draft,FALSE,global,Electronics > Computers > Computer Components,HHWG1072,279.99,,195.39,shopify,deny,150,TRUE,TRUE,2.008,kg,5056668006842,,,,195.39,39.90,2026-06-17T21:20:08
,hhwg1079-ghd-chronos-curve-grand-tong-lockenstab,MERGE,Ghd Chronos Curve Grand Tong - Lockenstab,<p>Ghd Chronos Curve Grand Tong - Lockenstab</p>,ghd,HW,"HW, ghd, import-ohne-bild",MERGE,draft,FALSE,global,Electronics > Computers > Computer Components,HHWG1079,179.99,,125.86,shopify,deny,14,TRUE,TRUE,1.012,kg,5056668002868,,,,125.86,25.39,2026-06-17T21:20:08
,hhwh0001-hand-desinfektionsgel-move-med-100ml,MERGE,HAND Desinfektionsgel MOVE Med+ 100ml,<p>HAND Desinfektionsgel MOVE Med+ 100ml</p>,ohne Angabe,HW,"HW, ohne Angabe, import-ohne-bild",MERGE,draft,FALSE,global,Electronics > Computers > Computer Components,HHWH0001,6.99,,0.51,shopify,deny,500,TRUE,TRUE,0.109,kg,4260510498452,,,,0.51,5.36,2026-06-17T21:20:08
,hhwk2005-kaercher-s-4-twin-kehrmaschine-20-l-kunststoff,MERGE,Kärcher S 4 Twin - Kehrmaschine - 20 L - Kunststoff,<p>Kärcher S 4 Twin - Kehrmaschine - 20 L - Kunststoff</p>,Kärcher,HW,"HW, Kärcher, import-ohne-bild",MERGE,draft,FALSE,global,Electronics > Computers > Computer Components,HHWK2005,131.99,,92.37,shopify,deny,16,TRUE,TRUE,11.500,kg,4054278247939,,,,92.37,18.55,2026-06-17T21:20:08
,hhwk2018-kaercher-ad-2-staubsauger-kanister-beutellos,MERGE,Kärcher AD 2 - Staubsauger - Kanister - beutellos,<p>Kärcher AD 2 - Staubsauger - Kanister - beutellos</p>,Kärcher,HW,"HW, Kärcher, import-ohne-bild",MERGE,draft,FALSE,global,Electronics > Computers > Computer Components,HHWK2018,111.99,,78.16,shopify,deny,28,TRUE,TRUE,6.450,kg,4054278242026,,,,78.16,15.95,2026-06-17T21:20:08
,hhwk2046-kaercher-vc-3-staubsauger-zylinder-vakuum-beutellos,MERGE,Kärcher VC 3 - Staubsauger - Zylinder-Vakuum - Beutellos,<p>Kärcher VC 3 - Staubsauger - Zylinder-Vakuum - Beutellos</p>,Kärcher,HW,"HW, Kärcher, import-ohne-bild",MERGE,draft,FALSE,global,Electronics > Computers > Computer Components,HHWK2046,119.99,,83.74,shopify,deny,19,TRUE,TRUE,7.500,kg,4054278991726,,,,83.74,17.09,2026-06-17T21:20:08
,hhwk2067-kaercher-sc-2-upright-dampfmopp,MERGE,Kärcher SC 2 UPRIGHT - Dampfmopp,<p>Kärcher SC 2 UPRIGHT - Dampfmopp</p>,Kärcher,HW,"HW, Kärcher, import-ohne-bild",MERGE,draft,FALSE,global,Electronics > Computers > Computer Components,HHWK2067,106.99,,74.60,shopify,deny,38,TRUE,TRUE,3.900,kg,4054278990279,,,,74.60,15.31,2026-06-17T21:20:08
,hhwk2071-kaercher-schmutzwasser-tauchpumpe-sp-22-000-750w,MERGE,Kärcher Schmutzwasser-Tauchpumpe SP 22.000 750W,<p>Kärcher Schmutzwasser-Tauchpumpe SP 22.000 750W</p>,Kärcher,HW,"HW, Kärcher, import-ohne-bild",MERGE,draft,FALSE,global,Electronics > Computers > Computer Components,HHWK2071,142.99,,99.47,shopify,deny,175,TRUE,TRUE,7.450,kg,4054278952031,,,,99.47,20.69,2026-06-17T21:20:08
,hhwk2072-kaercher-fensterduese-comfort-zubehoer,MERGE,Kärcher Fensterdüse Comfort Zubehör,<p>Kärcher Fensterdüse Comfort Zubehör</p>,Kärcher,HW,"HW, Kärcher, import-ohne-bild",MERGE,draft,FALSE,global,Electronics > Computers > Computer Components,HHWK2072,21.99,,12.69,shopify,deny,37,TRUE,TRUE,0.164,kg,4066529041487,,,,12.69,5.79,2026-06-17T21:20:08
,hhwk2074-kaercher-wv-verlaengerungsset-zubehoer-fuer-fensterreiniger-kaercher-wv,MERGE,Kärcher WV Verlängerungsset Zubehör für Fensterreiniger Kärcher WV,<p>Kärcher WV Verlängerungsset Zubehör für Fensterreiniger Kärcher WV</p>,Kärcher,HW,"HW, Kärcher, import-ohne-bild",MERGE,draft,FALSE,global,Electronics > Computers > Computer Components,HHWK2074,38.99,,24.36,shopify,deny,46,TRUE,TRUE,1.100,kg,4054278544830,,,,24.36,8.40,2026-06-17T21:20:08
,hhwk2080-kaercher-vch-4-uvclean,MERGE,Kärcher VCH 4 UVClean,<p>Kärcher VCH 4 UVClean</p>,Kärcher,HW,"HW, Kärcher, import-ohne-bild",MERGE,draft,FALSE,global,Electronics > Computers > Computer Components,HHWK2080,113.99,,79.17,shopify,deny,46,TRUE,TRUE,3.160,kg,4066529180155,,,,79.17,16.62,2026-06-17T21:20:08
,hhwk2082-kaercher-autoreinigungsset-innen-nw-35-7-teilig,MERGE,"Kärcher Autoreinigungsset Innen NW 35, 7-teilig","<p>Kärcher Autoreinigungsset Innen NW 35, 7-teilig</p>",Kärcher,HW,"HW, Kärcher, import-ohne-bild",MERGE,draft,FALSE,global,Electronics > Computers > Computer Components,HHWK2082,51.99,,33.50,shopify,deny,21,TRUE,TRUE,0.907,kg,4054278656342,,,,33.50,10.19,2026-06-17T21:20:08
,hhwk2084-kaercher-bohrstaubfaenger-fuer-wd-2-wd-6,MERGE,Kärcher Bohrstaubfänger (für WD 2 - WD 6),<p>Kärcher Bohrstaubfänger (für WD 2 - WD 6)</p>,Kärcher,HW,"HW, Kärcher, import-ohne-bild",MERGE,draft,FALSE,global,Electronics > Computers > Computer Components,HHWK2084,23.99,,14.21,shopify,deny,43,TRUE,TRUE,0.304,kg,4054278207414,,,,14.21,5.95,2026-06-17T21:20:08
,hhwk2085-kaercher-pcl-6,MERGE,Kärcher PCL 6,<p>Kärcher PCL 6</p>,Kärcher,HW,"HW, Kärcher, import-ohne-bild",MERGE,draft,FALSE,global,Electronics > Computers > Computer Components,HHWK2085,239.99,,167.48,shopify,deny,208,TRUE,TRUE,6.100,kg,4066529086884,,,,167.48,34.19,2026-06-17T21:20:08
,hhwk2087-kaercher-adapter-anti-twist,MERGE,Kärcher Adapter Anti-Twist,<p>Kärcher Adapter Anti-Twist</p>,Kärcher,HW,"HW, Kärcher, import-ohne-bild",MERGE,draft,FALSE,global,Electronics > Computers > Computer Components,HHWK2087,21.99,,13.20,shopify,deny,60,TRUE,TRUE,0.159,kg,4054278825779,,,,13.20,5.28,2026-06-17T21:20:08
,hhwk2089-kaercher-powerschrubber-ps-30-plus,MERGE,Kärcher Powerschrubber PS 30 Plus,<p>Kärcher Powerschrubber PS 30 Plus</p>,Kärcher,HW,"HW, Kärcher, import-ohne-bild",MERGE,draft,FALSE,global,Electronics > Computers > Computer Components,HHWK2089,48.99,,31.47,shopify,deny,60,TRUE,TRUE,1.273,kg,4054278713311,,,,31.47,9.70,2026-06-17T21:20:08
,hhwk2090-kaercher-reinigungsset-fuer-fassaden-und-glasflaechen-tla-4-zubehoer,MERGE,Kärcher Reinigungsset für Fassaden und Glasflächen (TLA 4 + Zubehör),<p>Kärcher Reinigungsset für Fassaden und Glasflächen (TLA 4 + Zubehör)</p>,Kärcher,HW,"HW, Kärcher, import-ohne-bild",MERGE,draft,FALSE,global,Electronics > Computers > Computer Components,HHWK2090,129.99,,90.34,shopify,deny,143,TRUE,TRUE,4.692,kg,4054278817514,,,,90.34,18.90,2026-06-17T21:20:08
,hhwk2092-kaercher-wd-4-v-20-5-22-staubsauger-kanister,MERGE,Kärcher WD 4 V-20/5/22 - Staubsauger - Kanister,<p>Kärcher WD 4 V-20/5/22 - Staubsauger - Kanister</p>,Kärcher,HW,"HW, Kärcher, import-ohne-bild",MERGE,draft,FALSE,global,Electronics > Computers > Computer Components,HHWK2092,115.99,,81.20,shopify,deny,27,TRUE,TRUE,9.600,kg,4066529027870,,,,81.20,16.27,2026-06-17T21:20:08
,hhwk2093-kaercher-wd-4-s-v-20-5-22-staubsauger-kanister,MERGE,Kärcher WD 4 S V-20/5/22 - Staubsauger - Kanister,<p>Kärcher WD 4 S V-20/5/22 - Staubsauger - Kanister</p>,Kärcher,HW,"HW, Kärcher, import-ohne-bild",MERGE,draft,FALSE,global,Electronics > Computers > Computer Components,HHWK2093,139.99,,97.44,shopify,deny,2,TRUE,TRUE,10.000,kg,4066529027887,,,,97.44,20.20,2026-06-17T21:20:08
,hhwk2094-kaercher-wd-4-p-v-20-5-22-staubsauger-kanister,MERGE,Kärcher WD 4 P V-20/5/22 - Staubsauger - Kanister,<p>Kärcher WD 4 P V-20/5/22 - Staubsauger - Kanister</p>,Kärcher,HW,"HW, Kärcher, import-ohne-bild",MERGE,draft,FALSE,global,Electronics > Computers > Computer Components,HHWK2094,152.99,,106.58,shopify,deny,20,TRUE,TRUE,10.000,kg,4066529027894,,,,106.58,21.98,2026-06-17T21:20:08
,hhwk2096-kaercher-vc-4-2-in-1-stabstaubsauger-beutellos-schwarz-gelb-rechteckig-,MERGE,"Kärcher VC 4, 2-in-1-Stabstaubsauger, Beutellos, Schwarz, Gelb, Rechteckig, Trocken, HEPA","<p>Kärcher VC 4, 2-in-1-Stabstaubsauger, Beutellos, Schwarz, Gelb, Rechteckig, Trocken, HEPA</p>",Kärcher,HW,"HW, Kärcher, import-ohne-bild",MERGE,draft,FALSE,global,Electronics > Computers > Computer Components,HHWK2096,167.99,,117.23,shopify,deny,8,TRUE,TRUE,4.280,kg,4054278975375,,,,117.23,23.94,2026-06-17T21:20:08
,hhwk2097-kaercher-vc-6-2-in-1-stabstaubsauger-beutellos-schwarz-gelb-rechteckig-,MERGE,"Kärcher VC 6, 2-in-1-Stabstaubsauger, Beutellos, Schwarz, Gelb, Rechteckig, Trocken, HEPA","<p>Kärcher VC 6, 2-in-1-Stabstaubsauger, Beutellos, Schwarz, Gelb, Rechteckig, Trocken, HEPA</p>",Kärcher,HW,"HW, Kärcher, import-ohne-bild",MERGE,draft,FALSE,global,Electronics > Computers > Computer Components,HHWK2097,268.99,,187.78,shopify,deny,15,TRUE,TRUE,0.000,kg,4054278975399,,,,187.78,38.26,2026-06-17T21:20:08
,hhwk2098-kaercher-sc-1-multi-up-tragbarer-dampfreiniger-0-2-l-schwarz-gelb-5-m-1,MERGE,"Kärcher SC 1 Multi & Up, Tragbarer Dampfreiniger, 0,2 l, Schwarz, Gelb, 5 m, 1300 W, 220-240 V","<p>Kärcher SC 1 Multi & Up, Tragbarer Dampfreiniger, 0,2 l, Schwarz, Gelb, 5 m, 1300 W, 220-240 V</p>",Kärcher,HW,"HW, Kärcher, import-ohne-bild",MERGE,draft,FALSE,global,Electronics > Computers > Computer Components,HHWK2098,94.99,,65.98,shopify,deny,6,TRUE,TRUE,3.100,kg,4054278999159,,,,65.98,13.84,2026-06-17T21:20:08
,hhwm0015-makita-p-73374-universal-bit-set-mit-universalhalter-31-teilig,MERGE,Makita P-73374 - Universal-Bit-Set mit Universalhalter - 31-teilig,<p>Makita P-73374 - Universal-Bit-Set mit Universalhalter - 31-teilig</p>,Makita,DV,"DV, Makita, import-ohne-bild",MERGE,draft,FALSE,global,Electronics,HHWM0015,14.99,,7.31,shopify,deny,27,TRUE,TRUE,0.267,kg,0088381704038,,,,7.31,5.29,2026-06-17T21:20:08
,hhwm0017-makita-b-44410-stichsaegeblatt-set-a-10-teilig-fuer-holz-metall-kunstst,MERGE,"Makita B-44410 - Stichsägeblatt-Set A, 10-teilig für Holz, Metall, Kunststoff","<p>Makita B-44410 - Stichsägeblatt-Set A, 10-teilig für Holz, Metall, Kunststoff</p>",Makita,DV,"DV, Makita, import-ohne-bild",MERGE,draft,FALSE,global,Electronics,HHWM0017,19.99,,11.67,shopify,deny,15,TRUE,TRUE,0.222,kg,0088381445474,,,,11.67,5.13,2026-06-17T21:20:08
,hhwm0019-makita-dhk180z-meisselhammer-18v,MERGE,"Makita DHK180Z - Meißelhammer, 18V","<p>Makita DHK180Z - Meißelhammer, 18V</p>",Makita,DV,"DV, Makita, import-ohne-bild",MERGE,draft,FALSE,global,Electronics,HHWM0019,405.99,,284.20,shopify,deny,1,TRUE,TRUE,3.720,kg,0088381891424,,,,284.20,56.97,2026-06-17T21:20:08
,hhwm0023-makita-dhr241z-bohrhammer-3-modi-18v,MERGE,Makita DHR241Z - Bohrhammer - 3 Modi - 18V,<p>Makita DHR241Z - Bohrhammer - 3 Modi - 18V</p>,Makita,DV,"DV, Makita, import-ohne-bild",MERGE,draft,FALSE,global,Electronics,HHWM0023,147.99,,103.53,shopify,deny,21,TRUE,TRUE,3.420,kg,0088381661768,,,,103.53,20.83,2026-06-17T21:20:08
,hhwm0024-makita-bl1860b-lxt-batterie-18v-li-ion-6-ah,MERGE,"Makita BL1860B - LXT Batterie, 18V, Li-Ion, 6 Ah","<p>Makita BL1860B - LXT Batterie, 18V, Li-Ion, 6 Ah</p>",Makita,DV,"DV, Makita, import-ohne-bild",MERGE,draft,FALSE,global,Electronics,HHWM0024,94.99,,65.98,shopify,deny,27,TRUE,TRUE,0.708,kg,0088381464123,,,,65.98,13.84,2026-06-17T21:20:08
,hhwm0027-makita-p-81050-bit-box-mit-bits-in-den-laengen-25-mm-und-75-mm-99-teili,MERGE,Makita P-81050 - Bit-Box mit Bits in den Längen 25 mm und 75 mm - 99-teilig,<p>Makita P-81050 - Bit-Box mit Bits in den Längen 25 mm und 75 mm - 99-teilig</p>,Makita,DV,"DV, Makita, import-ohne-bild",MERGE,draft,FALSE,global,Electronics,HHWM0027,33.99,,21.01,shopify,deny,96,TRUE,TRUE,0.900,kg,0088381443395,,,,21.01,7.55,2026-06-17T21:20:08
,hhwm0028-makita-e-25096-bit-set-mit-ratschenschraubendreher-44-teilig,MERGE,Makita E-25096 - Bit-Set mit Ratschenschraubendreher - 44-teilig,<p>Makita E-25096 - Bit-Set mit Ratschenschraubendreher - 44-teilig</p>,Makita,DV,"DV, Makita, import-ohne-bild",MERGE,draft,FALSE,global,Electronics,HHWM0028,33.99,,20.81,shopify,deny,45,TRUE,TRUE,0.765,kg,0197050364623,,,,20.81,7.75,2026-06-17T21:20:08
,hhwm0029-makita-dhp489z-schlagbohrschrauber-18v,MERGE,Makita DHP489Z - Schlagbohrschrauber - 18V,<p>Makita DHP489Z - Schlagbohrschrauber - 18V</p>,Makita,DV,"DV, Makita, import-ohne-bild",MERGE,draft,FALSE,global,Electronics,HHWM0029,168.99,,117.74,shopify,deny,44,TRUE,TRUE,1.942,kg,0088381775601,,,,117.74,24.27,2026-06-17T21:20:08
,hhwm0030-makita-makpac-2-box-fuer-elektrowerkzeuge,MERGE,Makita MAKPAC 2 - Box für Elektrowerkzeuge,<p>Makita MAKPAC 2 - Box für Elektrowerkzeuge</p>,Makita,DV,"DV, Makita, import-ohne-bild",MERGE,draft,FALSE,global,Electronics,HHWM0030,30.99,,18.78,shopify,deny,83,TRUE,TRUE,1.559,kg,0088381430128,,,,18.78,7.26,2026-06-17T21:20:08
,hhwm0031-makita-djv186z-stichsaege-18v,MERGE,Makita DJV186Z - Stichsäge - 18V,<p>Makita DJV186Z - Stichsäge - 18V</p>,Makita,DV,"DV, Makita, import-ohne-bild",MERGE,draft,FALSE,global,Electronics,HHWM0031,94.99,,66.48,shopify,deny,27,TRUE,TRUE,1.882,kg,0197050011855,,,,66.48,13.34,2026-06-17T21:20:08
,hhwm0034-makita-ddf487z-bohrschrauber-18v,MERGE,"Makita DDF487Z - Bohrschrauber, 18V","<p>Makita DDF487Z - Bohrschrauber, 18V</p>",Makita,DV,"DV, Makita, import-ohne-bild",MERGE,draft,FALSE,global,Electronics,HHWM0034,113.99,,79.17,shopify,deny,37,TRUE,TRUE,1.272,kg,0088381736558,,,,79.17,16.62,2026-06-17T21:20:08
,hhwm0038-makita-dtw700z-schlagschrauber-18-v,MERGE,"Makita DTW700Z - Schlagschrauber, 18 V","<p>Makita DTW700Z - Schlagschrauber, 18 V</p>",Makita,DV,"DV, Makita, import-ohne-bild",MERGE,draft,FALSE,global,Electronics,HHWM0038,253.99,,177.63,shopify,deny,34,TRUE,TRUE,2.420,kg,0088381723831,,,,177.63,35.81,2026-06-17T21:20:08
,hhwm4007-melitta-ci-touch-silber,MERGE,Melitta CI Touch - Silber,<p>Melitta CI Touch - Silber</p>,Melitta,HW,"HW, Melitta, import-ohne-bild",MERGE,draft,FALSE,global,Electronics > Computers > Computer Components,HHWM4007,695.99,,487.20,shopify,deny,2,TRUE,TRUE,11.400,kg,4006508228034,,,,487.20,97.67,2026-06-17T21:20:08
,hhwm4008-melitta-latticia-ot-schwarz,MERGE,Melitta Latticia OT - Schwarz,<p>Melitta Latticia OT - Schwarz</p>,Melitta,HW,"HW, Melitta, import-ohne-bild",MERGE,draft,FALSE,global,Electronics > Computers > Computer Components,HHWM4008,507.99,,355.25,shopify,deny,6,TRUE,TRUE,9.250,kg,4006508223923,,,,355.25,71.63,2026-06-17T21:20:08
,hhwm4013-melitta-aromafresh-glas-pro-x-grau,MERGE,Melitta AromaFresh Glas Pro X - Grau,<p>Melitta AromaFresh Glas Pro X - Grau</p>,Melitta,HW,"HW, Melitta, import-ohne-bild",MERGE,draft,FALSE,global,Electronics > Computers > Computer Components,HHWM4013,231.99,,162.40,shopify,deny,3,TRUE,TRUE,5.220,kg,4006508230136,,,,162.40,32.55,2026-06-17T21:20:08
,hhwm4014-melitta-aromafresh-glas-pro-x-schwarz-silber,MERGE,Melitta AromaFresh Glas Pro X - Schwarz/Silber,<p>Melitta AromaFresh Glas Pro X - Schwarz/Silber</p>,Melitta,HW,"HW, Melitta, import-ohne-bild",MERGE,draft,FALSE,global,Electronics > Computers > Computer Components,HHWM4014,210.99,,147.18,shopify,deny,1,TRUE,TRUE,5.200,kg,4006508225507,,,,147.18,30.12,2026-06-17T21:20:08
,hhwo0004-outin-mino-space-grey-portable-electric-espresso-machine,MERGE,OutIn Mino - Space Grey - Portable Electric Espresso Machine,<p>OutIn Mino - Space Grey - Portable Electric Espresso Machine</p>,OutIn,HW,"HW, OutIn, import-ohne-bild",MERGE,draft,FALSE,global,Electronics > Computers > Computer Components,HHWO0004,188.99,,131.95,shopify,deny,21,TRUE,TRUE,1.200,kg,1230000232463,,,,131.95,26.87,2026-06-17T21:20:08
,hhwp0101-philips-7000-series-dst7050-70-dampfbuegeleisen-gruen,MERGE,Philips 7000 series DST7050/70 - Dampfbügeleisen - Grün,<p>Philips 7000 series DST7050/70 - Dampfbügeleisen - Grün</p>,Philips,HW,"HW, Philips, import-ohne-bild",MERGE,draft,FALSE,global,Electronics > Computers > Computer Components,HHWP0101,107.99,,75.01,shopify,deny,6,TRUE,TRUE,1.874,kg,8720389015809,,,,75.01,15.74,2026-06-17T21:20:08
,hhwr0018-remington-haarschneider-hc5020,MERGE,Remington Haarschneider HC5020,<p>Remington Haarschneider HC5020</p>,Remington,HW,"HW, Remington, import-ohne-bild",MERGE,draft,FALSE,global,Electronics > Computers > Computer Components,HHWR0018,18.99,,10.15,shopify,deny,13,TRUE,TRUE,0.567,kg,5038061139082,,,,10.15,5.81,2026-06-17T21:20:08
,hhwr3019-rowenta-dual-force-rh6737wh-2-in-1-vaccum-cleaner,MERGE,ROWENTA Dual Force RH6737WH (2-in-1) - Vaccum cleaner,<p>ROWENTA Dual Force RH6737WH (2-in-1) - Vaccum cleaner</p>,Rowenta,HW,"HW, Rowenta, import-ohne-bild",MERGE,draft,FALSE,global,Electronics > Computers > Computer Components,HHWR3019,137.99,,96.43,shopify,deny,1,TRUE,TRUE,4.318,kg,3221616007222,,,,96.43,19.53,2026-06-17T21:20:08
,hhwr8000-ryobi-rak30mix-schraubendreher-und-bohrer-bitsatz,MERGE,Ryobi RAK30MIX - Schraubendreher- und Bohrer-Bitsatz,<p>Ryobi RAK30MIX - Schraubendreher- und Bohrer-Bitsatz</p>,Ryobi,DV,"DV, Ryobi, import-ohne-bild",MERGE,draft,FALSE,global,Electronics,HHWR8000,19.99,,11.17,shopify,deny,127,TRUE,TRUE,0.775,kg,4892210113375,,,,11.17,5.63,2026-06-17T21:20:08
,hhwt1001-terra-home-magnetischer-topfuntersetzer-eiche-2er-set,MERGE,"Terra Home Magnetischer Topfuntersetzer Eiche, 2er Set","<p>Terra Home Magnetischer Topfuntersetzer Eiche, 2er Set</p>",Terra Home,HW,"HW, Terra Home, import-ohne-bild",MERGE,draft,FALSE,global,Electronics > Computers > Computer Components,HHWT1001,7.99,,1.02,shopify,deny,491,TRUE,TRUE,0.270,kg,4262363856472,,,,1.02,5.69,2026-06-17T21:20:08
,hhww029-wmf-perfect-plus-one-pot-schnellkochtopf-set-4-5l-3l,MERGE,"WMF Perfect Plus One Pot Schnellkochtopf-Set 4,5L+3L","<p>WMF Perfect Plus One Pot Schnellkochtopf-Set 4,5L+3L</p>",WMF,HW,"HW, WMF, import-ohne-bild",MERGE,draft,FALSE,global,Electronics > Computers > Computer Components,HHWW029,220.99,,154.28,shopify,deny,1,TRUE,TRUE,5.660,kg,4000530725172,,,,154.28,31.43,2026-06-17T21:20:08
,hhww032-wmf-kuechenminis-smoothie-to-go-deep-black,MERGE,"WMF KÜCHENminis Smoothie-to-go, Deep Black","<p>WMF KÜCHENminis Smoothie-to-go, Deep Black</p>",WMF,HW,"HW, WMF, import-ohne-bild",MERGE,draft,FALSE,global,Electronics > Computers > Computer Components,HHWW032,59.99,,38.57,shopify,deny,4,TRUE,TRUE,1.838,kg,4211129226776,,,,38.57,11.84,2026-06-17T21:20:08
,hhwx0140-dreame-x40-master-robotersauger-schwarz,MERGE,Dreame X40 Master Robotersauger Schwarz,<p>Dreame X40 Master Robotersauger Schwarz</p>,Dreame,HW,"HW, Dreame, import-ohne-bild",MERGE,draft,FALSE,global,Electronics > Computers > Computer Components,HHWX0140,565.99,,395.85,shopify,deny,5,TRUE,TRUE,26.080,kg,6976233677163,,,,395.85,79.77,2026-06-17T21:20:08
,lego0041-lego-star-wars-captain-rex-y-wing-microfighter,MERGE,LEGO Star Wars Captain Rex Y-Wing Microfighter,<p>LEGO Star Wars Captain Rex Y-Wing Microfighter</p>,Lego,DV,"DV, Lego, import-ohne-bild",MERGE,draft,FALSE,global,Electronics,LEGO0041,13.99,,6.29,shopify,deny,500,TRUE,TRUE,0.137,kg,5702017584478,,,,6.29,5.47,2026-06-17T21:20:08
,lego0045-lego-speed-champions-visa-cash-app-rb-vcarb-01-f1-rennauto-77246,MERGE,LEGO Speed Champions Visa Cash App RB VCARB 01 F1 Rennauto 77246,<p>LEGO Speed Champions Visa Cash App RB VCARB 01 F1 Rennauto 77246</p>,Lego,DV,"DV, Lego, import-ohne-bild",MERGE,draft,FALSE,global,Electronics,LEGO0045,23.99,,14.41,shopify,deny,93,TRUE,TRUE,0.316,kg,5702017816135,,,,14.41,5.75,2026-06-17T21:20:08
,lego0047-lego-star-wars-clone-trooper-battle-droid-battle-pack-75372,MERGE,LEGO Star Wars Clone Trooper & Battle Droid Battle Pack 75372,<p>LEGO Star Wars Clone Trooper & Battle Droid Battle Pack 75372</p>,Lego,DV,"DV, Lego, import-ohne-bild",MERGE,draft,FALSE,global,Electronics,LEGO0047,25.99,,15.73,shopify,deny,77,TRUE,TRUE,0.243,kg,5702017584317,,,,15.73,6.11,2026-06-17T21:20:08
,lego0048-lego-ninjago-lloyds-gruener-walddrache-71829,MERGE,LEGO NINJAGO Lloyds grüner Walddrache 71829,<p>LEGO NINJAGO Lloyds grüner Walddrache 71829</p>,Lego,DV,"DV, Lego, import-ohne-bild",MERGE,draft,FALSE,global,Electronics,LEGO0048,18.99,,10.35,shopify,deny,189,TRUE,TRUE,0.239,kg,5702017815640,,,,10.35,5.61,2026-06-17T21:20:08
,lego0062-lego-botanical-lotusblumen,MERGE,LEGO Botanical Lotusblumen,<p>LEGO Botanical Lotusblumen</p>,Lego,DV,"DV, Lego, import-ohne-bild",MERGE,draft,FALSE,global,Electronics,LEGO0062,13.99,,6.70,shopify,deny,91,TRUE,TRUE,0.160,kg,5702017471549,,,,6.70,5.06,2026-06-17T21:20:08
,mbai0031-tuf-gaming-b760-plus-wifi-90mb1er0-m1eay0,MERGE,TUF GAMING B760-PLUS WIFI | 90MB1ER0-M1EAY0,<p>TUF GAMING B760-PLUS WIFI | 90MB1ER0-M1EAY0</p>,Asustek,,"Asustek, import-ohne-bild",MERGE,draft,FALSE,global,Electronics,MBAI0031,136.99,,95.91,shopify,deny,14,TRUE,TRUE,1.970,kg,4711387095119,,,,95.91,19.21,2026-06-17T21:20:08
,mbai0044-proart-x870e-creator-wifi-90mb1ig0-m0eay0,MERGE,ProArt X870E-CREATOR WIFI | 90MB1IG0-M0EAY0,<p>ProArt X870E-CREATOR WIFI | 90MB1IG0-M0EAY0</p>,Asustek,,"Asustek, import-ohne-bild",MERGE,draft,FALSE,global,Electronics,MBAI0044,492.99,,345.01,shopify,deny,108,TRUE,TRUE,2.810,kg,4711387730775,,,,345.01,69.27,2026-06-17T21:20:08
,mbai0046-asus-prime-b840-plus-wifi-90mb1iz0-m0eay0,MERGE,ASUS PRIME B840-PLUS WIFI | 90MB1IZ0-M0EAY0,<p>ASUS PRIME B840-PLUS WIFI | 90MB1IZ0-M0EAY0</p>,Asustek,,"Asustek, import-ohne-bild",MERGE,draft,FALSE,global,Electronics,MBAI0046,156.99,,109.51,shopify,deny,149,TRUE,TRUE,1.820,kg,4711387797273,,,,109.51,22.41,2026-06-17T21:20:08
,mbai0047-asus-prime-b840m-a-wifi-90mb1j20-m0eay0,MERGE,ASUS PRIME B840M-A WIFI | 90MB1J20-M0EAY0,<p>ASUS PRIME B840M-A WIFI | 90MB1J20-M0EAY0</p>,Asustek,,"Asustek, import-ohne-bild",MERGE,draft,FALSE,global,Electronics,MBAI0047,141.99,,99.00,shopify,deny,45,TRUE,TRUE,1.546,kg,4711387797143,,,,99.00,20.32,2026-06-17T21:20:08
,mbai0048-prime-b850-plus-wifi-90mb1l80-m0eay0,MERGE,PRIME B850-PLUS WIFI | 90MB1L80-M0EAY0,<p>PRIME B850-PLUS WIFI | 90MB1L80-M0EAY0</p>,Asustek,,"Asustek, import-ohne-bild",MERGE,draft,FALSE,global,Electronics,MBAI0048,148.99,,103.91,shopify,deny,89,TRUE,TRUE,1.810,kg,4711387931509,,,,103.91,21.29,2026-06-17T21:20:08
,mohp0024-hp-524pm-series-5-pro-led-monitor-61-cm-24-9e0g9ut-abb,MERGE,"HP 524pm - Series 5 Pro - LED-Monitor - 61 cm (24"") (9E0G9UT#ABB)","<p>HP 524pm - Series 5 Pro - LED-Monitor - 61 cm (24"") (9E0G9UT#ABB)</p>",Hewlett Packard,MONITOR,"MONITOR, Hewlett Packard, import-ohne-bild",MERGE,draft,FALSE,global,Electronics > Video > Video Components > Monitors,MOHP0024,341.99,,239.00,shopify,deny,5,TRUE,TRUE,8.960,kg,0198122902057,,,,239.00,48.39,2026-06-17T21:20:08
,mol0000-lenovo-thinkvision-t24d-40-led-monitor-61-cm-23-8-64b9gat1eu,MERGE,"Lenovo ThinkVision T24D-40 - LED-Monitor - 61 cm (23,8"") (64B9GAT1EU)","<p>Lenovo ThinkVision T24D-40 - LED-Monitor - 61 cm (23,8"") (64B9GAT1EU)</p>",Lenovo,MONITOR,"MONITOR, Lenovo, import-ohne-bild",MERGE,draft,FALSE,global,Electronics > Video > Video Components > Monitors,MOL0000,205.99,,144.01,shopify,deny,24,TRUE,TRUE,7.740,kg,0198156725684,,,,144.01,29.09,2026-06-17T21:20:08
,nass0085-synology-diskstation-ds425-nas-server,MERGE,Synology DiskStation DS425+ - NAS-Server,<p>Synology DiskStation DS425+ - NAS-Server</p>,Synology,OHNE HDD,"OHNE HDD, Synology, import-ohne-bild",MERGE,draft,FALSE,global,Electronics,NASS0085,636.99,,445.59,shopify,deny,61,TRUE,TRUE,3.780,kg,4711174725991,,,,445.59,89.70,2026-06-17T21:20:08
,navs0001-stmicro-evb-liv4f-gnss-gps-development-tool-teseo-liv4f,MERGE,STMicro EVB-LIV4F GNSS/GPS Development Tool TESEO-LIV4F,<p>STMicro EVB-LIV4F GNSS/GPS Development Tool TESEO-LIV4F</p>,STMicro,DV,"DV, STMicro, import-ohne-bild",MERGE,draft,FALSE,global,Electronics,NAVS0001,391.99,,274.05,shopify,deny,4,TRUE,TRUE,0.407,kg,,,,,274.05,55.35,2026-06-17T21:20:08
,navu0001-unicore-um980-usb-dongle,MERGE,Unicore UM980 USB Dongle,<p>Unicore UM980 USB Dongle</p>,Unicore,DV,"DV, Unicore, import-ohne-bild",MERGE,draft,FALSE,global,Electronics,NAVU0001,333.99,,233.45,shopify,deny,5,TRUE,TRUE,0.024,kg,,,,,233.45,47.21,2026-06-17T21:20:08
,navu1001-u-blox-neo-f9p-15b-usb-dongle,MERGE,U-BLOX NEO-F9P-15B USB Dongle,<p>U-BLOX NEO-F9P-15B USB Dongle</p>,U-BLOX,DV,"DV, U-BLOX, import-ohne-bild",MERGE,draft,FALSE,global,Electronics,NAVU1001,362.99,,253.75,shopify,deny,5,TRUE,TRUE,0.017,kg,,,,,253.75,51.28,2026-06-17T21:20:08
,neta0011-fritz-box-5690-fiber-wifi-7,MERGE,FRITZ!BOX 5690 FIBER - WiFi 7,<p>FRITZ!BOX 5690 FIBER - WiFi 7</p>,FRITZ!,ZUBEHÖR,"ZUBEHÖR, FRITZ!, import-ohne-bild",MERGE,draft,FALSE,global,Electronics > Electronics Accessories,NETA0011,311.99,,218.23,shopify,deny,29,TRUE,TRUE,1.031,kg,4023125030963,,,,218.23,43.95,2026-06-17T21:20:08
,nett0002-tp-link-tl-sf1005d-5-port-10-100mbps-desktop-switc,MERGE,TP-LINK TL-SF1005D 5-Port 10/100Mbps Desktop Switc,<p>TP-LINK TL-SF1005D 5-Port 10/100Mbps Desktop Switc</p>,TP-LINK,SWITCH,"SWITCH, TP-LINK, import-ohne-bild",MERGE,draft,FALSE,global,Electronics > Networking > Network Switches,NETT0002,12.99,,5.58,shopify,deny,46,TRUE,TRUE,0.204,kg,6935364020064,,,,5.58,5.34,2026-06-17T21:20:08
,nett0003-tp-link-tl-sg1008d-switch-8-x-10-100-1000,MERGE,TP-LINK TL-SG1008D - Switch - 8 x 10/100/1000,<p>TP-LINK TL-SG1008D - Switch - 8 x 10/100/1000</p>,TP-LINK,SWITCH,"SWITCH, TP-LINK, import-ohne-bild",MERGE,draft,FALSE,global,Electronics > Networking > Network Switches,NETT0003,22.99,,13.91,shopify,deny,43,TRUE,TRUE,0.315,kg,6935364092313,,,,13.91,5.41,2026-06-17T21:20:08
,nett0019-tp-link-tl-wa850re-300mbps-universal,MERGE,TP-LINK TL-WA850RE 300Mbps Universal,<p>TP-LINK TL-WA850RE 300Mbps Universal</p>,TP-LINK,ZUBEHÖR,"ZUBEHÖR, TP-LINK, import-ohne-bild",MERGE,draft,FALSE,global,Electronics > Electronics Accessories,NETT0019,19.99,,11.17,shopify,deny,119,TRUE,TRUE,0.240,kg,6935364070199,,,,11.17,5.63,2026-06-17T21:20:08
,nett0051-tp-link-re550-wi-fi-range-extender-wi-fi,MERGE,TP-LINK RE550 - Wi-Fi-Range-Extender - Wi-Fi,<p>TP-LINK RE550 - Wi-Fi-Range-Extender - Wi-Fi</p>,TP-LINK,ZUBEHÖR,"ZUBEHÖR, TP-LINK, import-ohne-bild",MERGE,draft,FALSE,global,Electronics > Electronics Accessories,NETT0051,57.99,,37.05,shopify,deny,414,TRUE,TRUE,0.368,kg,6935364072469,,,,37.05,11.68,2026-06-17T21:20:08
,nett0054-tp-link-tl-wa855re-300mbps-mini-wireless-n-range-extender,MERGE,TP-LINK TL-WA855RE 300Mbps Mini Wireless N Range Extender,<p>TP-LINK TL-WA855RE 300Mbps Mini Wireless N Range Extender</p>,TP-LINK,ZUBEHÖR,"ZUBEHÖR, TP-LINK, import-ohne-bild",MERGE,draft,FALSE,global,Electronics > Electronics Accessories,NETT0054,21.99,,13.30,shopify,deny,172,TRUE,TRUE,0.209,kg,6935364099305,,,,13.30,5.18,2026-06-17T21:20:08
,nett0081-tp-link-uh700-hub-7-x-superspeed-usb-3-0,MERGE,TP-LINK UH700 - Hub - 7 x SuperSpeed USB 3.0,<p>TP-LINK UH700 - Hub - 7 x SuperSpeed USB 3.0</p>,TP-LINK,ZUBEHÖR,"ZUBEHÖR, TP-LINK, import-ohne-bild",MERGE,draft,FALSE,global,Electronics > Electronics Accessories,NETT0081,34.99,,21.32,shopify,deny,1,TRUE,TRUE,0.531,kg,6935364010065,,,,21.32,8.08,2026-06-17T21:20:08
,nett0085-tp-link-jetstream-tl-sg3428xmp-switch-managed-24-x-10-100-1000-poe,MERGE,TP-LINK JetStream TL-SG3428XMP - Switch - managed - 24 x 10/100/1000 (PoE+),<p>TP-LINK JetStream TL-SG3428XMP - Switch - managed - 24 x 10/100/1000 (PoE+)</p>,TP-LINK,SWITCH,"SWITCH, TP-LINK, import-ohne-bild",MERGE,draft,FALSE,global,Electronics > Networking > Network Switches,NETT0085,492.99,,345.10,shopify,deny,87,TRUE,TRUE,6.140,kg,6935364030773,,,,345.10,69.18,2026-06-17T21:20:08
,nett0086-tp-link-jetstream-tl-sg3452-t2600g-52ts-switch-managed,MERGE,TP-LINK JetStream - TL-SG3452 - T2600G-52TS - Switch - managed,<p>TP-LINK JetStream - TL-SG3452 - T2600G-52TS - Switch - managed</p>,TP-LINK,SWITCH,"SWITCH, TP-LINK, import-ohne-bild",MERGE,draft,FALSE,global,Electronics > Networking > Network Switches,NETT0086,356.99,,249.69,shopify,deny,6,TRUE,TRUE,4.550,kg,6935364010751,,,,249.69,50.30,2026-06-17T21:20:08
,nett0097-tp-link-archer-mr400-v3-wireless-router-wwan,MERGE,TP-LINK Archer MR400 V3 - Wireless Router - WWAN,<p>TP-LINK Archer MR400 V3 - Wireless Router - WWAN</p>,TP-LINK,ROUTER,"ROUTER, TP-LINK, import-ohne-bild",MERGE,draft,FALSE,global,Electronics > Networking,NETT0097,75.99,,52.78,shopify,deny,5,TRUE,TRUE,0.742,kg,6935364086862,,,,52.78,11.08,2026-06-17T21:20:08
,nett0147-tp-link-eap620hd-accesspoint,MERGE,TP-LINK EAP620HD - AccessPoint,<p>TP-LINK EAP620HD - AccessPoint</p>,TP-LINK,ROUTER,"ROUTER, TP-LINK, import-ohne-bild",MERGE,draft,FALSE,global,Electronics > Networking,NETT0147,131.99,,91.86,shopify,deny,61,TRUE,TRUE,1.263,kg,4897098687765,,,,91.86,19.06,2026-06-17T21:20:08
,nett0149-tp-link-festa-f65-access-point,MERGE,TP-LINK Festa F65 - Access Point,<p>TP-LINK Festa F65 - Access Point</p>,TP-LINK,ZUBEHÖR,"ZUBEHÖR, TP-LINK, import-ohne-bild",MERGE,draft,FALSE,global,Electronics > Electronics Accessories,NETT0149,120.99,,84.25,shopify,deny,30,TRUE,TRUE,0.902,kg,8885021370170,,,,84.25,17.42,2026-06-17T21:20:08
,nett0150-tp-link-festa-f65-wall-access-point,MERGE,TP-LINK Festa F65-WALL - Access Point,<p>TP-LINK Festa F65-WALL - Access Point</p>,TP-LINK,ZUBEHÖR,"ZUBEHÖR, TP-LINK, import-ohne-bild",MERGE,draft,FALSE,global,Electronics > Electronics Accessories,NETT0150,101.99,,71.05,shopify,deny,43,TRUE,TRUE,0.426,kg,8885021370156,,,,71.05,14.66,2026-06-17T21:20:08
,nett0151-tp-link-festa-f65-outdoor-access-point,MERGE,TP-LINK Festa F65-Outdoor - Access Point,<p>TP-LINK Festa F65-Outdoor - Access Point</p>,TP-LINK,ZUBEHÖR,"ZUBEHÖR, TP-LINK, import-ohne-bild",MERGE,draft,FALSE,global,Electronics > Electronics Accessories,NETT0151,173.99,,121.80,shopify,deny,10,TRUE,TRUE,1.555,kg,8885021370163,,,,121.80,24.41,2026-06-17T21:20:08
,nett0152-tp-link-festa-f61-access-point,MERGE,TP-LINK Festa F61 - Access Point,<p>TP-LINK Festa F61 - Access Point</p>,TP-LINK,ZUBEHÖR,"ZUBEHÖR, TP-LINK, import-ohne-bild",MERGE,draft,FALSE,global,Electronics > Electronics Accessories,NETT0152,72.99,,50.75,shopify,deny,27,TRUE,TRUE,0.887,kg,8885021370194,,,,50.75,10.59,2026-06-17T21:20:08
,nett0153-tp-link-festa-f61-outdoor-access-point,MERGE,TP-LINK Festa F61-Outdoor - Access Point,<p>TP-LINK Festa F61-Outdoor - Access Point</p>,TP-LINK,ZUBEHÖR,"ZUBEHÖR, TP-LINK, import-ohne-bild",MERGE,draft,FALSE,global,Electronics > Electronics Accessories,NETT0153,156.99,,109.62,shopify,deny,24,TRUE,TRUE,1.552,kg,8885021370187,,,,109.62,22.30,2026-06-17T21:20:08
,nett0154-tp-link-festa-f54-access-point,MERGE,TP-LINK Festa F54 - Access Point,<p>TP-LINK Festa F54 - Access Point</p>,TP-LINK,ZUBEHÖR,"ZUBEHÖR, TP-LINK, import-ohne-bild",MERGE,draft,FALSE,global,Electronics > Electronics Accessories,NETT0154,88.99,,61.92,shopify,deny,55,TRUE,TRUE,1.104,kg,8885021370200,,,,61.92,12.86,2026-06-17T21:20:08
,nett0155-tp-link-festa-f52-access-point,MERGE,TP-LINK Festa F52 - Access Point,<p>TP-LINK Festa F52 - Access Point</p>,TP-LINK,ZUBEHÖR,"ZUBEHÖR, TP-LINK, import-ohne-bild",MERGE,draft,FALSE,global,Electronics > Electronics Accessories,NETT0155,74.99,,48.21,shopify,deny,45,TRUE,TRUE,1.056,kg,8885021370231,,,,48.21,14.81,2026-06-17T21:20:08
,nett0156-tp-link-festa-f52-wall-access-point,MERGE,TP-LINK Festa F52-Wall - Access Point,<p>TP-LINK Festa F52-Wall - Access Point</p>,TP-LINK,ZUBEHÖR,"ZUBEHÖR, TP-LINK, import-ohne-bild",MERGE,draft,FALSE,global,Electronics > Electronics Accessories,NETT0156,73.99,,47.71,shopify,deny,18,TRUE,TRUE,0.334,kg,8885021370217,,,,47.71,14.47,2026-06-17T21:20:08
,nett0157-tp-link-festa-f52-outdoor-access-point,MERGE,TP-LINK Festa F52-Outdoor - Access Point,<p>TP-LINK Festa F52-Outdoor - Access Point</p>,TP-LINK,ZUBEHÖR,"ZUBEHÖR, TP-LINK, import-ohne-bild",MERGE,draft,FALSE,global,Electronics > Electronics Accessories,NETT0157,84.99,,58.87,shopify,deny,9,TRUE,TRUE,0.711,kg,8885021370224,,,,58.87,12.55,2026-06-17T21:20:08
,nett0160-tp-link-festa-fs328gp-switch,MERGE,TP-LINK Festa FS328GP - Switch,<p>TP-LINK Festa FS328GP - Switch</p>,TP-LINK,SWITCH,"SWITCH, TP-LINK, import-ohne-bild",MERGE,draft,FALSE,global,Electronics > Networking > Network Switches,NETT0160,318.99,,223.30,shopify,deny,8,TRUE,TRUE,4.380,kg,8885020621501,,,,223.30,44.76,2026-06-17T21:20:08
,nett0161-tp-link-festa-fs328g-switch,MERGE,TP-LINK Festa FS328G - Switch,<p>TP-LINK Festa FS328G - Switch</p>,TP-LINK,SWITCH,"SWITCH, TP-LINK, import-ohne-bild",MERGE,draft,FALSE,global,Electronics > Networking > Network Switches,NETT0161,189.99,,132.97,shopify,deny,11,TRUE,TRUE,3.150,kg,8885020624014,,,,132.97,26.69,2026-06-17T21:20:08
,nett0162-tp-link-festa-fs318gp-switch,MERGE,TP-LINK Festa FS318GP - Switch,<p>TP-LINK Festa FS318GP - Switch</p>,TP-LINK,SWITCH,"SWITCH, TP-LINK, import-ohne-bild",MERGE,draft,FALSE,global,Electronics > Networking > Network Switches,NETT0162,253.99,,177.63,shopify,deny,13,TRUE,TRUE,3.473,kg,8885020621488,,,,177.63,35.81,2026-06-17T21:20:08
,nett0163-tp-link-festa-fs318g-switch,MERGE,TP-LINK Festa FS318G - Switch,<p>TP-LINK Festa FS318G - Switch</p>,TP-LINK,SWITCH,"SWITCH, TP-LINK, import-ohne-bild",MERGE,draft,FALSE,global,Electronics > Networking > Network Switches,NETT0163,133.99,,93.38,shopify,deny,13,TRUE,TRUE,2.970,kg,8885020623994,,,,93.38,19.22,2026-06-17T21:20:08
,nett0165-tp-link-festa-fs308gp-switch,MERGE,TP-LINK Festa FS308GP - Switch,<p>TP-LINK Festa FS308GP - Switch</p>,TP-LINK,SWITCH,"SWITCH, TP-LINK, import-ohne-bild",MERGE,draft,FALSE,global,Electronics > Networking > Network Switches,NETT0165,107.99,,75.11,shopify,deny,27,TRUE,TRUE,1.414,kg,8885020621440,,,,75.11,15.64,2026-06-17T21:20:08
,nett0166-tp-link-festa-fs308g-switch,MERGE,TP-LINK Festa FS308G - Switch,<p>TP-LINK Festa FS308G - Switch</p>,TP-LINK,SWITCH,"SWITCH, TP-LINK, import-ohne-bild",MERGE,draft,FALSE,global,Electronics > Networking > Network Switches,NETT0166,78.99,,54.81,shopify,deny,17,TRUE,TRUE,1.070,kg,8885020622379,,,,54.81,11.57,2026-06-17T21:20:08
,nett0167-tp-link-festa-fr365-router,MERGE,TP-LINK Festa FR365 - Router,<p>TP-LINK Festa FR365 - Router</p>,TP-LINK,ROUTER,"ROUTER, TP-LINK, import-ohne-bild",MERGE,draft,FALSE,global,Electronics > Networking,NETT0167,166.99,,116.73,shopify,deny,11,TRUE,TRUE,1.690,kg,8885020622416,,,,116.73,23.60,2026-06-17T21:20:08
,nett0168-tp-link-festa-fr205-router,MERGE,TP-LINK Festa FR205 - Router,<p>TP-LINK Festa FR205 - Router</p>,TP-LINK,ROUTER,"ROUTER, TP-LINK, import-ohne-bild",MERGE,draft,FALSE,global,Electronics > Networking,NETT0168,74.99,,48.21,shopify,deny,10,TRUE,TRUE,0.758,kg,8885020621525,,,,48.21,14.81,2026-06-17T21:20:08
,nett0192-tp-link-tapo-c420s1-ueberwachungskamera,MERGE,TP-LINK Tapo C420S1 - Überwachungskamera,<p>TP-LINK Tapo C420S1 - Überwachungskamera</p>,TP-LINK,,"TP-LINK, import-ohne-bild",MERGE,draft,FALSE,global,Electronics,NETT0192,98.99,,69.02,shopify,deny,21,TRUE,TRUE,0.941,kg,4897098685105,,,,69.02,14.16,2026-06-17T21:20:08
,nett0201-tp-link-tapo-a100-powerbank,MERGE,TP-LINK Tapo A100 - Powerbank,<p>TP-LINK Tapo A100 - Powerbank</p>,TP-LINK,,"TP-LINK, import-ohne-bild",MERGE,draft,FALSE,global,Electronics,NETT0201,26.99,,16.54,shopify,deny,13,TRUE,TRUE,0.160,kg,4897098685143,,,,16.54,6.14,2026-06-17T21:20:08
,nett0207-tp-link-tapo-t100-v1-bewegungssensor,MERGE,TP-LINK Tapo T100 V1 - Bewegungssensor,<p>TP-LINK Tapo T100 V1 - Bewegungssensor</p>,TP-LINK,,"TP-LINK, import-ohne-bild",MERGE,draft,FALSE,global,Electronics,NETT0207,21.99,,12.69,shopify,deny,237,TRUE,TRUE,0.061,kg,4897098682944,,,,12.69,5.79,2026-06-17T21:20:08
,nett0218-tp-link-tapo-l930-5-leuchtstreifen,MERGE,TP-LINK Tapo L930-5 - Leuchtstreifen,<p>TP-LINK Tapo L930-5 - Leuchtstreifen</p>,TP-LINK,CE,"CE, TP-LINK, import-ohne-bild",MERGE,draft,FALSE,global,Electronics,NETT0218,42.99,,27.41,shopify,deny,95,TRUE,TRUE,0.640,kg,4897098681367,,,,27.41,8.72,2026-06-17T21:20:08
,nett0227-tp-link-omada-eap783-v1-accesspoint-wi-fi-7,MERGE,TP-LINK Omada EAP783 V1 - Accesspoint - Wi-Fi 7,<p>TP-LINK Omada EAP783 V1 - Accesspoint - Wi-Fi 7</p>,TP-LINK,ROUTER,"ROUTER, TP-LINK, import-ohne-bild",MERGE,draft,FALSE,global,Electronics > Networking,NETT0227,579.99,,406.00,shopify,deny,38,TRUE,TRUE,2.700,kg,4895252503517,,,,406.00,81.39,2026-06-17T21:20:08
,nett1001-teltonika-trb140-gateway,MERGE,Teltonika TRB140 - Gateway,<p>Teltonika TRB140 - Gateway</p>,Teltonika Networks,ROUTER,"ROUTER, Teltonika Networks, import-ohne-bild",MERGE,draft,FALSE,global,Electronics > Networking,NETT1001,128.99,,89.83,shopify,deny,192,TRUE,TRUE,0.470,kg,4779027312408,,,,89.83,18.56,2026-06-17T21:20:08
,nett1002-teltonika-rut241-wireless-router,MERGE,Teltonika RUT241 - Wireless Router,<p>Teltonika RUT241 - Wireless Router</p>,Teltonika Networks,ROUTER,"ROUTER, Teltonika Networks, import-ohne-bild",MERGE,draft,FALSE,global,Electronics > Networking,NETT1002,173.99,,121.80,shopify,deny,293,TRUE,TRUE,0.430,kg,4779051840151,,,,121.80,24.41,2026-06-17T21:20:08
,nett1003-teltonika-rut951-wireless-router,MERGE,Teltonika RUT951 - Wireless Router,<p>Teltonika RUT951 - Wireless Router</p>,Teltonika Networks,ROUTER,"ROUTER, Teltonika Networks, import-ohne-bild",MERGE,draft,FALSE,global,Electronics > Networking,NETT1003,234.99,,164.43,shopify,deny,50,TRUE,TRUE,0.770,kg,4779051840168,,,,164.43,33.04,2026-06-17T21:20:08
,nett1004-teltonika-rut956-wireless-router,MERGE,Teltonika RUT956 - Wireless Router,<p>Teltonika RUT956 - Wireless Router</p>,Teltonika Networks,ROUTER,"ROUTER, Teltonika Networks, import-ohne-bild",MERGE,draft,FALSE,global,Electronics > Networking,NETT1004,268.99,,187.78,shopify,deny,40,TRUE,TRUE,0.920,kg,4779051840175,,,,187.78,38.26,2026-06-17T21:20:08
,nett1005-teltonika-rutx11-wireless-router,MERGE,Teltonika RUTX11 - Wireless Router,<p>Teltonika RUTX11 - Wireless Router</p>,Teltonika Networks,ROUTER,"ROUTER, Teltonika Networks, import-ohne-bild",MERGE,draft,FALSE,global,Electronics > Networking,NETT1005,340.99,,238.53,shopify,deny,4,TRUE,TRUE,0.970,kg,4779027312378,,,,238.53,48.02,2026-06-17T21:20:08
,nett1008-teltonika-tsw212-switch,MERGE,Teltonika TSW212 - Switch,<p>Teltonika TSW212 - Switch</p>,Teltonika Networks,ROUTER,"ROUTER, Teltonika Networks, import-ohne-bild",MERGE,draft,FALSE,global,Electronics > Networking,NETT1008,116.99,,81.71,shopify,deny,24,TRUE,TRUE,0.642,kg,4779051841370,,,,81.71,16.60,2026-06-17T21:20:08
,nett1009-teltonika-otd140-router,MERGE,Teltonika OTD140 - Router,<p>Teltonika OTD140 - Router</p>,Teltonika Networks,ROUTER,"ROUTER, Teltonika Networks, import-ohne-bild",MERGE,draft,FALSE,global,Electronics > Networking,NETT1009,144.99,,101.50,shopify,deny,5,TRUE,TRUE,0.416,kg,4779027312927,,,,101.50,20.34,2026-06-17T21:20:08
,nett1010-teltonika-rut200-wireless-router,MERGE,Teltonika RUT200 - Wireless Router,<p>Teltonika RUT200 - Wireless Router</p>,Teltonika Networks,ROUTER,"ROUTER, Teltonika Networks, import-ohne-bild",MERGE,draft,FALSE,global,Electronics > Networking,NETT1010,117.99,,82.22,shopify,deny,247,TRUE,TRUE,0.346,kg,4779051840229,,,,82.22,16.93,2026-06-17T21:20:08
,nett1011-teltonika-rut260-wireless-router,MERGE,Teltonika RUT260 - Wireless Router,<p>Teltonika RUT260 - Wireless Router</p>,Teltonika Networks,ROUTER,"ROUTER, Teltonika Networks, import-ohne-bild",MERGE,draft,FALSE,global,Electronics > Networking,NETT1011,197.99,,138.04,shopify,deny,6,TRUE,TRUE,0.396,kg,4779051841332,,,,138.04,28.34,2026-06-17T21:20:08
,nett1013-teltonika-rut906-wireless-router,MERGE,Teltonika RUT906 - Wireless Router,<p>Teltonika RUT906 - Wireless Router</p>,Teltonika Networks,ROUTER,"ROUTER, Teltonika Networks, import-ohne-bild",MERGE,draft,FALSE,global,Electronics > Networking,NETT1013,217.99,,152.25,shopify,deny,5,TRUE,TRUE,0.860,kg,4779051840830,,,,152.25,30.93,2026-06-17T21:20:08
,nett1014-teltonika-rutm50-wireless-router,MERGE,Teltonika RUTM50 - Wireless Router,<p>Teltonika RUTM50 - Wireless Router</p>,Teltonika Networks,ROUTER,"ROUTER, Teltonika Networks, import-ohne-bild",MERGE,draft,FALSE,global,Electronics > Networking,NETT1014,587.99,,411.08,shopify,deny,1,TRUE,TRUE,1.048,kg,4779051840540,,,,411.08,83.03,2026-06-17T21:20:08
,nett1019-teltonika-rutx14-wireless-router,MERGE,Teltonika RUTX14 - Wireless Router,<p>Teltonika RUTX14 - Wireless Router</p>,Teltonika Networks,ROUTER,"ROUTER, Teltonika Networks, import-ohne-bild",MERGE,draft,FALSE,global,Electronics > Networking,NETT1019,402.99,,282.17,shopify,deny,3,TRUE,TRUE,1.152,kg,4779027312965,,,,282.17,56.48,2026-06-17T21:20:08
,nett1022-teletonika-trb142-gateway,MERGE,Teletonika TRB142 - Gateway,<p>Teletonika TRB142 - Gateway</p>,Teltonika Networks,ROUTER,"ROUTER, Teltonika Networks, import-ohne-bild",MERGE,draft,FALSE,global,Electronics > Networking,NETT1022,115.99,,81.20,shopify,deny,13,TRUE,TRUE,0.392,kg,4779027312385,,,,81.20,16.27,2026-06-17T21:20:08
,nett1023-teltonika-trb143-gateway,MERGE,Teltonika TRB143 - Gateway,<p>Teltonika TRB143 - Gateway</p>,Teltonika Networks,ROUTER,"ROUTER, Teltonika Networks, import-ohne-bild",MERGE,draft,FALSE,global,Electronics > Networking,NETT1023,181.99,,126.88,shopify,deny,3,TRUE,TRUE,0.446,kg,4779051840137,,,,126.88,26.05,2026-06-17T21:20:08
,nett1024-teltonika-trb145-gateway,MERGE,Teltonika TRB145 - Gateway,<p>Teltonika TRB145 - Gateway</p>,Teltonika Networks,ROUTER,"ROUTER, Teltonika Networks, import-ohne-bild",MERGE,draft,FALSE,global,Electronics > Networking,NETT1024,118.99,,83.23,shopify,deny,71,TRUE,TRUE,0.398,kg,4779027312415,,,,83.23,16.76,2026-06-17T21:20:08
,nett1026-teltonika-trb500-gateway,MERGE,Teltonika TRB500 - Gateway,<p>Teltonika TRB500 - Gateway</p>,Teltonika Networks,ROUTER,"ROUTER, Teltonika Networks, import-ohne-bild",MERGE,draft,FALSE,global,Electronics > Networking,NETT1026,413.99,,289.28,shopify,deny,9,TRUE,TRUE,0.750,kg,4779051840236,,,,289.28,58.61,2026-06-17T21:20:08
,nett1027-teltonika-tsw010-switch,MERGE,Teltonika TSW010 - Switch,<p>Teltonika TSW010 - Switch</p>,Teltonika Networks,ROUTER,"ROUTER, Teltonika Networks, import-ohne-bild",MERGE,draft,FALSE,global,Electronics > Networking,NETT1027,26.99,,16.65,shopify,deny,20,TRUE,TRUE,0.226,kg,4779051840274,,,,16.65,6.03,2026-06-17T21:20:08
,nett1030-teltonika-tsw110-switch,MERGE,Teltonika TSW110 - Switch,<p>Teltonika TSW110 - Switch</p>,Teltonika Networks,ROUTER,"ROUTER, Teltonika Networks, import-ohne-bild",MERGE,draft,FALSE,global,Electronics > Networking,NETT1030,44.99,,28.93,shopify,deny,16,TRUE,TRUE,0.398,kg,4779027312958,,,,28.93,8.88,2026-06-17T21:20:08
,nett1035-teltonika-trm240-modem,MERGE,Teltonika TRM240 - Modem,<p>Teltonika TRM240 - Modem</p>,Teltonika Networks,ROUTER,"ROUTER, Teltonika Networks, import-ohne-bild",MERGE,draft,FALSE,global,Electronics > Networking,NETT1035,82.99,,57.86,shopify,deny,1,TRUE,TRUE,0.247,kg,4779027312774,,,,57.86,11.88,2026-06-17T21:20:08
,nett1039-teltonika-rut901-wireless-router,MERGE,Teltonika RUT901 - Wireless Router,<p>Teltonika RUT901 - Wireless Router</p>,Teltonika Networks,ROUTER,"ROUTER, Teltonika Networks, import-ohne-bild",MERGE,draft,FALSE,global,Electronics > Networking,NETT1039,155.99,,108.61,shopify,deny,5,TRUE,TRUE,0.656,kg,4779051840823,,,,108.61,22.47,2026-06-17T21:20:08
,nett1047-teltonika-pr1kc640-antenne,MERGE,Teltonika PR1KC640 - Antenne,<p>Teltonika PR1KC640 - Antenne</p>,Teltonika Networks,ROUTER,"ROUTER, Teltonika Networks, import-ohne-bild",MERGE,draft,FALSE,global,Electronics > Networking,NETT1047,129.99,,90.84,shopify,deny,20,TRUE,TRUE,1.145,kg,4779051841394,,,,90.84,18.40,2026-06-17T21:20:08
,nett1048-teltonika-pr5mec00-din-schienenmontagekit,MERGE,Teltonika PR5MEC00 - DIN-Schienenmontagekit,<p>Teltonika PR5MEC00 - DIN-Schienenmontagekit</p>,Teltonika Networks,ROUTER,"ROUTER, Teltonika Networks, import-ohne-bild",MERGE,draft,FALSE,global,Electronics > Networking,NETT1048,11.99,,4.97,shopify,deny,9,TRUE,TRUE,0.062,kg,4779051840915,,,,4.97,5.11,2026-06-17T21:20:08
,nett1049-teltonika-pr1kcs28-antenne,MERGE,Teltonika PR1KCS28 - Antenne,<p>Teltonika PR1KCS28 - Antenne</p>,Teltonika Networks,ZUBEHÖR,"ZUBEHÖR, Teltonika Networks, import-ohne-bild",MERGE,draft,FALSE,global,Electronics > Electronics Accessories,NETT1049,31.99,,19.29,shopify,deny,4,TRUE,TRUE,0.220,kg,4779051840328,,,,19.29,7.59,2026-06-17T21:20:08
,nett1050-teltonika-pr1kco28-antenne,MERGE,Teltonika PR1KCO28 - Antenne,<p>Teltonika PR1KCO28 - Antenne</p>,Teltonika Networks,ZUBEHÖR,"ZUBEHÖR, Teltonika Networks, import-ohne-bild",MERGE,draft,FALSE,global,Electronics > Electronics Accessories,NETT1050,58.99,,37.56,shopify,deny,20,TRUE,TRUE,0.526,kg,4779051840977,,,,37.56,12.01,2026-06-17T21:20:08
,nett1052-teltonika-pr1kcl25-antenne,MERGE,Teltonika PR1KCL25 - Antenne,<p>Teltonika PR1KCL25 - Antenne</p>,Teltonika Networks,ZUBEHÖR,"ZUBEHÖR, Teltonika Networks, import-ohne-bild",MERGE,draft,FALSE,global,Electronics > Electronics Accessories,NETT1052,23.99,,14.21,shopify,deny,30,TRUE,TRUE,0.158,kg,4779051840311,,,,14.21,5.95,2026-06-17T21:20:08
,nett1054-teltonika-pr5mec12-oberflaechenbefestigungs-kit,MERGE,Teltonika PR5MEC12 - Oberflächenbefestigungs-Kit,<p>Teltonika PR5MEC12 - Oberflächenbefestigungs-Kit</p>,Teltonika Networks,ROUTER,"ROUTER, Teltonika Networks, import-ohne-bild",MERGE,draft,FALSE,global,Electronics > Networking,NETT1054,9.99,,2.64,shopify,deny,22,TRUE,TRUE,0.014,kg,4779051841042,,,,2.64,5.75,2026-06-17T21:20:08
,nett1056-teltonika-tsw200-switch,MERGE,Teltonika TSW200 - Switch,<p>Teltonika TSW200 - Switch</p>,Teltonika Networks,SWITCH,"SWITCH, Teltonika Networks, import-ohne-bild",MERGE,draft,FALSE,global,Electronics > Networking > Network Switches,NETT1056,86.99,,60.90,shopify,deny,5,TRUE,TRUE,0.536,kg,4779051843671,,,,60.90,12.20,2026-06-17T21:20:08
,nett1057-teltonika-tsw210-switch,MERGE,Teltonika TSW210 - Switch,<p>Teltonika TSW210 - Switch</p>,Teltonika Networks,SWITCH,"SWITCH, Teltonika Networks, import-ohne-bild",MERGE,draft,FALSE,global,Electronics > Networking > Network Switches,NETT1057,76.99,,53.80,shopify,deny,5,TRUE,TRUE,0.539,kg,4779051843664,,,,53.80,10.90,2026-06-17T21:20:08
,nett1060-teltonika-dap142-accesspoint,MERGE,Teltonika DAP142 - Accesspoint,<p>Teltonika DAP142 - Accesspoint</p>,Teltonika Networks,ROUTER,"ROUTER, Teltonika Networks, import-ohne-bild",MERGE,draft,FALSE,global,Electronics > Networking,NETT1060,72.99,,50.75,shopify,deny,4,TRUE,TRUE,0.256,kg,4779051843268,,,,50.75,10.59,2026-06-17T21:20:08
,nett1066-teltonika-rutm09-router,MERGE,Teltonika RUTM09 - Router,<p>Teltonika RUTM09 - Router</p>,Teltonika Networks,ROUTER,"ROUTER, Teltonika Networks, import-ohne-bild",MERGE,draft,FALSE,global,Electronics > Networking,NETT1066,268.99,,188.28,shopify,deny,3,TRUE,TRUE,0.944,kg,4779051840472,,,,188.28,37.76,2026-06-17T21:20:08
,nett1067-teltonika-rutm10-wireless-router-3-port-switch,MERGE,Teltonika RUTM10 - Wireless Router 3-Port-Switch,<p>Teltonika RUTM10 - Wireless Router 3-Port-Switch</p>,Teltonika Networks,ROUTER,"ROUTER, Teltonika Networks, import-ohne-bild",MERGE,draft,FALSE,global,Electronics > Networking,NETT1067,142.99,,99.98,shopify,deny,4,TRUE,TRUE,0.648,kg,4779051840489,,,,99.98,20.18,2026-06-17T21:20:08
,nett1071-teltonika-rut140-wireless-router,MERGE,Teltonika RUT140 - Wireless Router,<p>Teltonika RUT140 - Wireless Router</p>,Teltonika Networks,ROUTER,"ROUTER, Teltonika Networks, import-ohne-bild",MERGE,draft,FALSE,global,Electronics > Networking,NETT1071,70.99,,45.68,shopify,deny,21,TRUE,TRUE,0.162,kg,4779051840700,,,,45.68,13.98,2026-06-17T21:20:08
,nett1072-teltonika-rut142-wireless-router,MERGE,Teltonika RUT142 - Wireless Router,<p>Teltonika RUT142 - Wireless Router</p>,Teltonika Networks,ROUTER,"ROUTER, Teltonika Networks, import-ohne-bild",MERGE,draft,FALSE,global,Electronics > Networking,NETT1072,72.99,,50.75,shopify,deny,4,TRUE,TRUE,0.168,kg,4779051840724,,,,50.75,10.59,2026-06-17T21:20:08
,nett1075-teltonika-trb141-gateway,MERGE,Teltonika TRB141 - Gateway,<p>Teltonika TRB141 - Gateway</p>,Teltonika Networks,ROUTER,"ROUTER, Teltonika Networks, import-ohne-bild",MERGE,draft,FALSE,global,Electronics > Networking,NETT1075,131.99,,92.37,shopify,deny,1,TRUE,TRUE,0.414,kg,4779027312620,,,,92.37,18.55,2026-06-17T21:20:08
,nett1078-teltonika-trm500-wireless-router,MERGE,Teltonika TRM500 - Wireless Router,<p>Teltonika TRM500 - Wireless Router</p>,Teltonika Networks,ROUTER,"ROUTER, Teltonika Networks, import-ohne-bild",MERGE,draft,FALSE,global,Electronics > Networking,NETT1078,373.99,,261.87,shopify,deny,4,TRUE,TRUE,0.500,kg,4779051841455,,,,261.87,52.41,2026-06-17T21:20:08
,nett1080-teltonika-tsw030-switch,MERGE,Teltonika TSW030 - Switch,<p>Teltonika TSW030 - Switch</p>,Teltonika Networks,SWITCH,"SWITCH, Teltonika Networks, import-ohne-bild",MERGE,draft,FALSE,global,Electronics > Networking > Network Switches,NETT1080,44.99,,28.93,shopify,deny,30,TRUE,TRUE,0.280,kg,4779051841431,,,,28.93,8.88,2026-06-17T21:20:08
,nett1081-teltonika-tsw040-switch,MERGE,Teltonika TSW040 - Switch,<p>Teltonika TSW040 - Switch</p>,Teltonika Networks,SWITCH,"SWITCH, Teltonika Networks, import-ohne-bild",MERGE,draft,FALSE,global,Electronics > Networking > Network Switches,NETT1081,54.99,,35.02,shopify,deny,10,TRUE,TRUE,0.282,kg,4779051841448,,,,35.02,11.19,2026-06-17T21:20:08
,nett1082-teltonika-trb256-gateway,MERGE,Teltonika TRB256 - Gateway,<p>Teltonika TRB256 - Gateway</p>,Teltonika Networks,SWITCH,"SWITCH, Teltonika Networks, import-ohne-bild",MERGE,draft,FALSE,global,Electronics > Networking > Network Switches,NETT1082,123.99,,86.28,shopify,deny,4,TRUE,TRUE,0.200,kg,4779051841851,,,,86.28,17.91,2026-06-17T21:20:08
,nett1083-teltonika-trb246-gateway,MERGE,Teltonika TRB246 - Gateway,<p>Teltonika TRB246 - Gateway</p>,Teltonika Networks,SWITCH,"SWITCH, Teltonika Networks, import-ohne-bild",MERGE,draft,FALSE,global,Electronics > Networking > Network Switches,NETT1083,152.99,,106.58,shopify,deny,3,TRUE,TRUE,0.202,kg,4779051841844,,,,106.58,21.98,2026-06-17T21:20:08
,nett1092-teltonika-rutx12-wireless-router,MERGE,Teltonika RUTX12 - Wireless Router,<p>Teltonika RUTX12 - Wireless Router</p>,Teltonika Networks,,"Teltonika Networks, import-ohne-bild",MERGE,draft,FALSE,global,Electronics,NETT1092,446.99,,312.62,shopify,deny,3,TRUE,TRUE,1.156,kg,4779051843831,,,,312.62,63.00,2026-06-17T21:20:08
,nett1094-teltonika-mobile-sma-antenna,MERGE,Teltonika	Mobile SMA antenna,<p>Teltonika	Mobile SMA antenna</p>,Teltonika Networks,ZUBEHÖR,"ZUBEHÖR, Teltonika Networks, import-ohne-bild",MERGE,draft,FALSE,global,Electronics > Electronics Accessories,NETT1094,9.99,,2.94,shopify,deny,50,TRUE,TRUE,0.028,kg,4779051840908,,,,2.94,5.45,2026-06-17T21:20:08
,nett1096-teltonika-mobile-adhesive-sma-antenna,MERGE,Teltonika Mobile adhesive SMA antenna,<p>Teltonika Mobile adhesive SMA antenna</p>,Teltonika Networks,ZUBEHÖR,"ZUBEHÖR, Teltonika Networks, import-ohne-bild",MERGE,draft,FALSE,global,Electronics > Electronics Accessories,NETT1096,11.99,,4.47,shopify,deny,50,TRUE,TRUE,0.062,kg,4779051840410,,,,4.47,5.61,2026-06-17T21:20:08
,nett1099-teltonika-ethernet-cable-1-5m,MERGE,Teltonika Ethernet cable 1.5M,<p>Teltonika Ethernet cable 1.5M</p>,Teltonika Networks,ZUBEHÖR,"ZUBEHÖR, Teltonika Networks, import-ohne-bild",MERGE,draft,FALSE,global,Electronics > Electronics Accessories,NETT1099,8.99,,2.23,shopify,deny,46,TRUE,TRUE,0.072,kg,4779051840618,,,,2.23,5.32,2026-06-17T21:20:08
,netu0008-ubiquiti-unifi-usw-16-poe-switch,MERGE,UbiQuiti UniFi USW-16-POE Switch,<p>UbiQuiti UniFi USW-16-POE Switch</p>,UBIQUITI,ROUTER,"ROUTER, UBIQUITI, import-ohne-bild",MERGE,draft,FALSE,global,Electronics > Networking,NETU0008,347.99,,243.25,shopify,deny,117,TRUE,TRUE,3.680,kg,0817882028547,,,,243.25,49.18,2026-06-17T21:20:08
,netu0010-ubiquiti-wifi-6-mesh-access-point,MERGE,UbiQuiti WiFi 6 Mesh Access Point,<p>UbiQuiti WiFi 6 Mesh Access Point</p>,UBIQUITI,ROUTER,"ROUTER, UBIQUITI, import-ohne-bild",MERGE,draft,FALSE,global,Electronics > Networking,NETU0010,219.99,,154.00,shopify,deny,8,TRUE,TRUE,1.030,kg,0810010078278,,,,154.00,30.87,2026-06-17T21:20:08
,netu0013-ubiquiti-unifi-u6-pro-wi-fi-6-access-point,MERGE,UbiQuiti UniFi U6-PRO Wi-Fi 6 Access Point,<p>UbiQuiti UniFi U6-PRO Wi-Fi 6 Access Point</p>,UBIQUITI,ROUTER,"ROUTER, UBIQUITI, import-ohne-bild",MERGE,draft,FALSE,global,Electronics > Networking,NETU0013,188.99,,132.12,shopify,deny,25,TRUE,TRUE,1.580,kg,0810010076830,,,,132.12,26.70,2026-06-17T21:20:08
,netu0016-ubiquiti-unifi-usw-48-poe-switch,MERGE,UbiQuiti UniFi USW-48-POE Switch,<p>UbiQuiti UniFi USW-48-POE Switch</p>,UBIQUITI,SWITCH,"SWITCH, UBIQUITI, import-ohne-bild",MERGE,draft,FALSE,global,Electronics > Networking > Network Switches,NETU0016,693.99,,485.63,shopify,deny,107,TRUE,TRUE,5.680,kg,0810010072146,,,,485.63,97.55,2026-06-17T21:20:08
,netu0024-ubiquiti-unifi-dream-machine-special-edition,MERGE,UbiQuiti UniFi Dream Machine Special Edition,<p>UbiQuiti UniFi Dream Machine Special Edition</p>,UBIQUITI,ROUTER,"ROUTER, UBIQUITI, import-ohne-bild",MERGE,draft,FALSE,global,Electronics > Networking,NETU0024,593.99,,415.62,shopify,deny,43,TRUE,TRUE,6.320,kg,0810010077769,,,,415.62,83.53,2026-06-17T21:20:08
,netu0028-ubiquiti-unifi-dream-machine-pro-access-point,MERGE,UbiQuiti UniFi Dream Machine Pro Access Point,<p>UbiQuiti UniFi Dream Machine Pro Access Point</p>,UBIQUITI,ROUTER,"ROUTER, UBIQUITI, import-ohne-bild",MERGE,draft,FALSE,global,Electronics > Networking,NETU0028,474.99,,332.50,shopify,deny,2,TRUE,TRUE,5.700,kg,0817882027373,,,,332.50,66.65,2026-06-17T21:20:08
,netu0034-ubiquiti-unifi-switch-usw-flex-mini-switch-managed,MERGE,Ubiquiti UniFi Switch USW Flex Mini - Switch - managed,<p>Ubiquiti UniFi Switch USW Flex Mini - Switch - managed</p>,UBIQUITI,SWITCH,"SWITCH, UBIQUITI, import-ohne-bild",MERGE,draft,FALSE,global,Electronics > Networking > Network Switches,NETU0034,37.99,,23.63,shopify,deny,156,TRUE,TRUE,0.235,kg,0817882029698,,,,23.63,8.29,2026-06-17T21:20:08
,netu0035-ubiquiti-networks-poe-24-24w-g-power-injector,MERGE,UbiQuiti Networks POE-24-24W-G - Power Injector,<p>UbiQuiti Networks POE-24-24W-G - Power Injector</p>,UBIQUITI,ZUBEHÖR,"ZUBEHÖR, UBIQUITI, import-ohne-bild",MERGE,draft,FALSE,global,Electronics > Electronics Accessories,NETU0035,17.99,,9.95,shopify,deny,60,TRUE,TRUE,0.338,kg,0810354023538,,,,9.95,5.17,2026-06-17T21:20:08
,netu0036-ubiquiti-networks-poe-48-24w-g-power-injector,MERGE,UbiQuiti Networks POE-48-24W-G - Power Injector,<p>UbiQuiti Networks POE-48-24W-G - Power Injector</p>,UBIQUITI,ZUBEHÖR,"ZUBEHÖR, UBIQUITI, import-ohne-bild",MERGE,draft,FALSE,global,Electronics > Electronics Accessories,NETU0036,18.99,,10.15,shopify,deny,12,TRUE,TRUE,0.333,kg,0810354023088,,,,10.15,5.81,2026-06-17T21:20:08
,netu0067-ubiquiti-unifi-switch-lite-usw-lite-16-poe-switch,MERGE,UbiQuiti UniFi Switch Lite USW-Lite-16-POE - Switch,<p>UbiQuiti UniFi Switch Lite USW-Lite-16-POE - Switch</p>,UBIQUITI,SWITCH,"SWITCH, UBIQUITI, import-ohne-bild",MERGE,draft,FALSE,global,Electronics > Networking > Network Switches,NETU0067,237.99,,166.25,shopify,deny,90,TRUE,TRUE,1.607,kg,0810010071163,,,,166.25,33.74,2026-06-17T21:20:08
,netu0076-ubiquiti-wifi-u6-plus-access-point,MERGE,UbiQuiti WiFi U6-PLUS Access Point,<p>UbiQuiti WiFi U6-PLUS Access Point</p>,UBIQUITI,ROUTER,"ROUTER, UBIQUITI, import-ohne-bild",MERGE,draft,FALSE,global,Electronics > Networking,NETU0076,119.99,,83.39,shopify,deny,20,TRUE,TRUE,0.677,kg,0810084691090,,,,83.39,17.44,2026-06-17T21:20:08
,netu0079-ubiquiti-usw-enterprise-8-poe-switch-l3-managed-8-x-10-100-1000-2-5g-po,MERGE,UbiQuiti USW-ENTERPRISE-8-POE- Switch - L3 - managed - 8 x 10/100/1000/2.5G (PoE+),<p>UbiQuiti USW-ENTERPRISE-8-POE- Switch - L3 - managed - 8 x 10/100/1000/2.5G (PoE+)</p>,UBIQUITI,SWITCH,"SWITCH, UBIQUITI, import-ohne-bild",MERGE,draft,FALSE,global,Electronics > Networking > Network Switches,NETU0079,518.99,,363.13,shopify,deny,1,TRUE,TRUE,2.730,kg,0810010074775,,,,363.13,73.00,2026-06-17T21:20:08
,netu0084-ubiquiti-unifi-protect-uvc-g5-bullet-netzwerk-ueberwachungskamera,MERGE,UbiQuiti UniFi Protect UVC-G5-BULLET - Netzwerk-Überwachungskamera,<p>UbiQuiti UniFi Protect UVC-G5-BULLET - Netzwerk-Überwachungskamera</p>,UBIQUITI,ROUTER,"ROUTER, UBIQUITI, import-ohne-bild",MERGE,draft,FALSE,global,Electronics > Networking,NETU0084,144.99,,101.50,shopify,deny,8,TRUE,TRUE,0.544,kg,0810084690185,,,,101.50,20.34,2026-06-17T21:20:08
,netu0090-ubiquiti-unifi-protect-pro-unvr-pro-netzwerkfaehig,MERGE,UbiQuiti UniFi Protect Pro - UNVR-PRO - netzwerkfähig,<p>UbiQuiti UniFi Protect Pro - UNVR-PRO - netzwerkfähig</p>,UBIQUITI,ZUBEHÖR,"ZUBEHÖR, UBIQUITI, import-ohne-bild",MERGE,draft,FALSE,global,Electronics > Electronics Accessories,NETU0090,572.99,,400.75,shopify,deny,27,TRUE,TRUE,11.800,kg,0810010075574,,,,400.75,80.75,2026-06-17T21:20:08
,netu0100-ubiquiti-unifi-protect-uvc-g5-pro-netzwerk-ueberwachungskamera,MERGE,UbiQuiti UniFi Protect UVC-G5-PRO - Netzwerk-Überwachungskamera,<p>UbiQuiti UniFi Protect UVC-G5-PRO - Netzwerk-Überwachungskamera</p>,UBIQUITI,ROUTER,"ROUTER, UBIQUITI, import-ohne-bild",MERGE,draft,FALSE,global,Electronics > Networking,NETU0100,304.99,,213.15,shopify,deny,124,TRUE,TRUE,1.143,kg,0810084690246,,,,213.15,43.14,2026-06-17T21:20:08
,netu0104-ubiquiti-unifi-u7-pro-accesspoint-wifi-7-indoor,MERGE,UbiQuiti UniFi U7-PRO - AccessPoint - WiFi 7 - Indoor,<p>UbiQuiti UniFi U7-PRO - AccessPoint - WiFi 7 - Indoor</p>,UBIQUITI,ROUTER,"ROUTER, UBIQUITI, import-ohne-bild",MERGE,draft,FALSE,global,Electronics > Networking,NETU0104,209.99,,147.00,shopify,deny,370,TRUE,TRUE,1.600,kg,0810084693650,,,,147.00,29.46,2026-06-17T21:20:08
,netu0107-ubiquiti-unifi-cloud-gateway-ultra-unifi-ucg-ultra,MERGE,UbiQuiti UniFi Cloud Gateway Ultra UniFi - UCG-ULTRA,<p>UbiQuiti UniFi Cloud Gateway Ultra UniFi - UCG-ULTRA</p>,UBIQUITI,ROUTER,"ROUTER, UBIQUITI, import-ohne-bild",MERGE,draft,FALSE,global,Electronics > Networking,NETU0107,118.99,,82.69,shopify,deny,127,TRUE,TRUE,0.945,kg,0810084695203,,,,82.69,17.30,2026-06-17T21:20:08
,netu0110-ubiquiti-unifi-access-reader-g2-professional-ua-g2-pro,MERGE,UbiQuiti UniFi Access Reader G2 Professional - UA-G2-PRO,<p>UbiQuiti UniFi Access Reader G2 Professional - UA-G2-PRO</p>,UBIQUITI,ROUTER,"ROUTER, UBIQUITI, import-ohne-bild",MERGE,draft,FALSE,global,Electronics > Networking,NETU0110,312.99,,218.75,shopify,deny,5,TRUE,TRUE,0.587,kg,0810084691656,,,,218.75,44.27,2026-06-17T21:20:08
,netu0122-ubiquiti-gateway-pro-unifi-uxg-max,MERGE,UbiQuiti Gateway Pro UniFi UXG-MAX,<p>UbiQuiti Gateway Pro UniFi UXG-MAX</p>,UBIQUITI,ROUTER,"ROUTER, UBIQUITI, import-ohne-bild",MERGE,draft,FALSE,global,Electronics > Networking,NETU0122,229.99,,161.00,shopify,deny,3,TRUE,TRUE,0.828,kg,810084695210,,,,161.00,32.27,2026-06-17T21:20:08
,netu0129-ubiquiti-u7-pro-max-access-point,MERGE,UbiQuiti U7 Pro Max - Access Point,<p>UbiQuiti U7 Pro Max - Access Point</p>,UBIQUITI,ROUTER,"ROUTER, UBIQUITI, import-ohne-bild",MERGE,draft,FALSE,global,Electronics > Networking,NETU0129,318.99,,223.13,shopify,deny,11,TRUE,TRUE,1.610,kg,0810084695555,,,,223.13,44.93,2026-06-17T21:20:08
,netu0130-ubiquiti-unifi-u7-pro-wall-access-point,MERGE,UbiQuiti UniFi U7 Pro Wall - Access Point,<p>UbiQuiti UniFi U7 Pro Wall - Access Point</p>,UBIQUITI,ROUTER,"ROUTER, UBIQUITI, import-ohne-bild",MERGE,draft,FALSE,global,Electronics > Networking,NETU0130,228.99,,160.13,shopify,deny,229,TRUE,TRUE,0.870,kg,0810084695548,,,,160.13,32.30,2026-06-17T21:20:08
,netu0136-ubiquiti-unifi-g2-starter-kit-zugangskontrollgeraet,MERGE,UbiQuiti UniFi G2 Starter Kit - Zugangskontrollgerät,<p>UbiQuiti UniFi G2 Starter Kit - Zugangskontrollgerät</p>,UBIQUITI,ROUTER,"ROUTER, UBIQUITI, import-ohne-bild",MERGE,draft,FALSE,global,Electronics > Networking,NETU0136,289.99,,203.00,shopify,deny,7,TRUE,TRUE,1.624,kg,0810084691670,,,,203.00,40.69,2026-06-17T21:20:08
,netu0143-ubiquiti-uisp-professional-uisp-s-pro-switch-managed,MERGE,UbiQuiti UISP Professional - UISP-S-PRO - Switch - managed,<p>UbiQuiti UISP Professional - UISP-S-PRO - Switch - managed</p>,UBIQUITI,ROUTER,"ROUTER, UBIQUITI, import-ohne-bild",MERGE,draft,FALSE,global,Electronics > Networking,NETU0143,463.99,,324.80,shopify,deny,8,TRUE,TRUE,5.550,kg,0810010074386,,,,324.80,65.11,2026-06-17T21:20:08
,netu0147-ubiquiti-sfp-transceiver-modul-uacc-cm-rj45-mg,MERGE,Ubiquiti SFP+-Transceiver-Modul - UACC-CM-RJ45-MG,<p>Ubiquiti SFP+-Transceiver-Modul - UACC-CM-RJ45-MG</p>,UBIQUITI,ZUBEHÖR,"ZUBEHÖR, UBIQUITI, import-ohne-bild",MERGE,draft,FALSE,global,Electronics > Electronics Accessories,NETU0147,74.99,,52.50,shopify,deny,40,TRUE,TRUE,0.034,kg,0810084690154,,,,52.50,10.52,2026-06-17T21:20:08
,netu0148-ubiquiti-u7-lite-access-point-wifi-7-indoor,MERGE,UbiQuiti U7-LITE - Access Point - WiFi 7 - Indoor,<p>UbiQuiti U7-LITE - Access Point - WiFi 7 - Indoor</p>,UBIQUITI,ZUBEHÖR,"ZUBEHÖR, UBIQUITI, import-ohne-bild",MERGE,draft,FALSE,global,Electronics > Electronics Accessories,NETU0148,116.99,,81.37,shopify,deny,281,TRUE,TRUE,0.681,kg,0810084698747,,,,81.37,16.94,2026-06-17T21:20:08
,netu0150-ubiquiti-unifi-cloud-gateway-fiber-gateway,MERGE,Ubiquiti UniFi Cloud Gateway Fiber - Gateway,<p>Ubiquiti UniFi Cloud Gateway Fiber - Gateway</p>,UBIQUITI,ZUBEHÖR,"ZUBEHÖR, UBIQUITI, import-ohne-bild",MERGE,draft,FALSE,global,Electronics > Electronics Accessories,NETU0150,323.99,,226.63,shopify,deny,82,TRUE,TRUE,1.581,kg,0810177161288,,,,226.63,45.63,2026-06-17T21:20:08
,netu0151-ubiquiti-wifi-7-long-range-access-point,MERGE,UbiQuiti WiFi 7 Long-Range Access Point,<p>UbiQuiti WiFi 7 Long-Range Access Point</p>,UBIQUITI,ZUBEHÖR,"ZUBEHÖR, UBIQUITI, import-ohne-bild",MERGE,draft,FALSE,global,Electronics > Electronics Accessories,NETU0151,184.99,,129.50,shopify,deny,302,TRUE,TRUE,0.967,kg,0810177161929,,,,129.50,25.95,2026-06-17T21:20:08
,netu0152-ubiquiti-unifi-unas-pro-nas-server-rack-einbaufaehig,MERGE,Ubiquiti UniFi UNAS Pro - NAS-Server - Rack - einbaufähig,<p>Ubiquiti UniFi UNAS Pro - NAS-Server - Rack - einbaufähig</p>,UBIQUITI,ZUBEHÖR,"ZUBEHÖR, UBIQUITI, import-ohne-bild",MERGE,draft,FALSE,global,Electronics > Electronics Accessories,NETU0152,581.99,,406.87,shopify,deny,4,TRUE,TRUE,10.840,kg,0810010079251,,,,406.87,82.20,2026-06-17T21:20:08
,netu0156-ubiquiti-unifi-flex-2-5g-switch-managed,MERGE,Ubiquiti UniFi Flex 2.5G - Switch - managed,<p>Ubiquiti UniFi Flex 2.5G - Switch - managed</p>,UBIQUITI,ZUBEHÖR,"ZUBEHÖR, UBIQUITI, import-ohne-bild",MERGE,draft,FALSE,global,Electronics > Electronics Accessories,NETU0156,181.99,,126.88,shopify,deny,13,TRUE,TRUE,0.851,kg,0810084696057,,,,126.88,26.05,2026-06-17T21:20:08
,netu0157-ubiquiti-unifi-flex-2-5g-switch-5-port-managed,MERGE,Ubiquiti UniFi Flex 2.5G - Switch - 5-Port - managed,<p>Ubiquiti UniFi Flex 2.5G - Switch - 5-Port - managed</p>,UBIQUITI,ZUBEHÖR,"ZUBEHÖR, UBIQUITI, import-ohne-bild",MERGE,draft,FALSE,global,Electronics > Electronics Accessories,NETU0157,64.99,,42.00,shopify,deny,140,TRUE,TRUE,0.430,kg,0810084696040,,,,42.00,12.61,2026-06-17T21:20:08
,netu0160-ubiquiti-unifi-u7-pro-outdoor-accesspoint-wi-fi-7,MERGE,Ubiquiti UniFi U7 Pro Outdoor - Accesspoint - Wi-Fi 7,<p>Ubiquiti UniFi U7 Pro Outdoor - Accesspoint - Wi-Fi 7</p>,UBIQUITI,ZUBEHÖR,"ZUBEHÖR, UBIQUITI, import-ohne-bild",MERGE,draft,FALSE,global,Electronics > Electronics Accessories,NETU0160,343.99,,240.63,shopify,deny,38,TRUE,TRUE,2.190,kg,0810084698730,,,,240.63,48.44,2026-06-17T21:20:08
,netu0164-ubiquiti-networks-poe-24-30w-power-injector,MERGE,Ubiquiti Networks POE-24-30W - Power Injector,<p>Ubiquiti Networks POE-24-30W - Power Injector</p>,UBIQUITI,ZUBEHÖR,"ZUBEHÖR, UBIQUITI, import-ohne-bild",MERGE,draft,FALSE,global,Electronics > Electronics Accessories,NETU0164,18.99,,10.56,shopify,deny,36,TRUE,TRUE,0.345,kg,0810354023545,,,,10.56,5.40,2026-06-17T21:20:08
,netu0170-ubiquiti-unifi-protect-g5-ptz-netzwerk-ueberwachungskamera,MERGE,Ubiquiti UniFi Protect G5 PTZ - Netzwerk-Überwachungskamera,<p>Ubiquiti UniFi Protect G5 PTZ - Netzwerk-Überwachungskamera</p>,UBIQUITI,ZUBEHÖR,"ZUBEHÖR, UBIQUITI, import-ohne-bild",MERGE,draft,FALSE,global,Electronics > Electronics Accessories,NETU0170,306.99,,214.38,shopify,deny,4,TRUE,TRUE,1.102,kg,0810084693582,,,,214.38,43.59,2026-06-17T21:20:08
,netu0171-ubiquiti-unifi-touch-voip-telefon,MERGE,Ubiquiti UniFi Touch - VoIP-Telefon,<p>Ubiquiti UniFi Touch - VoIP-Telefon</p>,UBIQUITI,ZUBEHÖR,"ZUBEHÖR, UBIQUITI, import-ohne-bild",MERGE,draft,FALSE,global,Electronics > Electronics Accessories,NETU0171,231.99,,161.87,shopify,deny,2,TRUE,TRUE,1.595,kg,0810084691915,,,,161.87,33.08,2026-06-17T21:20:08
,netu0172-ubiquiti-unifi-u7-pro-xgs-accesspoint-wi-fi-7,MERGE,Ubiquiti UniFi U7 Pro XGS - Accesspoint - Wi-Fi 7,<p>Ubiquiti UniFi U7 Pro XGS - Accesspoint - Wi-Fi 7</p>,UBIQUITI,ZUBEHÖR,"ZUBEHÖR, UBIQUITI, import-ohne-bild",MERGE,draft,FALSE,global,Electronics > Electronics Accessories,NETU0172,347.99,,243.25,shopify,deny,99,TRUE,TRUE,1.575,kg,0810084698341,,,,243.25,49.18,2026-06-17T21:20:08
,netu0173-ubiquiti-unifi-protect-g6-netzwerk-ueberwachungskamera-turret,MERGE,Ubiquiti UniFi Protect G6 - Netzwerk-Überwachungskamera - Turret,<p>Ubiquiti UniFi Protect G6 - Netzwerk-Überwachungskamera - Turret</p>,UBIQUITI,ZUBEHÖR,"ZUBEHÖR, UBIQUITI, import-ohne-bild",MERGE,draft,FALSE,global,Electronics > Electronics Accessories,NETU0173,222.99,,155.75,shopify,deny,42,TRUE,TRUE,1.008,kg,0810084698815,,,,155.75,31.64,2026-06-17T21:20:08
,netu0180-ubiquiti-e7-enterprise-access-point,MERGE,Ubiquiti E7 - Enterprise Access Point,<p>Ubiquiti E7 - Enterprise Access Point</p>,UBIQUITI,SWITCH,"SWITCH, UBIQUITI, import-ohne-bild",MERGE,draft,FALSE,global,Electronics > Networking > Network Switches,NETU0180,623.99,,436.45,shopify,deny,20,TRUE,TRUE,2.840,kg,0810084694664,,,,436.45,87.91,2026-06-17T21:20:08
,netu0181-ubiquiti-unifi-u7-pro-xg-wall-accesspoint,MERGE,Ubiquiti UniFi U7 Pro XG Wall - Accesspoint,<p>Ubiquiti UniFi U7 Pro XG Wall - Accesspoint</p>,UBIQUITI,SWITCH,"SWITCH, UBIQUITI, import-ohne-bild",MERGE,draft,FALSE,global,Electronics > Networking > Network Switches,NETU0181,333.99,,233.62,shopify,deny,100,TRUE,TRUE,0.736,kg,810177165118,,,,233.62,47.04,2026-06-17T21:20:08
,netu0183-ubiquiti-poweramp-netzwerkverstaerker-2-x,MERGE,Ubiquiti PowerAmp - Netzwerkverstärker - 2 x,<p>Ubiquiti PowerAmp - Netzwerkverstärker - 2 x</p>,UBIQUITI,SWITCH,"SWITCH, UBIQUITI, import-ohne-bild",MERGE,draft,FALSE,global,Electronics > Networking > Network Switches,NETU0183,699.99,,490.00,shopify,deny,10,TRUE,TRUE,4.075,kg,0810084694275,,,,490.00,98.23,2026-06-17T21:20:08
,netu0184-ubiquiti-unifi-unas-2-nas-server-ram-4-gb,MERGE,Ubiquiti UniFi UNAS 2 - NAS-Server - RAM 4 GB,<p>Ubiquiti UniFi UNAS 2 - NAS-Server - RAM 4 GB</p>,UBIQUITI,SWITCH,"SWITCH, UBIQUITI, import-ohne-bild",MERGE,draft,FALSE,global,Electronics > Networking > Network Switches,NETU0184,229.99,,161.00,shopify,deny,19,TRUE,TRUE,2.675,kg,0810177162667,,,,161.00,32.27,2026-06-17T21:20:08
,netu0186-ubiquiti-unifi-protect-g6-netzwerk-ueberwachungskamera,MERGE,Ubiquiti  UniFi Protect G6 - Netzwerk-Überwachungskamera,<p>Ubiquiti  UniFi Protect G6 - Netzwerk-Überwachungskamera</p>,UBIQUITI,SWITCH,"SWITCH, UBIQUITI, import-ohne-bild",MERGE,draft,FALSE,global,Electronics > Networking > Network Switches,NETU0186,223.99,,156.62,shopify,deny,93,TRUE,TRUE,1.223,kg,0810177163398,,,,156.62,31.61,2026-06-17T21:20:08
,netu0187-ubiquiti-unifi-protect-g6-netzwerk-ueberwachungskamera,MERGE,Ubiquiti  UniFi Protect G6 - Netzwerk-Überwachungskamera,<p>Ubiquiti  UniFi Protect G6 - Netzwerk-Überwachungskamera</p>,UBIQUITI,SWITCH,"SWITCH, UBIQUITI, import-ohne-bild",MERGE,draft,FALSE,global,Electronics > Networking > Network Switches,NETU0187,223.99,,156.62,shopify,deny,99,TRUE,TRUE,1.223,kg,0810084698792,,,,156.62,31.61,2026-06-17T21:20:08
,netu0188-ubiquiti-unifi-g6-pro-turret-netzwerk-ueberwachungskamera,MERGE,Ubiquiti  UniFi G6 Pro Turret - Netzwerk-Überwachungskamera,<p>Ubiquiti  UniFi G6 Pro Turret - Netzwerk-Überwachungskamera</p>,UBIQUITI,SWITCH,"SWITCH, UBIQUITI, import-ohne-bild",MERGE,draft,FALSE,global,Electronics > Networking > Network Switches,NETU0188,531.99,,371.88,shopify,deny,50,TRUE,TRUE,1.625,kg,8101771637876,,,,371.88,75.17,2026-06-17T21:20:08
,netu0189-ubiquiti-unifi-switch-ultra-l2-gigabit-ethernet,MERGE,"Ubiquiti UniFi Switch Ultra L2, Gigabit Ethernet","<p>Ubiquiti UniFi Switch Ultra L2, Gigabit Ethernet</p>",UBIQUITI,SWITCH,"SWITCH, UBIQUITI, import-ohne-bild",MERGE,draft,FALSE,global,Electronics > Networking > Network Switches,NETU0189,117.99,,82.25,shopify,deny,97,TRUE,TRUE,0.500,kg,0810084693698,,,,82.25,16.90,2026-06-17T21:20:08
,noco0002-noco-gb20-boost-12v-500a-jump-starter-boost-jump-starters,MERGE,NOCO GB20 | Boost 12V 500A Jump Starter | Boost Jump Starters,<p>NOCO GB20 | Boost 12V 500A Jump Starter | Boost Jump Starters</p>,NOCO,DV,"DV, NOCO, import-ohne-bild",MERGE,draft,FALSE,global,Electronics,NOCO0002,89.99,,62.73,shopify,deny,199,TRUE,TRUE,1.200,kg,1210000615015,,,,62.73,12.89,2026-06-17T21:20:08
,noco0003-noco-gb40-boost-12v-1000a-jump-starter-boost-jump-starters,MERGE,NOCO GB40 | Boost 12V 1000A Jump Starter | Boost Jump Starters,<p>NOCO GB40 | Boost 12V 1000A Jump Starter | Boost Jump Starters</p>,NOCO,DV,"DV, NOCO, import-ohne-bild",MERGE,draft,FALSE,global,Electronics,NOCO0003,108.99,,76.32,shopify,deny,261,TRUE,TRUE,1.600,kg,1210000615022,,,,76.32,15.27,2026-06-17T21:20:08
,noco0004-noco-gb50-boost-12v-1500a-jump-starter-boost-jump-starters,MERGE,NOCO GB50 | Boost 12V 1500A Jump Starter | Boost Jump Starters,<p>NOCO GB50 | Boost 12V 1500A Jump Starter | Boost Jump Starters</p>,NOCO,DV,"DV, NOCO, import-ohne-bild",MERGE,draft,FALSE,global,Electronics,NOCO0004,152.99,,106.58,shopify,deny,208,TRUE,TRUE,1.467,kg,1210000618177,,,,106.58,21.98,2026-06-17T21:20:08
,noco0006-noco-gb150-boost-12v-3000a-jump-starter-boost-jump-starters,MERGE,NOCO GB150 | Boost 12V 3000A Jump Starter | Boost Jump Starters,<p>NOCO GB150 | Boost 12V 3000A Jump Starter | Boost Jump Starters</p>,NOCO,DV,"DV, NOCO, import-ohne-bild",MERGE,draft,FALSE,global,Electronics,NOCO0006,275.99,,198.78,shopify,deny,109,TRUE,TRUE,3.800,kg,1210000615060,,,,198.78,39.87,2026-06-17T21:20:08
,noco0007-noco-gbx45-boost-x-12v-1250a-jump-starter-boost-jump-starters,MERGE,NOCO GBX45 | Boost X 12V 1250A Jump Starter | Boost Jump Starters,<p>NOCO GBX45 | Boost X 12V 1250A Jump Starter | Boost Jump Starters</p>,NOCO,DV,"DV, NOCO, import-ohne-bild",MERGE,draft,FALSE,global,Electronics,NOCO0007,141.99,,99.32,shopify,deny,113,TRUE,TRUE,1.300,kg,1210000620064,,,,99.32,20.00,2026-06-17T21:20:08
,noco0008-noco-genius1eu-1a-battery-charger-genius-battery-chargers,MERGE,NOCO GENIUS1EU | 1A Battery Charger | Genius Battery Chargers,<p>NOCO GENIUS1EU | 1A Battery Charger | Genius Battery Chargers</p>,NOCO,DV,"DV, NOCO, import-ohne-bild",MERGE,draft,FALSE,global,Electronics,NOCO0008,40.99,,26.14,shopify,deny,240,TRUE,TRUE,0.600,kg,1210000619242,,,,26.14,8.31,2026-06-17T21:20:08
,noco0009-noco-genius2eu-2a-battery-charger-genius-battery-chargers,MERGE,NOCO GENIUS2EU | 2A Battery Charger | Genius Battery Chargers,<p>NOCO GENIUS2EU | 2A Battery Charger | Genius Battery Chargers</p>,NOCO,DV,"DV, NOCO, import-ohne-bild",MERGE,draft,FALSE,global,Electronics,NOCO0009,52.99,,33.98,shopify,deny,293,TRUE,TRUE,0.733,kg,1210000619259,,,,33.98,10.55,2026-06-17T21:20:08
,noco0010-noco-genius5eu-5a-battery-charger-genius-battery-chargers,MERGE,NOCO GENIUS5EU | 5A Battery Charger | Genius Battery Chargers,<p>NOCO GENIUS5EU | 5A Battery Charger | Genius Battery Chargers</p>,NOCO,DV,"DV, NOCO, import-ohne-bild",MERGE,draft,FALSE,global,Electronics,NOCO0010,73.99,,51.23,shopify,deny,99,TRUE,TRUE,1.000,kg,1210000619266,,,,51.23,10.95,2026-06-17T21:20:08
,noco0011-noco-genius10eu-10a-battery-charger-genius-battery-chargers,MERGE,NOCO GENIUS10EU | 10A Battery Charger | Genius Battery Chargers,<p>NOCO GENIUS10EU | 10A Battery Charger | Genius Battery Chargers</p>,NOCO,DV,"DV, NOCO, import-ohne-bild",MERGE,draft,FALSE,global,Electronics,NOCO0011,108.99,,75.80,shopify,deny,189,TRUE,TRUE,2.000,kg,1210000619273,,,,75.80,15.79,2026-06-17T21:20:08
,noco0014-noco-gbx55-boost-x-12v-1750a-jump-starter-boost-jump-starters,MERGE,NOCO GBX55 | Boost X 12V 1750A Jump Starter | Boost Jump Starters,<p>NOCO GBX55 | Boost X 12V 1750A Jump Starter | Boost Jump Starters</p>,NOCO,DV,"DV, NOCO, import-ohne-bild",MERGE,draft,FALSE,global,Electronics,NOCO0014,170.99,,119.26,shopify,deny,100,TRUE,TRUE,1.604,kg,1210000620071,,,,119.26,24.43,2026-06-17T21:20:08
,noco0016-noco-ax65-boost-air-12v-2000a-jump-starter-and-air-compressor,MERGE,NOCO AX65 | Boost Air 12V 2000A | Jump Starter and Air Compressor,<p>NOCO AX65 | Boost Air 12V 2000A | Jump Starter and Air Compressor</p>,NOCO,DV,"DV, NOCO, import-ohne-bild",MERGE,draft,FALSE,global,Electronics,NOCO0016,259.99,,197.93,shopify,deny,50,TRUE,TRUE,4.888,kg,1210000624253,,,,197.93,39.88,2026-06-17T21:20:08
,noco0017-noco-gbx155-boost-x-4250-a-jump-starter-boost-jump-starters,MERGE,NOCO GBX155 | Boost X 4250 A | Jump Starter | Boost Jump Starters,<p>NOCO GBX155 | Boost X 4250 A | Jump Starter | Boost Jump Starters</p>,NOCO,DV,"DV, NOCO, import-ohne-bild",MERGE,draft,FALSE,global,Electronics,NOCO0017,350.99,,262.89,shopify,deny,230,TRUE,TRUE,3.650,kg,1210000620095,,,,262.89,53.07,2026-06-17T21:20:08
,noco0018-noco-genius-u65-usb-c-charger,MERGE,NOCO GENIUS U65 | USB-C Charger,<p>NOCO GENIUS U65 | USB-C Charger</p>,NOCO,DV,"DV, NOCO, import-ohne-bild",MERGE,draft,FALSE,global,Electronics,NOCO0018,76.99,,49.13,shopify,deny,132,TRUE,TRUE,0.642,kg,1210000620057,,,,49.13,15.57,2026-06-17T21:20:08
,noco0019-noco-xgc4-genius-boost-56w-xgc-power-adapter,MERGE,NOCO XGC4 | Genius Boost | 56W XGC Power Adapter,<p>NOCO XGC4 | Genius Boost | 56W XGC Power Adapter</p>,NOCO,DV,"DV, NOCO, import-ohne-bild",MERGE,draft,FALSE,global,Electronics,NOCO0019,65.99,,42.53,shopify,deny,22,TRUE,TRUE,0.867,kg,1210000617309,,,,42.53,12.92,2026-06-17T21:20:08
,noco0020-noco-gbc013-noco-gb20-40-eva-protection-case-boost-accessories,MERGE,NOCO GBC013 | NOCO GB20/40 EVA Protection Case | Boost Accessories,<p>NOCO GBC013 | NOCO GB20/40 EVA Protection Case | Boost Accessories</p>,NOCO,DV,"DV, NOCO, import-ohne-bild",MERGE,draft,FALSE,global,Electronics,NOCO0020,24.99,,15.11,shopify,deny,159,TRUE,TRUE,0.334,kg,1210000617279,,,,15.11,5.89,2026-06-17T21:20:08
,noco0021-noco-gbc014-noco-gb70-eva-protection-case-boost-accessories,MERGE,NOCO GBC014 | NOCO GB70 EVA Protection Case | Boost Accessories,<p>NOCO GBC014 | NOCO GB70 EVA Protection Case | Boost Accessories</p>,NOCO,DV,"DV, NOCO, import-ohne-bild",MERGE,draft,FALSE,global,Electronics,NOCO0021,29.99,,18.22,shopify,deny,13,TRUE,TRUE,0.616,kg,1210000617286,,,,18.22,6.98,2026-06-17T21:20:08
,noco0022-noco-gbc015-noco-gb150-eva-protection-case-boost-accessories,MERGE,NOCO GBC015 | NOCO GB150 EVA Protection Case | Boost Accessories,<p>NOCO GBC015 | NOCO GB150 EVA Protection Case | Boost Accessories</p>,NOCO,DV,"DV, NOCO, import-ohne-bild",MERGE,draft,FALSE,global,Electronics,NOCO0022,39.99,,24.95,shopify,deny,38,TRUE,TRUE,1.090,kg,1210000617293,,,,24.95,8.66,2026-06-17T21:20:08
,noco0024-noco-gbc101-noco-gbx45-eva-protection-case-boost-accessories,MERGE,NOCO GBC101 | NOCO GBX45 EVA Protection Case | Boost Accessories,<p>NOCO GBC101 | NOCO GBX45 EVA Protection Case | Boost Accessories</p>,NOCO,DV,"DV, NOCO, import-ohne-bild",MERGE,draft,FALSE,global,Electronics,NOCO0024,29.99,,18.22,shopify,deny,86,TRUE,TRUE,0.354,kg,1210000621047,,,,18.22,6.98,2026-06-17T21:20:08
,noco0025-noco-gbc102-noco-gbx55-eva-protection-case-boost-accessories,MERGE,NOCO GBC102 | NOCO GBX55 EVA Protection Case | Boost Accessories,<p>NOCO GBC102 | NOCO GBX55 EVA Protection Case | Boost Accessories</p>,NOCO,DV,"DV, NOCO, import-ohne-bild",MERGE,draft,FALSE,global,Electronics,NOCO0025,34.99,,21.43,shopify,deny,93,TRUE,TRUE,0.574,kg,1210000621054,,,,21.43,7.97,2026-06-17T21:20:08
,noco0028-noco-genius2deu-noco-2a-direct-mount-battery-charger-genius-battery-cha,MERGE,NOCO GENIUS2DEU | NOCO 2A Direct-Mount Battery Charger | Genius Battery Chargers,<p>NOCO GENIUS2DEU | NOCO 2A Direct-Mount Battery Charger | Genius Battery Chargers</p>,NOCO,DV,"DV, NOCO, import-ohne-bild",MERGE,draft,FALSE,global,Electronics,NOCO0028,47.99,,30.74,shopify,deny,276,TRUE,TRUE,0.507,kg,1210000618146,,,,30.74,9.59,2026-06-17T21:20:08
,nuca0015-asus-nuc-15-pro-slim-kit-rnuc15crkc500002-90ar00r2-m00060,MERGE,ASUS NUC 15 Pro Slim Kit RNUC15CRKC500002 | 90AR00R2-M00060,<p>ASUS NUC 15 Pro Slim Kit RNUC15CRKC500002 | 90AR00R2-M00060</p>,Asustek,,"Asustek, import-ohne-bild",MERGE,draft,FALSE,global,Electronics,NUCA0015,455.99,,318.97,shopify,deny,57,TRUE,TRUE,1.560,kg,4711387949832,,,,318.97,64.21,2026-06-17T21:20:08
,petk0003-petkit-trinkbrunnen-eversweet-solo-2,MERGE,Petkit Trinkbrunnen Eversweet Solo 2,<p>Petkit Trinkbrunnen Eversweet Solo 2</p>,Petkit,,"Petkit, import-ohne-bild",MERGE,draft,FALSE,global,Electronics,PETK0003,55.99,,36.03,shopify,deny,19,TRUE,TRUE,1.203,kg,6973293808896,,,,36.03,11.02,2026-06-17T21:20:08
,petk0008-petkit-trinkbrunnen-wasserfilter-5-0-5-stk,MERGE,Petkit Trinkbrunnen Wasserfilter 5.0 | 5 Stk,<p>Petkit Trinkbrunnen Wasserfilter 5.0 | 5 Stk</p>,Petkit,,"Petkit, import-ohne-bild",MERGE,draft,FALSE,global,Electronics,PETK0008,23.99,,14.49,shopify,deny,12,TRUE,TRUE,0.183,kg,6975069302959,,,,14.49,5.67,2026-06-17T21:20:08
,petk0009-petkit-trinkbrunnen-reinigungsset,MERGE,Petkit Trinkbrunnen Reinigungsset,<p>Petkit Trinkbrunnen Reinigungsset</p>,Petkit,,"Petkit, import-ohne-bild",MERGE,draft,FALSE,global,Electronics,PETK0009,12.99,,5.08,shopify,deny,5,TRUE,TRUE,0.023,kg,6975069302393,,,,5.08,5.84,2026-06-17T21:20:08
,petk0011-petkit-futterautomat-yumshare-dual-hopper-mit-kamera,MERGE,Petkit Futterautomat YumShare Dual-Hopper mit Kamera,<p>Petkit Futterautomat YumShare Dual-Hopper mit Kamera</p>,Petkit,,"Petkit, import-ohne-bild",MERGE,draft,FALSE,global,Electronics,PETK0011,130.99,,91.10,shopify,deny,36,TRUE,TRUE,3.440,kg,6975069302713,,,,91.10,18.98,2026-06-17T21:20:08
,petk0012-petkit-futterautomat-feuchtigkeitsbeutel-desiccant-5-stk,MERGE,Petkit Futterautomat Feuchtigkeitsbeutel (Desiccant) 5 Stk,<p>Petkit Futterautomat Feuchtigkeitsbeutel (Desiccant) 5 Stk</p>,Petkit,,"Petkit, import-ohne-bild",MERGE,draft,FALSE,global,Electronics,PETK0012,12.99,,5.50,shopify,deny,98,TRUE,TRUE,0.142,kg,6931580101280,,,,5.50,5.42,2026-06-17T21:20:08
,petk0014-petkit-breezy2-haustier-transporttasche-cremeweiss,MERGE,Petkit Breezy2 Haustier Transporttasche Cremeweiß,<p>Petkit Breezy2 Haustier Transporttasche Cremeweiß</p>,Petkit,,"Petkit, import-ohne-bild",MERGE,draft,FALSE,global,Electronics,PETK0014,76.99,,49.70,shopify,deny,5,TRUE,TRUE,2.028,kg,6975069300863,,,,49.70,15.00,2026-06-17T21:20:08
,petk0015-petkit-breezy2-haustier-transporttasche-gruen,MERGE,Petkit Breezy2 Haustier Transporttasche Grün,<p>Petkit Breezy2 Haustier Transporttasche Grün</p>,Petkit,,"Petkit, import-ohne-bild",MERGE,draft,FALSE,global,Electronics,PETK0015,76.99,,49.70,shopify,deny,8,TRUE,TRUE,2.025,kg,6973293808629,,,,49.70,15.00,2026-06-17T21:20:08
,petk0016-petkit-breezy2-haustier-transporttasche-rosa-blau,MERGE,Petkit Breezy2 Haustier Transporttasche Rosa Blau,<p>Petkit Breezy2 Haustier Transporttasche Rosa Blau</p>,Petkit,,"Petkit, import-ohne-bild",MERGE,draft,FALSE,global,Electronics,PETK0016,76.99,,49.70,shopify,deny,3,TRUE,TRUE,2.020,kg,6973293808506,,,,49.70,15.00,2026-06-17T21:20:08
,petk0017-petkit-breezy-xzone-haustier-transporttasche-grau,MERGE,Petkit Breezy xZone Haustier Transporttasche Grau,<p>Petkit Breezy xZone Haustier Transporttasche Grau</p>,Petkit,,"Petkit, import-ohne-bild",MERGE,draft,FALSE,global,Electronics,PETK0017,50.99,,32.71,shopify,deny,3,TRUE,TRUE,1.715,kg,6973293802337,,,,32.71,10.14,2026-06-17T21:20:08
,petk0018-petkit-airsalon-max,MERGE,Petkit AirSalon Max,<p>Petkit AirSalon Max</p>,Petkit,,"Petkit, import-ohne-bild",MERGE,draft,FALSE,global,Electronics,PETK0018,369.99,,258.83,shopify,deny,9,TRUE,TRUE,12.250,kg,6975069301389,,,,258.83,52.09,2026-06-17T21:20:08
,petk0019-petkit-airsalon-max-pro,MERGE,Petkit AirSalon Max Pro,<p>Petkit AirSalon Max Pro</p>,Petkit,,"Petkit, import-ohne-bild",MERGE,draft,FALSE,global,Electronics,PETK0019,384.99,,269.10,shopify,deny,3,TRUE,TRUE,12.500,kg,6975069301778,,,,269.10,54.42,2026-06-17T21:20:08
,petk0020-petkit-tierfell-staubsauger-set,MERGE,Petkit Tierfell Staubsauger-Set,<p>Petkit Tierfell Staubsauger-Set</p>,Petkit,,"Petkit, import-ohne-bild",MERGE,draft,FALSE,global,Electronics,PETK0020,143.99,,100.70,shopify,deny,21,TRUE,TRUE,4.517,kg,6975069301723,,,,100.70,20.30,2026-06-17T21:20:08
,petk0021-petkit-2-in-1-trimmer-pro,MERGE,Petkit 2 in 1 Trimmer Pro,<p>Petkit 2 in 1 Trimmer Pro</p>,Petkit,,"Petkit, import-ohne-bild",MERGE,draft,FALSE,global,Electronics,PETK0021,20.99,,12.40,shopify,deny,53,TRUE,TRUE,0.307,kg,6973293809190,,,,12.40,5.24,2026-06-17T21:20:08
,petk0023-petkit-led-krallenschere-pro,MERGE,Petkit LED Krallenschere Pro,<p>Petkit LED Krallenschere Pro</p>,Petkit,,"Petkit, import-ohne-bild",MERGE,draft,FALSE,global,Electronics,PETK0023,14.99,,7.00,shopify,deny,17,TRUE,TRUE,0.164,kg,6975069303017,,,,7.00,5.60,2026-06-17T21:20:08
,petk0024-petkit-tierfell-buerste-neue-edition,MERGE,Petkit Tierfell Bürste *neue Edition*,<p>Petkit Tierfell Bürste *neue Edition*</p>,Petkit,,"Petkit, import-ohne-bild",MERGE,draft,FALSE,global,Electronics,PETK0024,19.99,,11.00,shopify,deny,17,TRUE,TRUE,0.160,kg,6973293807905,,,,11.00,5.80,2026-06-17T21:20:08
,petk0025-petkit-4-in-1-kratzspielzeug,MERGE,Petkit 4 in 1 Kratzspielzeug,<p>Petkit 4 in 1 Kratzspielzeug</p>,Petkit,,"Petkit, import-ohne-bild",MERGE,draft,FALSE,global,Electronics,PETK0025,26.99,,16.60,shopify,deny,13,TRUE,TRUE,1.453,kg,6931580101303,,,,16.60,6.08,2026-06-17T21:20:08
,petk0027-petkit-katzenstreu-occult-bluttest-4-beutel,MERGE,Petkit Katzenstreu Occult Bluttest | 4 Beutel,<p>Petkit Katzenstreu Occult Bluttest | 4 Beutel</p>,Petkit,,"Petkit, import-ohne-bild",MERGE,draft,FALSE,global,Electronics,PETK0027,44.99,,29.00,shopify,deny,5,TRUE,TRUE,10.250,kg,6975069303918,,,,29.00,8.81,2026-06-17T21:20:08
,petk0028-petkit-katzenklo-pura-max-2-premium,MERGE,Petkit Katzenklo Pura Max 2 Premium,<p>Petkit Katzenklo Pura Max 2 Premium</p>,Petkit,,"Petkit, import-ohne-bild",MERGE,draft,FALSE,global,Electronics,PETK0028,449.99,,314.93,shopify,deny,45,TRUE,TRUE,15.520,kg,6975069305028,,,,314.93,63.21,2026-06-17T21:20:08
,petk0033-petkit-katzenklo-muellbeutel-fuer-pura-max-2-purobot-max-pro,MERGE,Petkit Katzenklo Müllbeutel für Pura Max 2/ Purobot Max Pro,<p>Petkit Katzenklo Müllbeutel für Pura Max 2/ Purobot Max Pro</p>,Petkit,,"Petkit, import-ohne-bild",MERGE,draft,FALSE,global,Electronics,PETK0033,13.99,,6.20,shopify,deny,13,TRUE,TRUE,0.196,kg,6975069304281,,,,6.20,5.56,2026-06-17T21:20:08
,petk0034-petkit-katzenklo-purobot-ultra-nachfuellringe-muellbeutel-3-stk-p99034,MERGE,Petkit Katzenklo Purobot Ultra Nachfüllringe Müllbeutel 3 Stk (P99034),<p>Petkit Katzenklo Purobot Ultra Nachfüllringe Müllbeutel 3 Stk (P99034)</p>,Petkit,,"Petkit, import-ohne-bild",MERGE,draft,FALSE,global,Electronics,PETK0034,32.99,,20.00,shopify,deny,41,TRUE,TRUE,0.428,kg,6975069304892,,,,20.00,7.72,2026-06-17T21:20:08
,petk0035-petkit-katzenklo-pura-x-lufterfrischer-nachfueller-4x50-ml,MERGE,Petkit Katzenklo Pura X Lufterfrischer Nachfüller 4x50 ml,<p>Petkit Katzenklo Pura X Lufterfrischer Nachfüller 4x50 ml</p>,Petkit,,"Petkit, import-ohne-bild",MERGE,draft,FALSE,global,Electronics,PETK0035,20.99,,12.40,shopify,deny,7,TRUE,TRUE,0.288,kg,6973293800258,,,,12.40,5.24,2026-06-17T21:20:08
,petk0036-petkit-katzenklo-pura-max-2-pura-x-auffangmatte-wasserfest,MERGE,Petkit Katzenklo Pura Max 2 / Pura X Auffangmatte Wasserfest,<p>Petkit Katzenklo Pura Max 2 / Pura X Auffangmatte Wasserfest</p>,Petkit,,"Petkit, import-ohne-bild",MERGE,draft,FALSE,global,Electronics,PETK0036,22.99,,13.80,shopify,deny,2,TRUE,TRUE,0.062,kg,6973293800371,,,,13.80,5.52,2026-06-17T21:20:08
,petk0037-petkit-katzenklo-pura-max-pura-max-2-lufterfrischer-n50-3-stk,MERGE,Petkit Katzenklo Pura Max & Pura Max 2 Lufterfrischer N50 3 Stk.,<p>Petkit Katzenklo Pura Max & Pura Max 2 Lufterfrischer N50 3 Stk.</p>,Petkit,,"Petkit, import-ohne-bild",MERGE,draft,FALSE,global,Electronics,PETK0037,20.99,,12.40,shopify,deny,25,TRUE,TRUE,0.181,kg,6975069303956,,,,12.40,5.24,2026-06-17T21:20:08
,petk0038-petkit-katzenklo-purobot-ultra-lufterfrischer-n60-3-stk-p9224,MERGE,Petkit Katzenklo Purobot Ultra Lufterfrischer N60 3 Stk (P9224),<p>Petkit Katzenklo Purobot Ultra Lufterfrischer N60 3 Stk (P9224)</p>,Petkit,,"Petkit, import-ohne-bild",MERGE,draft,FALSE,global,Electronics,PETK0038,28.99,,17.90,shopify,deny,20,TRUE,TRUE,0.293,kg,6975069305240,,,,17.90,6.46,2026-06-17T21:20:08
,petk0040-petkit-katzenklo-pura-max-2-purobot-max-pro-unterlage,MERGE,Petkit Katzenklo Pura Max 2 & Purobot Max Pro Unterlage,<p>Petkit Katzenklo Pura Max 2 & Purobot Max Pro Unterlage</p>,Petkit,,"Petkit, import-ohne-bild",MERGE,draft,FALSE,global,Electronics,PETK0040,35.99,,22.10,shopify,deny,19,TRUE,TRUE,0.485,kg,6975069304830,,,,22.10,8.14,2026-06-17T21:20:08
,petk0041-petkit-katzenstreu-entferner-magnetisch-2-stk,MERGE,Petkit Katzenstreu Entferner Magnetisch 2 Stk,<p>Petkit Katzenstreu Entferner Magnetisch 2 Stk</p>,Petkit,,"Petkit, import-ohne-bild",MERGE,draft,FALSE,global,Electronics,PETK0041,19.99,,11.67,shopify,deny,19,TRUE,TRUE,0.341,kg,6975069303413,,,,11.67,5.13,2026-06-17T21:20:08
,petk0043-petkit-katzenstreu-entferner-set-tofu,MERGE,Petkit Katzenstreu Entferner Set Tofu,<p>Petkit Katzenstreu Entferner Set Tofu</p>,Petkit,,"Petkit, import-ohne-bild",MERGE,draft,FALSE,global,Electronics,PETK0043,19.99,,11.00,shopify,deny,3,TRUE,TRUE,0.352,kg,6975069303536,,,,11.00,5.80,2026-06-17T21:20:08
,petk0044-petkit-katzenstreu-entferner-set-mineralsand,MERGE,Petkit Katzenstreu Entferner Set Mineralsand,<p>Petkit Katzenstreu Entferner Set Mineralsand</p>,Petkit,,"Petkit, import-ohne-bild",MERGE,draft,FALSE,global,Electronics,PETK0044,17.99,,10.00,shopify,deny,1,TRUE,TRUE,0.353,kg,6975069303475,,,,10.00,5.12,2026-06-17T21:20:08
,petk0045-petkit-purobot-max-pro-2,MERGE,Petkit Purobot Max Pro 2,<p>Petkit Purobot Max Pro 2</p>,Petkit,,"Petkit, import-ohne-bild",MERGE,draft,FALSE,global,Electronics,PETK0045,528.99,,369.92,shopify,deny,47,TRUE,TRUE,14.850,kg,6975069306278,,,,369.92,74.61,2026-06-17T21:20:08
,petk0046-petkit-trinkbrunnen-eversweet-max-uvc-pump,MERGE,Petkit Trinkbrunnen Eversweet Max - UVC Pump,<p>Petkit Trinkbrunnen Eversweet Max - UVC Pump</p>,Petkit,,"Petkit, import-ohne-bild",MERGE,draft,FALSE,global,Electronics,PETK0046,86.99,,60.70,shopify,deny,52,TRUE,TRUE,1.875,kg,6975069307305,,,,60.70,12.40,2026-06-17T21:20:08
,petk0047-petkit-trinkbrunnen-eversweet-max-2-100,MERGE,Petkit Trinkbrunnen Eversweet Max 2 -100,<p>Petkit Trinkbrunnen Eversweet Max 2 -100</p>,Petkit,,"Petkit, import-ohne-bild",MERGE,draft,FALSE,global,Electronics,PETK0047,86.99,,60.70,shopify,deny,25,TRUE,TRUE,1.800,kg,6975069307107,,,,60.70,12.40,2026-06-17T21:20:08
,petk0048-petkit-trinkbrunnen-eversweet-max-2-100-uvc-pump,MERGE,Petkit Trinkbrunnen Eversweet Max 2 - 100 - UVC Pump,<p>Petkit Trinkbrunnen Eversweet Max 2 - 100 - UVC Pump</p>,Petkit,,"Petkit, import-ohne-bild",MERGE,draft,FALSE,global,Electronics,PETK0048,102.99,,71.80,shopify,deny,53,TRUE,TRUE,1.906,kg,6975069307091,,,,71.80,14.75,2026-06-17T21:20:08
,petk0049-petkit-schaumstofffilter-fuer-wireless-pumpe-15pcs,MERGE,Petkit Schaumstofffilter für Wireless Pumpe | 15pcs,<p>Petkit Schaumstofffilter für Wireless Pumpe | 15pcs</p>,Petkit,,"Petkit, import-ohne-bild",MERGE,draft,FALSE,global,Electronics,PETK0049,15.99,,8.30,shopify,deny,1,TRUE,TRUE,0.012,kg,6973293809244,,,,8.30,5.14,2026-06-17T21:20:08
,petk0050-petkit-wireless-pump-replacement,MERGE,Petkit Wireless Pump Replacement,<p>Petkit Wireless Pump Replacement</p>,Petkit,,"Petkit, import-ohne-bild",MERGE,draft,FALSE,global,Electronics,PETK0050,18.99,,10.66,shopify,deny,23,TRUE,TRUE,0.110,kg,6973293809077,,,,10.66,5.30,2026-06-17T21:20:08
,petk0051-petkit-fresh-element-solo-new-grey,MERGE,Petkit Fresh Element SOLO New - Grey,<p>Petkit Fresh Element SOLO New - Grey</p>,Petkit,,"Petkit, import-ohne-bild",MERGE,draft,FALSE,global,Electronics,PETK0051,78.99,,55.20,shopify,deny,13,TRUE,TRUE,2.040,kg,6973293802276,,,,55.20,11.18,2026-06-17T21:20:08
,petk0058-petkit-natural-cat-litter-4bags,MERGE,Petkit Natural Cat Litter - 4bags,<p>Petkit Natural Cat Litter - 4bags</p>,Petkit,,"Petkit, import-ohne-bild",MERGE,draft,FALSE,global,Electronics,PETK0058,39.99,,24.80,shopify,deny,8,TRUE,TRUE,10.300,kg,6975069306063,,,,24.80,8.81,2026-06-17T21:20:08
,petk0059-petkit-5-in-1-mixed-cat-litter-upgrade-3bags,MERGE,Petkit 5 in 1 Mixed Cat Litter (Upgrade) -3bags,<p>Petkit 5 in 1 Mixed Cat Litter (Upgrade) -3bags</p>,Petkit,,"Petkit, import-ohne-bild",MERGE,draft,FALSE,global,Electronics,PETK0059,35.99,,22.10,shopify,deny,16,TRUE,TRUE,7.600,kg,6973293808971,,,,22.10,8.14,2026-06-17T21:20:08
,petk0061-petkit-urine-monitor-cat-litter-4bags,MERGE,Petkit Urine Monitor Cat Litter  - 4bags,<p>Petkit Urine Monitor Cat Litter  - 4bags</p>,Petkit,,"Petkit, import-ohne-bild",MERGE,draft,FALSE,global,Electronics,PETK0061,45.99,,29.42,shopify,deny,14,TRUE,TRUE,10.200,kg,6975069306803,,,,29.42,9.23,2026-06-17T21:20:08
,petk0062-petkit-crystal-litter-4bags-exclusive-fuer-purobot-crystal-duo,MERGE,Petkit Crystal Litter  - 4bags Exclusive für PUROBOT CRYSTAL DUO,<p>Petkit Crystal Litter  - 4bags Exclusive für PUROBOT CRYSTAL DUO</p>,Petkit,,"Petkit, import-ohne-bild",MERGE,draft,FALSE,global,Electronics,PETK0062,80.99,,56.60,shopify,deny,30,TRUE,TRUE,12.340,kg,6975069306551,,,,56.60,11.46,2026-06-17T21:20:08
,petk0063-petkit-crystal-ph-litter-4bags-exclusive-for-purobot-crystal-duo,MERGE,Petkit Crystal PH Litter - 4bags Exclusive for PUROBOT CRYSTAL DUO,<p>Petkit Crystal PH Litter - 4bags Exclusive for PUROBOT CRYSTAL DUO</p>,Petkit,,"Petkit, import-ohne-bild",MERGE,draft,FALSE,global,Electronics,PETK0063,79.99,,55.83,shopify,deny,20,TRUE,TRUE,11.940,kg,6975069306650,,,,55.83,11.39,2026-06-17T21:20:08
,petk0067-petkit-purobot-crystal-duo,MERGE,Petkit Purobot Crystal duo,<p>Petkit Purobot Crystal duo</p>,Petkit,,"Petkit, import-ohne-bild",MERGE,draft,FALSE,global,Electronics,PETK0067,216.99,,151.80,shopify,deny,45,TRUE,TRUE,11.800,kg,6975069307244,,,,151.80,30.54,2026-06-17T21:20:08
,petk0072-petkit-pura-air-smart-spray,MERGE,Petkit Pura Air Smart Spray,<p>Petkit Pura Air Smart Spray</p>,Petkit,,"Petkit, import-ohne-bild",MERGE,draft,FALSE,global,Electronics,PETK0072,44.99,,29.00,shopify,deny,19,TRUE,TRUE,0.540,kg,6973293806052,,,,29.00,8.81,2026-06-17T21:20:08
,petk0074-petkit-standard-litter-sifter-p99031-for-purobot-ultra,MERGE,Petkit Standard Litter  Sifter P99031 For PUROBOT ULTRA,<p>Petkit Standard Litter  Sifter P99031 For PUROBOT ULTRA</p>,Petkit,,"Petkit, import-ohne-bild",MERGE,draft,FALSE,global,Electronics,PETK0074,19.99,,11.67,shopify,deny,10,TRUE,TRUE,0.208,kg,6975069304779,,,,11.67,5.13,2026-06-17T21:20:08
,petk0077-petkit-staender-fuer-futterautomat,MERGE,Petkit Ständer für Futterautomat,<p>Petkit Ständer für Futterautomat</p>,Petkit,,"Petkit, import-ohne-bild",MERGE,draft,FALSE,global,Electronics,PETK0077,19.99,,11.00,shopify,deny,15,TRUE,TRUE,0.634,kg,6975069303680,,,,11.00,5.80,2026-06-17T21:20:08
,petk0080-petkit-wireless-pump-uvc-for-sales,MERGE,Petkit Wireless Pump-UVC for Sales,<p>Petkit Wireless Pump-UVC for Sales</p>,Petkit,,"Petkit, import-ohne-bild",MERGE,draft,FALSE,global,Electronics,PETK0080,25.99,,15.73,shopify,deny,36,TRUE,TRUE,0.112,kg,6975069301846,,,,15.73,6.11,2026-06-17T21:20:08
,petk0081-petkit-easy-step-pedal-step-for-automatic-litter-boxes-with-dirt-catche,MERGE,Petkit Easy-Step Pedal - Step for Automatic Litter Boxes with Dirt Catcher,<p>Petkit Easy-Step Pedal - Step for Automatic Litter Boxes with Dirt Catcher</p>,Petkit,,"Petkit, import-ohne-bild",MERGE,draft,FALSE,global,Electronics,PETK0081,39.99,,25.38,shopify,deny,29,TRUE,TRUE,0.675,kg,6975069305691,,,,25.38,8.23,2026-06-17T21:20:08
,petk0082-petkit-futterautomat-yumshare-dual-hopper-mit-kamera,MERGE,Petkit Futterautomat YumShare Dual-Hopper mit Kamera,<p>Petkit Futterautomat YumShare Dual-Hopper mit Kamera</p>,Petkit,,"Petkit, import-ohne-bild",MERGE,draft,FALSE,global,Electronics,PETK0082,217.99,,152.25,shopify,deny,58,TRUE,TRUE,3.775,kg,6975069307596,,,,152.25,30.93,2026-06-17T21:20:08
,petk0083-petkit-front-entry-hood-for-purobot-crystal-duo,MERGE,Petkit Front Entry Hood for PUROBOT CRYSTAL DUO,<p>Petkit Front Entry Hood for PUROBOT CRYSTAL DUO</p>,Petkit,,"Petkit, import-ohne-bild",MERGE,draft,FALSE,global,Electronics,PETK0083,51.99,,32.99,shopify,deny,45,TRUE,TRUE,1.180,kg,6975069305677,,,,32.99,10.70,2026-06-17T21:20:08
,petk0084-petkit-pura-max-fence-2-0-for-purobot-max-pro-2,MERGE,Petkit PURA MAX FENCE 2.0 for Purobot Max Pro 2,<p>Petkit PURA MAX FENCE 2.0 for Purobot Max Pro 2</p>,Petkit,,"Petkit, import-ohne-bild",MERGE,draft,FALSE,global,Electronics,PETK0084,18.99,,10.15,shopify,deny,42,TRUE,TRUE,0.116,kg,6975069306407,,,,10.15,5.81,2026-06-17T21:20:08
,petk0085-petkit-purobot-crystal-duo-with-front-entry-hood-eu,MERGE,Petkit PUROBOT CRYSTAL DUO With Front Entry Hood-EU,<p>Petkit PUROBOT CRYSTAL DUO With Front Entry Hood-EU</p>,Petkit,,"Petkit, import-ohne-bild",MERGE,draft,FALSE,global,Electronics,PETK0085,275.99,,192.85,shopify,deny,58,TRUE,TRUE,12.560,kg,6975069308807,,,,192.85,39.07,2026-06-17T21:20:08
,play0002-playmobil-70191-city-life-krankenhaus-mit-einrichtung,MERGE,Playmobil 70191 City Life - Krankenhaus mit Einrichtung,<p>Playmobil 70191 City Life - Krankenhaus mit Einrichtung</p>,Playmobil,DV,"DV, Playmobil, import-ohne-bild",MERGE,draft,FALSE,global,Electronics,PLAY0002,72.99,,50.75,shopify,deny,8,TRUE,TRUE,2.670,kg,4008789701916,,,,50.75,10.59,2026-06-17T21:20:08
,ppca0005-anker-everfrost-powered-cooler-33l-cooler-battery-set,MERGE,Anker EverFrost Powered Cooler 33L + Cooler Battery SET,<p>Anker EverFrost Powered Cooler 33L + Cooler Battery SET</p>,Anker,,"Anker, import-ohne-bild",MERGE,draft,FALSE,global,Electronics,PPCA0005,623.99,,436.45,shopify,deny,8,TRUE,TRUE,28.300,kg,0194644126353,,,,436.45,87.91,2026-06-17T21:20:08
,ppca0006-anker-everfrost-powered-cooler-43l-cooler-battery-set,MERGE,Anker EverFrost Powered Cooler 43L + Cooler Battery SET,<p>Anker EverFrost Powered Cooler 43L + Cooler Battery SET</p>,Anker,,"Anker, import-ohne-bild",MERGE,draft,FALSE,global,Electronics,PPCA0006,681.99,,477.05,shopify,deny,1,TRUE,TRUE,0.000,kg,0194644126346,,,,477.05,96.05,2026-06-17T21:20:08
,ppce0003-ecoflow-glacier-plug-in-battery,MERGE,ECOFLOW Glacier Plug-in Battery,<p>ECOFLOW Glacier Plug-in Battery</p>,Ecoflow,PPS,"PPS, Ecoflow, import-ohne-bild",MERGE,draft,FALSE,global,Electronics,PPCE0003,316.99,,221.68,shopify,deny,7,TRUE,TRUE,2.500,kg,4895251604802,,,,221.68,44.70,2026-06-17T21:20:08
,ppce0004-ecoflow-glacier-protection-bag,MERGE,ECOFLOW Glacier Protection Bag,<p>ECOFLOW Glacier Protection Bag</p>,Ecoflow,PPS,"PPS, Ecoflow, import-ohne-bild",MERGE,draft,FALSE,global,Electronics,PPCE0004,133.99,,93.53,shopify,deny,1,TRUE,TRUE,2.018,kg,4895251605984,,,,93.53,19.07,2026-06-17T21:20:08
,ppce0007-ecoflow-glacier-classic-35l,MERGE,ECOFLOW GLACIER Classic 35L,<p>ECOFLOW GLACIER Classic 35L</p>,Ecoflow,PPS,"PPS, Ecoflow, import-ohne-bild",MERGE,draft,FALSE,global,Electronics,PPCE0007,710.99,,497.35,shopify,deny,10,TRUE,TRUE,24.780,kg,4895251641623,,,,497.35,100.12,2026-06-17T21:20:08
,ppe0020-ecoflow-double-handle-connection-cable,MERGE,ECOFLOW Double handle Connection Cable,<p>ECOFLOW Double handle Connection Cable</p>,Ecoflow,PPS,"PPS, Ecoflow, import-ohne-bild",MERGE,draft,FALSE,global,Electronics,PPE0020,112.99,,79.03,shopify,deny,7,TRUE,TRUE,0.862,kg,4897082666516,,,,79.03,15.92,2026-06-17T21:20:08
,ppe0023-ecoflow-river-2-bag,MERGE,ECOFLOW River 2 Bag,<p>ECOFLOW River 2 Bag</p>,Ecoflow,PPS,"PPS, Ecoflow, import-ohne-bild",MERGE,draft,FALSE,global,Electronics,PPE0023,71.99,,50.04,shopify,deny,1,TRUE,TRUE,1.833,kg,4895251604314,,,,50.04,10.46,2026-06-17T21:20:08
,ppe0027-ecoflow-delta-max-us-extra-battery-bag,MERGE,ECOFLOW Delta Max US Extra Battery Bag,<p>ECOFLOW Delta Max US Extra Battery Bag</p>,Ecoflow,PPS,"PPS, Ecoflow, import-ohne-bild",MERGE,draft,FALSE,global,Electronics,PPE0027,92.99,,64.55,shopify,deny,14,TRUE,TRUE,0.293,kg,4897082665779,,,,64.55,13.59,2026-06-17T21:20:08
,ppe0030-ecoflow-portable-power-station-grounding-adapter,MERGE,ECOFLOW Portable Power Station Grounding Adapter,<p>ECOFLOW Portable Power Station Grounding Adapter</p>,Ecoflow,PPS,"PPS, Ecoflow, import-ohne-bild",MERGE,draft,FALSE,global,Electronics,PPE0030,102.99,,71.76,shopify,deny,15,TRUE,TRUE,0.243,kg,4895251600293,,,,71.76,14.79,2026-06-17T21:20:08
,ppe0031-ecoflow-delta-pro-eu-ev-x-stream-adapter,MERGE,ECOFLOW Delta Pro EU EV X-Stream Adapter,<p>ECOFLOW Delta Pro EU EV X-Stream Adapter</p>,Ecoflow,PPS,"PPS, Ecoflow, import-ohne-bild",MERGE,draft,FALSE,global,Electronics,PPE0031,102.99,,71.76,shopify,deny,1,TRUE,TRUE,0.310,kg,4897082665571,,,,71.76,14.79,2026-06-17T21:20:08
,ppe0044-ecoflow-infinity-cable,MERGE,ECOFLOW Infinity Cable,<p>ECOFLOW Infinity Cable</p>,Ecoflow,PPS,"PPS, Ecoflow, import-ohne-bild",MERGE,draft,FALSE,global,Electronics,PPE0044,125.99,,88.20,shopify,deny,12,TRUE,TRUE,1.205,kg,4897082668091,,,,88.20,17.67,2026-06-17T21:20:08
,ppe0047-ecoflow-battery-2kwh-mounting-strap,MERGE,ECOFLOW Battery 2kWh Mounting Strap,<p>ECOFLOW Battery 2kWh Mounting Strap</p>,Ecoflow,PPS,"PPS, Ecoflow, import-ohne-bild",MERGE,draft,FALSE,global,Electronics,PPE0047,56.99,,36.34,shopify,deny,61,TRUE,TRUE,1.780,kg,4897082669357,,,,36.34,11.55,2026-06-17T21:20:08
,ppe0048-ecoflow-battery-5kwh-mounting-strap,MERGE,ECOFLOW Battery 5kWh Mounting Strap,<p>ECOFLOW Battery 5kWh Mounting Strap</p>,Ecoflow,PPS,"PPS, Ecoflow, import-ohne-bild",MERGE,draft,FALSE,global,Electronics,PPE0048,56.99,,36.34,shopify,deny,3,TRUE,TRUE,2.380,kg,4897082668749,,,,36.34,11.55,2026-06-17T21:20:08
,ppe0070-ecoflow-rigid-solar-panel-mounting-feet,MERGE,ECOFLOW Rigid Solar Panel Mounting Feet,<p>ECOFLOW Rigid Solar Panel Mounting Feet</p>,Ecoflow,PPS,"PPS, Ecoflow, import-ohne-bild",MERGE,draft,FALSE,global,Electronics,PPE0070,20.99,,12.18,shopify,deny,16,TRUE,TRUE,0.278,kg,4895251600033,,,,12.18,5.46,2026-06-17T21:20:08
,ppe0142-ecoflow-rapid-5000-powerbank-black,MERGE,ECOFLOW Rapid 5000 - Powerbank Black,<p>ECOFLOW Rapid 5000 - Powerbank Black</p>,Ecoflow,PPS,"PPS, Ecoflow, import-ohne-bild",MERGE,draft,FALSE,global,Electronics,PPE0142,51.99,,33.50,shopify,deny,88,TRUE,TRUE,0.235,kg,4895251629300,,,,33.50,10.19,2026-06-17T21:20:08
,ppe0143-ecoflow-rapid-5000-powerbank-blue,MERGE,ECOFLOW Rapid 5000 - Powerbank Blue,<p>ECOFLOW Rapid 5000 - Powerbank Blue</p>,Ecoflow,PPS,"PPS, Ecoflow, import-ohne-bild",MERGE,draft,FALSE,global,Electronics,PPE0143,51.99,,33.50,shopify,deny,68,TRUE,TRUE,0.250,kg,4895251627542,,,,33.50,10.19,2026-06-17T21:20:08
,ppe0144-ecoflow-rapid-5000-powerbank-silver,MERGE,ECOFLOW Rapid 5000 - Powerbank Silver,<p>ECOFLOW Rapid 5000 - Powerbank Silver</p>,Ecoflow,PPS,"PPS, Ecoflow, import-ohne-bild",MERGE,draft,FALSE,global,Electronics,PPE0144,51.99,,33.50,shopify,deny,4,TRUE,TRUE,0.240,kg,4895251627405,,,,33.50,10.19,2026-06-17T21:20:08
,ppe0148-ecoflow-charger-65w,MERGE,ECOFLOW Charger 65W,<p>ECOFLOW Charger 65W</p>,Ecoflow,PPS,"PPS, Ecoflow, import-ohne-bild",MERGE,draft,FALSE,global,Electronics,PPE0148,68.99,,44.56,shopify,deny,1,TRUE,TRUE,0.214,kg,4895251622905,,,,44.56,13.41,2026-06-17T21:20:08
,ppe0164-ecoflow-delta-pro-3-delta-pro-extra-battery-cable,MERGE,ECOFLOW Delta Pro 3/Delta Pro Extra Battery Cable,<p>ECOFLOW Delta Pro 3/Delta Pro Extra Battery Cable</p>,Ecoflow,PPS,"PPS, Ecoflow, import-ohne-bild",MERGE,draft,FALSE,global,Electronics,PPE0164,83.99,,58.67,shopify,deny,5,TRUE,TRUE,1.087,kg,4895251625005,,,,58.67,11.91,2026-06-17T21:20:08
,ppe0165-ecoflow-delta-pro-3-delta-pro-extra-battery-cable-2m,MERGE,ECOFLOW Delta Pro 3/Delta Pro Extra Battery Cable 2m,<p>ECOFLOW Delta Pro 3/Delta Pro Extra Battery Cable 2m</p>,Ecoflow,PPS,"PPS, Ecoflow, import-ohne-bild",MERGE,draft,FALSE,global,Electronics,PPE0165,136.99,,95.41,shopify,deny,6,TRUE,TRUE,1.743,kg,4895251624992,,,,95.41,19.71,2026-06-17T21:20:08
,ppe0166-ecoflow-delta-pro-3-ev-stream-adapter,MERGE,ECOFLOW Delta Pro 3 EV-stream adapter,<p>ECOFLOW Delta Pro 3 EV-stream adapter</p>,Ecoflow,PPS,"PPS, Ecoflow, import-ohne-bild",MERGE,draft,FALSE,global,Electronics,PPE0166,105.99,,73.59,shopify,deny,1,TRUE,TRUE,0.687,kg,4895251609142,,,,73.59,15.48,2026-06-17T21:20:08
,ppe0220-ecoflow-rapid-pro-x-powerbank,MERGE,ECOFLOW RAPID Pro X - Powerbank,<p>ECOFLOW RAPID Pro X - Powerbank</p>,Ecoflow,PPS,"PPS, Ecoflow, import-ohne-bild",MERGE,draft,FALSE,global,Electronics,PPE0220,244.99,,171.54,shopify,deny,1,TRUE,TRUE,1.210,kg,4895251646673,,,,171.54,34.33,2026-06-17T21:20:08
,ppe0222-ecoflow-rapid-pro-20k-powerbank,MERGE,ECOFLOW RAPID Pro 20K - Powerbank,<p>ECOFLOW RAPID Pro 20K - Powerbank</p>,Ecoflow,PPS,"PPS, Ecoflow, import-ohne-bild",MERGE,draft,FALSE,global,Electronics,PPE0222,123.99,,86.28,shopify,deny,15,TRUE,TRUE,0.934,kg,4895251641289,,,,86.28,17.91,2026-06-17T21:20:08
,ppe0223-ecoflow-rapid-25k-build-in-cable-powerbank-green,MERGE,ECOFLOW RAPID 25K Build-in cable - Powerbank Green,<p>ECOFLOW RAPID 25K Build-in cable - Powerbank Green</p>,Ecoflow,PPS,"PPS, Ecoflow, import-ohne-bild",MERGE,draft,FALSE,global,Electronics,PPE0223,101.99,,71.05,shopify,deny,28,TRUE,TRUE,0.770,kg,4895251653671,,,,71.05,14.66,2026-06-17T21:20:08
,ppe0226-ecoflow-rapid-25k-no-build-in-cable-powerbank-green,MERGE,ECOFLOW RAPID 25K no build-in cable - Powerbank Green,<p>ECOFLOW RAPID 25K no build-in cable - Powerbank Green</p>,Ecoflow,PPS,"PPS, Ecoflow, import-ohne-bild",MERGE,draft,FALSE,global,Electronics,PPE0226,94.99,,65.98,shopify,deny,30,TRUE,TRUE,0.740,kg,4895251653855,,,,65.98,13.84,2026-06-17T21:20:08
,ppe0227-ecoflow-rapid-25k-no-build-in-cable-powerbank-silver,MERGE,ECOFLOW RAPID 25K no build-in cable - Powerbank Silver,<p>ECOFLOW RAPID 25K no build-in cable - Powerbank Silver</p>,Ecoflow,PPS,"PPS, Ecoflow, import-ohne-bild",MERGE,draft,FALSE,global,Electronics,PPE0227,94.99,,65.98,shopify,deny,28,TRUE,TRUE,0.716,kg,4895251653848,,,,65.98,13.84,2026-06-17T21:20:08
,ppe0228-ecoflow-rapid-25k-no-build-in-cable-powerbank-black,MERGE,ECOFLOW RAPID 25K no build-in cable - Powerbank Black,<p>ECOFLOW RAPID 25K no build-in cable - Powerbank Black</p>,Ecoflow,PPS,"PPS, Ecoflow, import-ohne-bild",MERGE,draft,FALSE,global,Electronics,PPE0228,94.99,,65.98,shopify,deny,25,TRUE,TRUE,0.666,kg,4895251653831,,,,65.98,13.84,2026-06-17T21:20:08
,ppe0230-ecoflow-rapid-pro-320w-station-powerbank,MERGE,ECOFLOW RAPID Pro 320W station - Powerbank,<p>ECOFLOW RAPID Pro 320W station - Powerbank</p>,Ecoflow,PPS,"PPS, Ecoflow, import-ohne-bild",MERGE,draft,FALSE,global,Electronics,PPE0230,152.99,,106.58,shopify,deny,12,TRUE,TRUE,1.335,kg,4895251646376,,,,106.58,21.98,2026-06-17T21:20:08
,ppe0231-ecoflow-140w-charger-no-cable,MERGE,ECOFLOW 140W Charger (No cable),<p>ECOFLOW 140W Charger (No cable)</p>,Ecoflow,PPS,"PPS, Ecoflow, import-ohne-bild",MERGE,draft,FALSE,global,Electronics,PPE0231,81.99,,56.84,shopify,deny,15,TRUE,TRUE,0.280,kg,4895251641500,,,,56.84,12.06,2026-06-17T21:20:08
,ppe0232-ecoflow-100w-charger-no-cable,MERGE,ECOFLOW 100W Charger (No cable),<p>ECOFLOW 100W Charger (No cable)</p>,Ecoflow,PPS,"PPS, Ecoflow, import-ohne-bild",MERGE,draft,FALSE,global,Electronics,PPE0232,65.99,,42.63,shopify,deny,14,TRUE,TRUE,0.232,kg,4895251641449,,,,42.63,12.82,2026-06-17T21:20:08
,ppe0233-ecoflow-240w-c-c-cable,MERGE,ECOFLOW 240W C-C Cable,<p>ECOFLOW 240W C-C Cable</p>,Ecoflow,PPS,"PPS, Ecoflow, import-ohne-bild",MERGE,draft,FALSE,global,Electronics,PPE0233,23.99,,14.21,shopify,deny,28,TRUE,TRUE,0.114,kg,4895251645447,,,,14.21,5.95,2026-06-17T21:20:08
,ppe0234-ecoflow-rapid-mag-5k-powerbank-white,MERGE,ECOFLOW RAPID Mag 5K - Powerbank White,<p>ECOFLOW RAPID Mag 5K - Powerbank White</p>,Ecoflow,PPS,"PPS, Ecoflow, import-ohne-bild",MERGE,draft,FALSE,global,Electronics,PPE0234,39.99,,25.38,shopify,deny,38,TRUE,TRUE,0.170,kg,4895251647793,,,,25.38,8.23,2026-06-17T21:20:08
,ppe0235-ecoflow-rapid-mag-5k-powerbank-purple,MERGE,ECOFLOW RAPID Mag 5K - Powerbank Purple,<p>ECOFLOW RAPID Mag 5K - Powerbank Purple</p>,Ecoflow,PPS,"PPS, Ecoflow, import-ohne-bild",MERGE,draft,FALSE,global,Electronics,PPE0235,39.99,,25.38,shopify,deny,48,TRUE,TRUE,0.186,kg,4895251647830,,,,25.38,8.23,2026-06-17T21:20:08
,ppe0236-ecoflow-rapid-mag-5k-powerbank-black,MERGE,ECOFLOW RAPID Mag 5K - Powerbank Black,<p>ECOFLOW RAPID Mag 5K - Powerbank Black</p>,Ecoflow,PPS,"PPS, Ecoflow, import-ohne-bild",MERGE,draft,FALSE,global,Electronics,PPE0236,39.99,,25.38,shopify,deny,38,TRUE,TRUE,0.186,kg,4895251647809,,,,25.38,8.23,2026-06-17T21:20:08
,ppe0237-ecoflow-rapid-mag-10k-powerbank-white,MERGE,ECOFLOW RAPID Mag 10K - Powerbank White,<p>ECOFLOW RAPID Mag 10K - Powerbank White</p>,Ecoflow,PPS,"PPS, Ecoflow, import-ohne-bild",MERGE,draft,FALSE,global,Electronics,PPE0237,62.99,,40.60,shopify,deny,40,TRUE,TRUE,0.286,kg,4895251647991,,,,40.60,12.33,2026-06-17T21:20:08
,ppe0239-ecoflow-rapid-mag-10k-powerbank-schwarz,MERGE,ECOFLOW RAPID Mag 10K - Powerbank Schwarz,<p>ECOFLOW RAPID Mag 10K - Powerbank Schwarz</p>,Ecoflow,PPS,"PPS, Ecoflow, import-ohne-bild",MERGE,draft,FALSE,global,Electronics,PPE0239,62.99,,40.60,shopify,deny,25,TRUE,TRUE,0.282,kg,4895251648004,,,,40.60,12.33,2026-06-17T21:20:08
,ppe0258-ecoflow-alternator-charger-mounting-bracket,MERGE,ECOFLOW Alternator Charger Mounting Bracket,<p>ECOFLOW Alternator Charger Mounting Bracket</p>,Ecoflow,PPS,"PPS, Ecoflow, import-ohne-bild",MERGE,draft,FALSE,global,Electronics,PPE0258,53.99,,34.81,shopify,deny,12,TRUE,TRUE,1.170,kg,4895251636209,,,,34.81,10.56,2026-06-17T21:20:08
,ppe0259-ecoflow-delta-3-bag,MERGE,ECOFLOW DELTA 3 Bag,<p>ECOFLOW DELTA 3 Bag</p>,Ecoflow,PPS,"PPS, Ecoflow, import-ohne-bild",MERGE,draft,FALSE,global,Electronics,PPE0259,75.99,,49.02,shopify,deny,2,TRUE,TRUE,1.210,kg,4895251629638,,,,49.02,14.84,2026-06-17T21:20:08
,ppe0260-ecoflow-delta-3-cable,MERGE,ECOFLOW DELTA 3 Cable,<p>ECOFLOW DELTA 3 Cable</p>,Ecoflow,PPS,"PPS, Ecoflow, import-ohne-bild",MERGE,draft,FALSE,global,Electronics,PPE0260,75.99,,49.02,shopify,deny,25,TRUE,TRUE,0.352,kg,4895251632515,,,,49.02,14.84,2026-06-17T21:20:08
,ppe0273-ecoflow-trolley-delta-pro-ultra,MERGE,EcoFlow Trolley (DELTA Pro Ultra),<p>EcoFlow Trolley (DELTA Pro Ultra)</p>,Ecoflow,PPS,"PPS, Ecoflow, import-ohne-bild",MERGE,draft,FALSE,global,Electronics,PPE0273,181.99,,126.88,shopify,deny,7,TRUE,TRUE,17.400,kg,4895251609036,,,,126.88,26.05,2026-06-17T21:20:08
,ppe0283-ecoflow-trail-200-dc-portable-powerstation,MERGE,ECOFLOW TRAIL 200 DC - Portable Powerstation,<p>ECOFLOW TRAIL 200 DC - Portable Powerstation</p>,Ecoflow,PPS,"PPS, Ecoflow, import-ohne-bild",MERGE,draft,FALSE,global,Electronics,PPE0283,152.99,,106.58,shopify,deny,20,TRUE,TRUE,2.392,kg,4895251644808,,,,106.58,21.98,2026-06-17T21:20:08
,ppe0285-ecoflow-trail-plus-300-dc-portable-powerstation,MERGE,ECOFLOW TRAIL Plus 300 DC - Portable Powerstation,<p>ECOFLOW TRAIL Plus 300 DC - Portable Powerstation</p>,Ecoflow,PPS,"PPS, Ecoflow, import-ohne-bild",MERGE,draft,FALSE,global,Electronics,PPE0285,202.99,,142.10,shopify,deny,1,TRUE,TRUE,2.858,kg,4895251648424,,,,142.10,28.48,2026-06-17T21:20:08
,ppe0286-ecoflow-trail-portable-powerstation-waterproof-carrying-case,MERGE,ECOFLOW TRAIL Portable Powerstation Waterproof Carrying Case,<p>ECOFLOW TRAIL Portable Powerstation Waterproof Carrying Case</p>,Ecoflow,PPS,"PPS, Ecoflow, import-ohne-bild",MERGE,draft,FALSE,global,Electronics,PPE0286,65.99,,42.12,shopify,deny,13,TRUE,TRUE,0.446,kg,4895251665056,,,,42.12,13.33,2026-06-17T21:20:08
,ppe0355-ecoflow-lightweight-160w-portable-solar-panel,MERGE,ECOFLOW Lightweight 160W - Portable Solar Panel,<p>ECOFLOW Lightweight 160W - Portable Solar Panel</p>,Ecoflow,PPS,"PPS, Ecoflow, import-ohne-bild",MERGE,draft,FALSE,global,Electronics,PPE0355,252.99,,176.61,shopify,deny,17,TRUE,TRUE,4.980,kg,4895251649834,,,,176.61,35.99,2026-06-17T21:20:08
,ppe0358-ecoflow-alternator-charger-600,MERGE,EcoFlow Alternator Charger 600,<p>EcoFlow Alternator Charger 600</p>,Ecoflow,PPS,"PPS, Ecoflow, import-ohne-bild",MERGE,draft,FALSE,global,Electronics,PPE0358,252.99,,176.61,shopify,deny,30,TRUE,TRUE,3.408,kg,4895251648325,,,,176.61,35.99,2026-06-17T21:20:08
,ppe1001-everhome-ecotracker-ir-energiemessgeraet,MERGE,everHome EcoTracker IR - Energiemessgerät,<p>everHome EcoTracker IR - Energiemessgerät</p>,everHome,ZUBEHÖR,"ZUBEHÖR, everHome, import-ohne-bild",MERGE,draft,FALSE,global,Electronics > Electronics Accessories,PPE1001,97.99,,68.01,shopify,deny,310,TRUE,TRUE,0.168,kg,0610371446279,,,,68.01,14.33,2026-06-17T21:20:08
,pph0009-huawei-smartcharger-wallbox-scharger-7ks-s0,MERGE,Huawei SmartCharger Wallbox - SCharger-7KS-S0,<p>Huawei SmartCharger Wallbox - SCharger-7KS-S0</p>,Huawei,,"Huawei, import-ohne-bild",MERGE,draft,FALSE,global,Electronics,PPH0009,579.99,,406.00,shopify,deny,15,TRUE,TRUE,4.174,kg,,,,,406.00,81.39,2026-06-17T21:20:08
,ppse0006-ecoflow-micro-inverter-to-power-station-connection-cable-car-charge-con,MERGE,ECOFLOW Micro Inverter to Power Station Connection Cable - Car Charge Connector,<p>ECOFLOW Micro Inverter to Power Station Connection Cable - Car Charge Connector</p>,Ecoflow,PPS,"PPS, Ecoflow, import-ohne-bild",MERGE,draft,FALSE,global,Electronics,PPSE0006,33.99,,21.11,shopify,deny,2,TRUE,TRUE,0.213,kg,4895251606547,,,,21.11,7.45,2026-06-17T21:20:08
,ppse0010-ecoflow-ac-cable-de-wieland-charging-cable,MERGE,ECOFLOW AC Cable - DE-Wieland - Charging cable,<p>ECOFLOW AC Cable - DE-Wieland - Charging cable</p>,Ecoflow,PPS,"PPS, Ecoflow, import-ohne-bild",MERGE,draft,FALSE,global,Electronics,PPSE0010,43.99,,28.42,shopify,deny,37,TRUE,TRUE,0.206,kg,4895251607773,,,,28.42,8.55,2026-06-17T21:20:08
,ppse0012-ecoflow-ac-cable-3m-charging-cable,MERGE,ECOFLOW AC Cable - 3m - Charging cable,<p>ECOFLOW AC Cable - 3m - Charging cable</p>,Ecoflow,PPS,"PPS, Ecoflow, import-ohne-bild",MERGE,draft,FALSE,global,Electronics,PPSE0012,33.99,,21.11,shopify,deny,8,TRUE,TRUE,0.447,kg,4895251607698,,,,21.11,7.45,2026-06-17T21:20:08
,ppse0015-ecoflow-single-axis-solar-tracker,MERGE,ECOFLOW Single Axis Solar Tracker,<p>ECOFLOW Single Axis Solar Tracker</p>,Ecoflow,PPS,"PPS, Ecoflow, import-ohne-bild",MERGE,draft,FALSE,global,Electronics,PPSE0015,413.99,,289.28,shopify,deny,3,TRUE,TRUE,12.600,kg,4895251605205,,,,289.28,58.61,2026-06-17T21:20:08
,ppse0017-yyyecoflow-smart-plug,MERGE,yyyECOFLOW Smart Plug,<p>yyyECOFLOW Smart Plug</p>,Ecoflow,PPS,"PPS, Ecoflow, import-ohne-bild",MERGE,draft,FALSE,global,Electronics,PPSE0017,40.99,,26.09,shopify,deny,1,TRUE,TRUE,0.139,kg,4895251605571,,,,26.09,8.36,2026-06-17T21:20:08
,ppse0020-ecoflow-solar-extension-cable-3m,MERGE,ECOFLOW Solar Extension Cable (3m),<p>ECOFLOW Solar Extension Cable (3m)</p>,Ecoflow,PPS,"PPS, Ecoflow, import-ohne-bild",MERGE,draft,FALSE,global,Electronics,PPSE0020,54.99,,35.53,shopify,deny,2,TRUE,TRUE,0.559,kg,4897082661832,,,,35.53,10.68,2026-06-17T21:20:08
,ppse0026-ecoflow-solar-angle-guide,MERGE,ECOFLOW Solar Angle Guide,<p>ECOFLOW Solar Angle Guide</p>,Ecoflow,PPS,"PPS, Ecoflow, import-ohne-bild",MERGE,draft,FALSE,global,Electronics,PPSE0026,18.99,,10.86,shopify,deny,4,TRUE,TRUE,0.053,kg,4897082668404,,,,10.86,5.10,2026-06-17T21:20:08
,ppse0031-ecoflow-2-x-100w-rigid-solar-panel-combo,MERGE,ECOFLOW 2 x 100W Rigid Solar Panel Combo,<p>ECOFLOW 2 x 100W Rigid Solar Panel Combo</p>,Ecoflow,PPS,"PPS, Ecoflow, import-ohne-bild",MERGE,draft,FALSE,global,Electronics,PPSE0031,185.99,,129.92,shopify,deny,2,TRUE,TRUE,15.520,kg,4895251602709,,,,129.92,26.37,2026-06-17T21:20:08
,ppse0041-ecoflow-distribution-panel,MERGE,ECOFLOW Distribution Panel,<p>ECOFLOW Distribution Panel</p>,Ecoflow,PPS,"PPS, Ecoflow, import-ohne-bild",MERGE,draft,FALSE,global,Electronics,PPSE0041,597.99,,418.59,shopify,deny,4,TRUE,TRUE,4.130,kg,4897082669210,,,,418.59,83.92,2026-06-17T21:20:08
,ppse0046-ecoflow-balcony-hook-kit,MERGE,ECOFLOW Balcony Hook Kit,<p>ECOFLOW Balcony Hook Kit</p>,Ecoflow,PPS,"PPS, Ecoflow, import-ohne-bild",MERGE,draft,FALSE,global,Electronics,PPSE0046,104.99,,73.44,shopify,deny,5,TRUE,TRUE,3.870,kg,4895251606653,,,,73.44,14.79,2026-06-17T21:20:08
,ppse0048-ecoflow-lfp-battery-power-cable-1-5m,MERGE,"ECOFLOW LFP Battery Power Cable 1,5m","<p>ECOFLOW LFP Battery Power Cable 1,5m</p>",Ecoflow,PPS,"PPS, Ecoflow, import-ohne-bild",MERGE,draft,FALSE,global,Electronics,PPSE0048,136.99,,95.71,shopify,deny,22,TRUE,TRUE,1.265,kg,4897082669432,,,,95.71,19.41,2026-06-17T21:20:08
,ppse0056-ecoflow-solar-adjustable-tilt-mount-bracket,MERGE,ECOFLOW Solar adjustable Tilt Mount Bracket,<p>ECOFLOW Solar adjustable Tilt Mount Bracket</p>,Ecoflow,PPS,"PPS, Ecoflow, import-ohne-bild",MERGE,draft,FALSE,global,Electronics,PPSE0056,348.99,,244.01,shopify,deny,13,TRUE,TRUE,17.080,kg,4895251604550,,,,244.01,49.26,2026-06-17T21:20:08
,ppse0063-ecoflow-adjustable-ground-suspended-solar-bracket,MERGE,ECOFLOW Adjustable Ground & Suspended Solar Bracket,<p>ECOFLOW Adjustable Ground & Suspended Solar Bracket</p>,Ecoflow,PPS,"PPS, Ecoflow, import-ohne-bild",MERGE,draft,FALSE,global,Electronics,PPSE0063,136.99,,95.71,shopify,deny,12,TRUE,TRUE,11.750,kg,4895251608442,,,,95.71,19.41,2026-06-17T21:20:08
,ppse0072-ecoflow-wave2-nylon-cable-and-support-frame,MERGE,ECOFLOW Wave2 Nylon Cable and support Frame,<p>ECOFLOW Wave2 Nylon Cable and support Frame</p>,Ecoflow,PPS,"PPS, Ecoflow, import-ohne-bild",MERGE,draft,FALSE,global,Electronics,PPSE0072,56.99,,36.34,shopify,deny,3,TRUE,TRUE,0.247,kg,4895251606073,,,,36.34,11.55,2026-06-17T21:20:08
,ppse0077-ecoflow-175w-rigid-solar-panel,MERGE,ECOFLOW 175W - Rigid Solar Panel,<p>ECOFLOW 175W - Rigid Solar Panel</p>,Ecoflow,PPS,"PPS, Ecoflow, import-ohne-bild",MERGE,draft,FALSE,global,Electronics,PPSE0077,157.99,,110.64,shopify,deny,4,TRUE,TRUE,12.500,kg,4895251627719,,,,110.64,22.12,2026-06-17T21:20:08
,ppse0078-ecoflow-solar-hat-m-l,MERGE,ECOFLOW Solar Hat M-L,<p>ECOFLOW Solar Hat M-L</p>,Ecoflow,PPS,"PPS, Ecoflow, import-ohne-bild",MERGE,draft,FALSE,global,Electronics,PPSE0078,136.99,,95.92,shopify,deny,2,TRUE,TRUE,0.754,kg,4895251628808,,,,95.92,19.20,2026-06-17T21:20:08
,ppse0079-ecoflow-solar-hat-l-xl,MERGE,ECOFLOW Solar Hat L-XL,<p>ECOFLOW Solar Hat L-XL</p>,Ecoflow,PPS,"PPS, Ecoflow, import-ohne-bild",MERGE,draft,FALSE,global,Electronics,PPSE0079,136.99,,95.92,shopify,deny,2,TRUE,TRUE,0.764,kg,4895251628815,,,,95.92,19.20,2026-06-17T21:20:08
,ppse0083-ecoflow-4-x250w-rigid-solar-panel,MERGE,ECOFLOW 4 x250W Rigid Solar Panel,<p>ECOFLOW 4 x250W Rigid Solar Panel</p>,Ecoflow,PPS,"PPS, Ecoflow, import-ohne-bild",MERGE,draft,FALSE,global,Electronics,PPSE0083,594.99,,416.15,shopify,deny,1,TRUE,TRUE,46.850,kg,4895251642002,,,,416.15,83.84,2026-06-17T21:20:08
,ppse0085-ecoflow-stream-bkw-ac-cable-5m,MERGE,ECOFLOW STREAM BKW-AC Cable 5m,<p>ECOFLOW STREAM BKW-AC Cable 5m</p>,Ecoflow,PPS,"PPS, Ecoflow, import-ohne-bild",MERGE,draft,FALSE,global,Electronics,PPSE0085,27.99,,16.75,shopify,deny,22,TRUE,TRUE,1.145,kg,4895251640442,,,,16.75,6.77,2026-06-17T21:20:08
,ppse0087-ecoflow-stream-solar-panel-extension-cable-2-95m,MERGE,ECOFLOW STREAM Solar Panel Extension Cable 2.95m,<p>ECOFLOW STREAM Solar Panel Extension Cable 2.95m</p>,Ecoflow,PPS,"PPS, Ecoflow, import-ohne-bild",MERGE,draft,FALSE,global,Electronics,PPSE0087,39.99,,24.87,shopify,deny,55,TRUE,TRUE,0.795,kg,4895251640473,,,,24.87,8.74,2026-06-17T21:20:08
,ppse0088-ecoflow-stream-ac-cable-1-5m,MERGE,ECOFLOW STREAM AC Cable 1.5m,<p>ECOFLOW STREAM AC Cable 1.5m</p>,Ecoflow,PPS,"PPS, Ecoflow, import-ohne-bild",MERGE,draft,FALSE,global,Electronics,PPSE0088,27.99,,16.75,shopify,deny,37,TRUE,TRUE,0.497,kg,4895251644631,,,,16.75,6.77,2026-06-17T21:20:08
,ppse0089-ecoflow-stream-ac-cable-5m,MERGE,ECOFLOW STREAM AC Cable 5m,<p>ECOFLOW STREAM AC Cable 5m</p>,Ecoflow,PPS,"PPS, Ecoflow, import-ohne-bild",MERGE,draft,FALSE,global,Electronics,PPSE0089,32.99,,20.30,shopify,deny,30,TRUE,TRUE,1.220,kg,4895251644662,,,,20.30,7.42,2026-06-17T21:20:08
,ppse0090-ecoflow-stream-ac-cable-15m,MERGE,ECOFLOW STREAM AC Cable 15m,<p>ECOFLOW STREAM AC Cable 15m</p>,Ecoflow,PPS,"PPS, Ecoflow, import-ohne-bild",MERGE,draft,FALSE,global,Electronics,PPSE0090,45.99,,29.59,shopify,deny,1,TRUE,TRUE,2.783,kg,4895251644693,,,,29.59,9.06,2026-06-17T21:20:08
,ppse0092-ecoflow-bracket-semi-enclosed-balcony,MERGE,ECOFLOW Bracket - Semi-enclosed Balcony,<p>ECOFLOW Bracket - Semi-enclosed Balcony</p>,Ecoflow,PPS,"PPS, Ecoflow, import-ohne-bild",MERGE,draft,FALSE,global,Electronics,PPSE0092,119.99,,83.74,shopify,deny,7,TRUE,TRUE,5.900,kg,4895251642804,,,,83.74,17.09,2026-06-17T21:20:08
,ppse0093-ecoflow-bracket-lattice-balcony,MERGE,ECOFLOW Bracket - Lattice Balcony,<p>ECOFLOW Bracket - Lattice Balcony</p>,Ecoflow,PPS,"PPS, Ecoflow, import-ohne-bild",MERGE,draft,FALSE,global,Electronics,PPSE0093,76.99,,49.74,shopify,deny,46,TRUE,TRUE,3.352,kg,4895251642798,,,,49.74,14.96,2026-06-17T21:20:08
,ppse0094-ecoflow-bracket-concrete-balcony,MERGE,ECOFLOW Bracket - Concrete Balcony,<p>ECOFLOW Bracket - Concrete Balcony</p>,Ecoflow,PPS,"PPS, Ecoflow, import-ohne-bild",MERGE,draft,FALSE,global,Electronics,PPSE0094,155.99,,109.11,shopify,deny,2,TRUE,TRUE,5.400,kg,4895251642811,,,,109.11,21.97,2026-06-17T21:20:08
,ppse0096-ecoflow-bracket-adjustable-facade,MERGE,ECOFLOW Bracket Adjustable - Facade,<p>ECOFLOW Bracket Adjustable - Facade</p>,Ecoflow,PPS,"PPS, Ecoflow, import-ohne-bild",MERGE,draft,FALSE,global,Electronics,PPSE0096,62.99,,40.60,shopify,deny,14,TRUE,TRUE,2.399,kg,4895251642842,,,,40.60,12.33,2026-06-17T21:20:08
,ppse0097-ecoflow-bracket-facade,MERGE,ECOFLOW Bracket - Facade,<p>ECOFLOW Bracket - Facade</p>,Ecoflow,PPS,"PPS, Ecoflow, import-ohne-bild",MERGE,draft,FALSE,global,Electronics,PPSE0097,20.99,,12.59,shopify,deny,11,TRUE,TRUE,0.404,kg,4895251642835,,,,12.59,5.05,2026-06-17T21:20:08
,ppse0098-ecoflow-bracket-pitched-roof,MERGE,ECOFLOW Bracket - Pitched Roof,<p>ECOFLOW Bracket - Pitched Roof</p>,Ecoflow,PPS,"PPS, Ecoflow, import-ohne-bild",MERGE,draft,FALSE,global,Electronics,PPSE0098,155.99,,108.61,shopify,deny,10,TRUE,TRUE,10.100,kg,4895251642781,,,,108.61,22.47,2026-06-17T21:20:08
,ppse0099-ecoflow-bracket-lightweight-facade,MERGE,ECOFLOW Bracket Lightweight - Facade,<p>ECOFLOW Bracket Lightweight - Facade</p>,Ecoflow,PPS,"PPS, Ecoflow, import-ohne-bild",MERGE,draft,FALSE,global,Electronics,PPSE0099,20.99,,12.59,shopify,deny,8,TRUE,TRUE,0.340,kg,4895251642859,,,,12.59,5.05,2026-06-17T21:20:08
,ppse0100-ecoflow-bracket-lightweight,MERGE,ECOFLOW Bracket - Lightweight,<p>ECOFLOW Bracket - Lightweight</p>,Ecoflow,PPS,"PPS, Ecoflow, import-ohne-bild",MERGE,draft,FALSE,global,Electronics,PPSE0100,143.99,,100.49,shopify,deny,10,TRUE,TRUE,2.340,kg,4895251642828,,,,100.49,20.51,2026-06-17T21:20:08
,ppse0101-ecoflow-single-axis-solar-tracker,MERGE,ECOFLOW Single Axis Solar Tracker,<p>ECOFLOW Single Axis Solar Tracker</p>,Ecoflow,PPS,"PPS, Ecoflow, import-ohne-bild",MERGE,draft,FALSE,global,Electronics,PPSE0101,579.99,,406.00,shopify,deny,3,TRUE,TRUE,27.240,kg,4895251644037,,,,406.00,81.39,2026-06-17T21:20:08
,ppse0102-ecoflow-smart-plug-2,MERGE,ECOFLOW Smart Plug 2,<p>ECOFLOW Smart Plug 2</p>,Ecoflow,PPS,"PPS, Ecoflow, import-ohne-bild",MERGE,draft,FALSE,global,Electronics,PPSE0102,40.99,,25.88,shopify,deny,48,TRUE,TRUE,0.083,kg,4895251644723,,,,25.88,8.57,2026-06-17T21:20:08
,ppse0103-ecoflow-smart-meter,MERGE,ECOFLOW Smart Meter,<p>ECOFLOW Smart Meter</p>,Ecoflow,PPS,"PPS, Ecoflow, import-ohne-bild",MERGE,draft,FALSE,global,Electronics,PPSE0103,119.99,,83.74,shopify,deny,21,TRUE,TRUE,0.672,kg,4895251646956,,,,83.74,17.09,2026-06-17T21:20:08
,ppse0104-ecoflow-x-shelly-smart-meter,MERGE,ECOFLOW x Shelly Smart Meter,<p>ECOFLOW x Shelly Smart Meter</p>,Ecoflow,PPS,"PPS, Ecoflow, import-ohne-bild",MERGE,draft,FALSE,global,Electronics,PPSE0104,179.99,,125.86,shopify,deny,6,TRUE,TRUE,0.408,kg,4895251644747,,,,125.86,25.39,2026-06-17T21:20:08
,ppse0107-ecoflow-stream-micro-inverter-incl-cable,MERGE,ECOFLOW STREAM Micro Inverter (incl. Cable),<p>ECOFLOW STREAM Micro Inverter (incl. Cable)</p>,Ecoflow,PPS,"PPS, Ecoflow, import-ohne-bild",MERGE,draft,FALSE,global,Electronics,PPSE0107,159.99,,111.65,shopify,deny,8,TRUE,TRUE,5.540,kg,4895251640404,,,,111.65,22.80,2026-06-17T21:20:08
,ppse0108-ecoflow-fixing-metal-tab-deltra-pro-ultra,MERGE,EcoFlow Fixing Metal Tab (Deltra Pro Ultra),<p>EcoFlow Fixing Metal Tab (Deltra Pro Ultra)</p>,Ecoflow,PPS,"PPS, Ecoflow, import-ohne-bild",MERGE,draft,FALSE,global,Electronics,PPSE0108,38.99,,24.26,shopify,deny,3,TRUE,TRUE,0.615,kg,4895251613354,,,,24.26,8.50,2026-06-17T21:20:08
,ppse0110-ecoflow-28w-portable-solar-panel,MERGE,ECOFLOW 28W - Portable Solar Panel,<p>ECOFLOW 28W - Portable Solar Panel</p>,Ecoflow,PPS,"PPS, Ecoflow, import-ohne-bild",MERGE,draft,FALSE,global,Electronics,PPSE0110,79.99,,55.83,shopify,deny,5,TRUE,TRUE,0.776,kg,4895251656832,,,,55.83,11.39,2026-06-17T21:20:08
,ppse0111-ecoflow-400w-portable-solar-panel,MERGE,ECOFLOW 400W - Portable Solar Panel,<p>ECOFLOW 400W - Portable Solar Panel</p>,Ecoflow,PPS,"PPS, Ecoflow, import-ohne-bild",MERGE,draft,FALSE,global,Electronics,PPSE0111,658.99,,460.81,shopify,deny,2,TRUE,TRUE,12.400,kg,4895251649872,,,,460.81,92.96,2026-06-17T21:20:08
,ppse0116-ecoflow-220w-lightweight-solar-panel,MERGE,ECOFLOW 220W Lightweight - Solar Panel,<p>ECOFLOW 220W Lightweight - Solar Panel</p>,Ecoflow,PPS,"PPS, Ecoflow, import-ohne-bild",MERGE,draft,FALSE,global,Electronics,PPSE0116,405.99,,283.69,shopify,deny,40,TRUE,TRUE,6.300,kg,4895251649858,,,,283.69,57.48,2026-06-17T21:20:08
,ppse0122-ecoflow-110w-lightweight-portable-solar-panel,MERGE,ECOFLOW 110W - Lightweight Portable Solar Panel,<p>ECOFLOW 110W - Lightweight Portable Solar Panel</p>,Ecoflow,PPS,"PPS, Ecoflow, import-ohne-bild",MERGE,draft,FALSE,global,Electronics,PPSE0122,181.99,,126.88,shopify,deny,30,TRUE,TRUE,0.000,kg,4895251667388,,,,126.88,26.05,2026-06-17T21:20:08
,ppsh0004-huawei-inverter-4kw-sun2000-4ktl-m1,MERGE,Huawei Inverter - 4kW - SUN2000-4KTL-M1,<p>Huawei Inverter - 4kW - SUN2000-4KTL-M1</p>,Huawei,,"Huawei, import-ohne-bild",MERGE,draft,FALSE,global,Electronics,PPSH0004,710.99,,497.35,shopify,deny,10,TRUE,TRUE,20.260,kg,,,,,497.35,100.12,2026-06-17T21:20:08
,ppsh0024-huawei-inverter-3kw-sun2000-3ktl-m1,MERGE,Huawei Inverter - 3kW - SUN2000-3KTL-M1,<p>Huawei Inverter - 3kW - SUN2000-3KTL-M1</p>,Huawei,,"Huawei, import-ohne-bild",MERGE,draft,FALSE,global,Electronics,PPSH0024,579.99,,406.00,shopify,deny,4,TRUE,TRUE,20.400,kg,,,,,406.00,81.39,2026-06-17T21:20:08
,pvgc0001-tecget-2-string-dc-uebespannungsschutz-typ-2,MERGE,Tecget 2 String DC-Übespannungsschutz Typ 2,<p>Tecget 2 String DC-Übespannungsschutz Typ 2</p>,Tecget,,"Tecget, import-ohne-bild",MERGE,draft,FALSE,global,Electronics,PVGC0001,108.99,,76.13,shopify,deny,4,TRUE,TRUE,2.201,kg,4061496516495,,,,76.13,15.46,2026-06-17T21:20:08
,pvgc0003-tecget-6-string-dc-uebespannungsschutz-typ-2,MERGE,Tecget 6 String DC-Übespannungsschutz Typ 2,<p>Tecget 6 String DC-Übespannungsschutz Typ 2</p>,Tecget,,"Tecget, import-ohne-bild",MERGE,draft,FALSE,global,Electronics,PVGC0003,260.99,,182.70,shopify,deny,3,TRUE,TRUE,4.774,kg,,,,,182.70,36.62,2026-06-17T21:20:08
,pvms0003-mounting-systems-schiene-4-35-1-20m-alu,MERGE,"Mounting Systems Schiene 4/35- 1,20m Alu","<p>Mounting Systems Schiene 4/35- 1,20m Alu</p>",,,import-ohne-bild,MERGE,draft,FALSE,global,Electronics,PVMS0003,16.99,,8.88,shopify,deny,44,TRUE,TRUE,0.000,kg,,,,,8.88,5.40,2026-06-17T21:20:08
,pvms0004-mounting-systems-schiene-4-35-1-20m-alu-schwarz,MERGE,"Mounting Systems Schiene 4/35- 1,20m Alu schwarz","<p>Mounting Systems Schiene 4/35- 1,20m Alu schwarz</p>",,,import-ohne-bild,MERGE,draft,FALSE,global,Electronics,PVMS0004,24.99,,14.72,shopify,deny,500,TRUE,TRUE,0.888,kg,,,,,14.72,6.28,2026-06-17T21:20:08
,pvms0009-mounting-systems-schiene-4-35-2-40m-alu,MERGE,"Mounting Systems Schiene 4/35, 2,40m Alu","<p>Mounting Systems Schiene 4/35, 2,40m Alu</p>",,,import-ohne-bild,MERGE,draft,FALSE,global,Electronics,PVMS0009,35.99,,22.33,shopify,deny,78,TRUE,TRUE,2.007,kg,,,,,22.33,7.91,2026-06-17T21:20:08
,pvms0013-mounting-systems-gs-4-35-cs-3-60m,MERGE,"Mounting Systems GS 4/35 CS, 3,60m","<p>Mounting Systems GS 4/35 CS, 3,60m</p>",,,import-ohne-bild,MERGE,draft,FALSE,global,Electronics,PVMS0013,33.99,,20.81,shopify,deny,95,TRUE,TRUE,2.800,kg,,,,,20.81,7.75,2026-06-17T21:20:08
,pvms0016-mounting-systems-schiene-4-35-4-40,MERGE,"Mounting Systems Schiene 4/35, 4,40","<p>Mounting Systems Schiene 4/35, 4,40</p>",,,import-ohne-bild,MERGE,draft,FALSE,global,Electronics,PVMS0016,40.99,,25.88,shopify,deny,86,TRUE,TRUE,0.000,kg,,,,,25.88,8.57,2026-06-17T21:20:08
,pvms0026-mounting-systems-gs-5-41-cs-3-60m,MERGE,"Mounting Systems GS 5/41 CS, 3,60m","<p>Mounting Systems GS 5/41 CS, 3,60m</p>",,,import-ohne-bild,MERGE,draft,FALSE,global,Electronics,PVMS0026,27.99,,16.75,shopify,deny,231,TRUE,TRUE,2.085,kg,,,,,16.75,6.77,2026-06-17T21:20:08
,pvms0029-mounting-systems-schiene-5-41-4-40m-alu,MERGE,"Mounting Systems Schiene 5/41, 4,40m Alu","<p>Mounting Systems Schiene 5/41, 4,40m Alu</p>",,,import-ohne-bild,MERGE,draft,FALSE,global,Electronics,PVMS0029,31.99,,19.29,shopify,deny,139,TRUE,TRUE,0.000,kg,,,,,19.29,7.59,2026-06-17T21:20:08
,pvms0055-mounting-systems-endkappe-lang-f-gs-5-41-schwarz,MERGE,Mounting Systems Endkappe lang f. GS 5/41 schwarz,<p>Mounting Systems Endkappe lang f. GS 5/41 schwarz</p>,,,import-ohne-bild,MERGE,draft,FALSE,global,Electronics,PVMS0055,7.99,,1.02,shopify,deny,70,TRUE,TRUE,0.018,kg,,,,,1.02,5.69,2026-06-17T21:20:08
,pvms0062-mounting-systems-schiene-1-15-mit-epdm-0-10m-ohne-schr,MERGE,"Mounting Systems Schiene 1/15 mit EPDM, 0,10m, ohne Schr.","<p>Mounting Systems Schiene 1/15 mit EPDM, 0,10m, ohne Schr.</p>",,,import-ohne-bild,MERGE,draft,FALSE,global,Electronics,PVMS0062,6.99,,0.66,shopify,deny,60,TRUE,TRUE,0.029,kg,,,,,0.66,5.21,2026-06-17T21:20:08
,pvms0070-mounting-systems-schiene-4-32-inkl-epdm-0-395m,MERGE,"Mounting Systems Schiene 4/32 inkl. EPDM, 0,395m","<p>Mounting Systems Schiene 4/32 inkl. EPDM, 0,395m</p>",,,import-ohne-bild,MERGE,draft,FALSE,global,Electronics,PVMS0070,9.99,,2.79,shopify,deny,205,TRUE,TRUE,0.290,kg,,,,,2.79,5.60,2026-06-17T21:20:08
,pvms0072-mounting-systems-duennblechschraube-5-5x25mm,MERGE,"Mounting Systems Dünnblechschraube 5,5x25mm","<p>Mounting Systems Dünnblechschraube 5,5x25mm</p>",,,import-ohne-bild,MERGE,draft,FALSE,global,Electronics,PVMS0072,6.99,,0.61,shopify,deny,400,TRUE,TRUE,0.006,kg,,,,,0.61,5.26,2026-06-17T21:20:08
,pvms0102-mounting-systems-verbinder-innen-f-schiene-5-41,MERGE,Mounting Systems Verbinder innen f. Schiene 5/41,<p>Mounting Systems Verbinder innen f. Schiene 5/41</p>,,,import-ohne-bild,MERGE,draft,FALSE,global,Electronics,PVMS0102,8.99,,2.03,shopify,deny,217,TRUE,TRUE,0.194,kg,,,,,2.03,5.52,2026-06-17T21:20:08
,pvms0107-mounting-systems-verbinder-ccs-schiene-vormontiert,MERGE,Mounting Systems Verbinder CCS-Schiene vormontiert,<p>Mounting Systems Verbinder CCS-Schiene vormontiert</p>,,,import-ohne-bild,MERGE,draft,FALSE,global,Electronics,PVMS0107,7.99,,1.02,shopify,deny,10,TRUE,TRUE,0.056,kg,,,,,1.02,5.69,2026-06-17T21:20:08
,pvms0109-mounting-systems-ks-verb-48x31-vm,MERGE,"Mounting Systems KS Verb.48x31, vm","<p>Mounting Systems KS Verb.48x31, vm</p>",,,import-ohne-bild,MERGE,draft,FALSE,global,Electronics,PVMS0109,7.99,,1.52,shopify,deny,245,TRUE,TRUE,0.072,kg,,,,,1.52,5.19,2026-06-17T21:20:08
,pvms0206-mounting-systems-mittelklemme-30-40mm-ec-alu,MERGE,Mounting Systems Mittelklemme 30-40mm & EC Alu,<p>Mounting Systems Mittelklemme 30-40mm & EC Alu</p>,,,import-ohne-bild,MERGE,draft,FALSE,global,Electronics,PVMS0206,6.99,,0.76,shopify,deny,23,TRUE,TRUE,0.060,kg,,,,,0.76,5.11,2026-06-17T21:20:08
,pvms0209-mounting-systems-mittelklemme-30-40mm-ec-sw,MERGE,Mounting Systems Mittelklemme 30-40mm & EC sw,<p>Mounting Systems Mittelklemme 30-40mm & EC sw</p>,,,import-ohne-bild,MERGE,draft,FALSE,global,Electronics,PVMS0209,8.99,,1.78,shopify,deny,180,TRUE,TRUE,0.048,kg,,,,,1.78,5.77,2026-06-17T21:20:08
,pvms0212-mounting-systems-endklemme-30-40mm-alu,MERGE,Mounting Systems Endklemme 30-40mm Alu,<p>Mounting Systems Endklemme 30-40mm Alu</p>,,,import-ohne-bild,MERGE,draft,FALSE,global,Electronics,PVMS0212,7.99,,1.22,shopify,deny,20,TRUE,TRUE,0.054,kg,,,,,1.22,5.49,2026-06-17T21:20:08
,pvms0318-mounting-systems-stockschraube-m10x200-komplett-auf-holz,MERGE,Mounting Systems Stockschraube M10x200 komplett-auf Holz,<p>Mounting Systems Stockschraube M10x200 komplett-auf Holz</p>,,,import-ohne-bild,MERGE,draft,FALSE,global,Electronics,PVMS0318,7.99,,1.62,shopify,deny,500,TRUE,TRUE,0.123,kg,4043377226815,,,,1.62,5.09,2026-06-17T21:20:08
,pvms0320-mounting-systems-stockschraube-m12x300-komplett-auf-holz,MERGE,Mounting Systems Stockschraube M12x300 komplett-auf Holz,<p>Mounting Systems Stockschraube M12x300 komplett-auf Holz</p>,,,import-ohne-bild,MERGE,draft,FALSE,global,Electronics,PVMS0320,10.99,,4.06,shopify,deny,31,TRUE,TRUE,0.261,kg,,,,,4.06,5.18,2026-06-17T21:20:08
,pvms0335-mounting-systems-holzschraube-6x80-dachhaken,MERGE,Mounting Systems Holzschraube 6x80 Dachhaken,<p>Mounting Systems Holzschraube 6x80 Dachhaken</p>,,,import-ohne-bild,MERGE,draft,FALSE,global,Electronics,PVMS0335,6.99,,0.25,shopify,deny,500,TRUE,TRUE,0.011,kg,,,,,0.25,5.62,2026-06-17T21:20:08
,pvms0340-mounting-systems-befestigung-schiene-hammerkopfschr-mutter,MERGE,Mounting Systems Befestigung Schiene (Hammerkopfschr. & Mutter),<p>Mounting Systems Befestigung Schiene (Hammerkopfschr. & Mutter)</p>,,,import-ohne-bild,MERGE,draft,FALSE,global,Electronics,PVMS0340,6.99,,0.46,shopify,deny,48,TRUE,TRUE,0.020,kg,4056835238978,,,,0.46,5.41,2026-06-17T21:20:08
,pvms0341-mounting-systems-winkel-stockschraube-m10,MERGE,Mounting Systems Winkel Stockschraube M10,<p>Mounting Systems Winkel Stockschraube M10</p>,,,import-ohne-bild,MERGE,draft,FALSE,global,Electronics,PVMS0341,7.99,,1.57,shopify,deny,32,TRUE,TRUE,0.114,kg,,,,,1.57,5.14,2026-06-17T21:20:08
,pvms0342-mounting-systems-winkel-stockschraube-m12,MERGE,Mounting Systems Winkel Stockschraube M12,<p>Mounting Systems Winkel Stockschraube M12</p>,,,import-ohne-bild,MERGE,draft,FALSE,global,Electronics,PVMS0342,9.99,,2.59,shopify,deny,30,TRUE,TRUE,0.111,kg,,,,,2.59,5.80,2026-06-17T21:20:08
,pvms0343-mounting-systems-winkel-biber-schiefer-falzklemme-m8,MERGE,Mounting Systems Winkel Biber/Schiefer/Falzklemme M8,<p>Mounting Systems Winkel Biber/Schiefer/Falzklemme M8</p>,,,import-ohne-bild,MERGE,draft,FALSE,global,Electronics,PVMS0343,8.99,,2.03,shopify,deny,30,TRUE,TRUE,0.060,kg,,,,,2.03,5.52,2026-06-17T21:20:08
,pvms0345-mounting-systems-fixanker-beton-m10x110mm,MERGE,Mounting Systems Fixanker Beton M10x110mm,<p>Mounting Systems Fixanker Beton M10x110mm</p>,,,import-ohne-bild,MERGE,draft,FALSE,global,Electronics,PVMS0345,11.99,,5.02,shopify,deny,33,TRUE,TRUE,0.070,kg,,,,,5.02,5.06,2026-06-17T21:20:08
,pvms0426-mounting-systems-querverstrebung-dreiecke-pur,MERGE,Mounting Systems Querverstrebung Dreiecke pur,<p>Mounting Systems Querverstrebung Dreiecke pur</p>,,,import-ohne-bild,MERGE,draft,FALSE,global,Electronics,PVMS0426,13.99,,5.99,shopify,deny,5,TRUE,TRUE,0.520,kg,,,,,5.99,5.77,2026-06-17T21:20:08
,pvms0501-mounting-systems-vorderer-stuetze-10-15-60mm-bg,MERGE,"Mounting Systems Vorderer Stütze 10°,15°, 60mm, bg","<p>Mounting Systems Vorderer Stütze 10°,15°, 60mm, bg</p>",,,import-ohne-bild,MERGE,draft,FALSE,global,Electronics,PVMS0501,8.99,,2.18,shopify,deny,2,TRUE,TRUE,0.270,kg,,,,,2.18,5.37,2026-06-17T21:20:08
,pvms0506-mounting-systems-hintere-stuetze-10-60mm-bg,MERGE,"Mounting Systems Hintere Stütze, 10°, 60mm, bg","<p>Mounting Systems Hintere Stütze, 10°, 60mm, bg</p>",,,import-ohne-bild,MERGE,draft,FALSE,global,Electronics,PVMS0506,9.99,,2.79,shopify,deny,2,TRUE,TRUE,0.404,kg,,,,,2.79,5.60,2026-06-17T21:20:08
,pvms0520-mounting-systems-bodenschiene-66x10-7mm-2-393m,MERGE,"Mounting Systems Bodenschiene 66x10,7mm- 2,393m","<p>Mounting Systems Bodenschiene 66x10,7mm- 2,393m</p>",,,import-ohne-bild,MERGE,draft,FALSE,global,Electronics,PVMS0520,18.99,,10.40,shopify,deny,16,TRUE,TRUE,1.026,kg,,,,,10.40,5.56,2026-06-17T21:20:08
,pvms0528-mounting-systems-hammerkopf-m8x20-fuer-ballastwinkel,MERGE,Mounting Systems Hammerkopf M8x20 für Ballastwinkel,<p>Mounting Systems Hammerkopf M8x20 für Ballastwinkel</p>,,,import-ohne-bild,MERGE,draft,FALSE,global,Electronics,PVMS0528,6.99,,0.27,shopify,deny,15,TRUE,TRUE,0.013,kg,,,,,0.27,5.60,2026-06-17T21:20:08
,pvms0529-mounting-systems-mutter-m8-fuer-ballastwinkel,MERGE,Mounting Systems Mutter M8 für Ballastwinkel,<p>Mounting Systems Mutter M8 für Ballastwinkel</p>,,,import-ohne-bild,MERGE,draft,FALSE,global,Electronics,PVMS0529,6.99,,0.27,shopify,deny,16,TRUE,TRUE,0.008,kg,,,,,0.27,5.60,2026-06-17T21:20:08
,pvms0531-mounting-systems-bautenschutzmatte-alu-370x150mm,MERGE,Mounting Systems Bautenschutzmatte Alu 370x150mm,<p>Mounting Systems Bautenschutzmatte Alu 370x150mm</p>,,,import-ohne-bild,MERGE,draft,FALSE,global,Electronics,PVMS0531,7.99,,1.37,shopify,deny,34,TRUE,TRUE,0.342,kg,,,,,1.37,5.34,2026-06-17T21:20:08
,pvms0534-bodenschiene-66x10-7mm-0-151m,MERGE,"Bodenschiene 66x10,7mm-0,151m","<p>Bodenschiene 66x10,7mm-0,151m</p>",,,import-ohne-bild,MERGE,draft,FALSE,global,Electronics,PVMS0534,8.99,,2.54,shopify,deny,6,TRUE,TRUE,0.065,kg,,,,,2.54,5.01,2026-06-17T21:20:08
,pvms0604-mounting-systems-fixierungsschiene,MERGE,Mounting Systems Fixierungsschiene,<p>Mounting Systems Fixierungsschiene</p>,,,import-ohne-bild,MERGE,draft,FALSE,global,Electronics,PVMS0604,43.99,,28.42,shopify,deny,22,TRUE,TRUE,2.450,kg,,,,,28.42,8.55,2026-06-17T21:20:08
,pvms0605-mounting-systems-hinterer-windabweiser-l-1861mm,MERGE,"Mounting Systems hinterer Windabweiser, L=1861mm","<p>Mounting Systems hinterer Windabweiser, L=1861mm</p>",,,import-ohne-bild,MERGE,draft,FALSE,global,Electronics,PVMS0605,27.99,,16.75,shopify,deny,203,TRUE,TRUE,3.013,kg,,,,,16.75,6.77,2026-06-17T21:20:08
,pvms0614-mounting-systems-seitenabweiser-ew-xl-2277mm,MERGE,Mounting Systems Seitenabweiser EW XL- 2277mm,<p>Mounting Systems Seitenabweiser EW XL- 2277mm</p>,,,import-ohne-bild,MERGE,draft,FALSE,global,Electronics,PVMS0614,17.99,,9.39,shopify,deny,97,TRUE,TRUE,1.330,kg,,,,,9.39,5.73,2026-06-17T21:20:08
,pvms0620-mounting-systems-15-grundschiene-sued-1265mm,MERGE,Mounting Systems 15° Grundschiene Süd- 1265mm,<p>Mounting Systems 15° Grundschiene Süd- 1265mm</p>,,,import-ohne-bild,MERGE,draft,FALSE,global,Electronics,PVMS0620,17.99,,9.39,shopify,deny,132,TRUE,TRUE,0.840,kg,,,,,9.39,5.73,2026-06-17T21:20:08
,pvms0622-mounting-systems-grundschiene-ew-xl-2287mm,MERGE,Mounting Systems Grundschiene EW XL- 2287mm,<p>Mounting Systems Grundschiene EW XL- 2287mm</p>,,,import-ohne-bild,MERGE,draft,FALSE,global,Electronics,PVMS0622,27.99,,17.26,shopify,deny,183,TRUE,TRUE,1.750,kg,,,,,17.26,6.26,2026-06-17T21:20:08
,pvms0623-mounting-systems-adapter-windabweiser-40mm,MERGE,Mounting Systems Adapter Windabweiser 40mm,<p>Mounting Systems Adapter Windabweiser 40mm</p>,,,import-ohne-bild,MERGE,draft,FALSE,global,Electronics,PVMS0623,6.99,,0.76,shopify,deny,465,TRUE,TRUE,0.083,kg,,,,,0.76,5.11,2026-06-17T21:20:08
,pvms0624-mounting-systems-schienenabdeckung-ew-430mm,MERGE,Mounting Systems Schienenabdeckung EW- 430mm,<p>Mounting Systems Schienenabdeckung EW- 430mm</p>,,,import-ohne-bild,MERGE,draft,FALSE,global,Electronics,PVMS0624,8.99,,1.73,shopify,deny,20,TRUE,TRUE,0.062,kg,,,,,1.73,5.82,2026-06-17T21:20:08
,pvms0626-mounting-systems-15-schienenabdeckung-sued-710mm,MERGE,Mounting Systems 15° Schienenabdeckung Süd- 710mm,<p>Mounting Systems 15° Schienenabdeckung Süd- 710mm</p>,,,import-ohne-bild,MERGE,draft,FALSE,global,Electronics,PVMS0626,8.99,,2.54,shopify,deny,28,TRUE,TRUE,0.103,kg,,,,,2.54,5.01,2026-06-17T21:20:08
,pvms0628-mounting-systems-inbusschraube-m6x35-24,MERGE,Mounting Systems Inbusschraube M6x35/24,<p>Mounting Systems Inbusschraube M6x35/24</p>,,,import-ohne-bild,MERGE,draft,FALSE,global,Electronics,PVMS0628,6.99,,0.22,shopify,deny,28,TRUE,TRUE,0.009,kg,,,,,0.22,5.65,2026-06-17T21:20:08
,pvms0629-mounting-systems-inbusschraube-m6x16,MERGE,Mounting Systems Inbusschraube M6x16,<p>Mounting Systems Inbusschraube M6x16</p>,,,import-ohne-bild,MERGE,draft,FALSE,global,Electronics,PVMS0629,6.99,,0.09,shopify,deny,29,TRUE,TRUE,0.006,kg,,,,,0.09,5.78,2026-06-17T21:20:08
,pvms0630-mounting-systems-unterlegscheibe-m6,MERGE,Mounting Systems Unterlegscheibe M6,<p>Mounting Systems Unterlegscheibe M6</p>,,,import-ohne-bild,MERGE,draft,FALSE,global,Electronics,PVMS0630,5.99,,0.02,shopify,deny,29,TRUE,TRUE,0.001,kg,,,,,0.02,5.01,2026-06-17T21:20:08
,pvms0631-mounting-systems-schraube-f-metall-5-5x13,MERGE,"Mounting Systems Schraube f. Metall 5,5x13","<p>Mounting Systems Schraube f. Metall 5,5x13</p>",,,import-ohne-bild,MERGE,draft,FALSE,global,Electronics,PVMS0631,6.99,,0.15,shopify,deny,29,TRUE,TRUE,0.004,kg,,,,,0.15,5.72,2026-06-17T21:20:08
,pvms0632-mounting-systems-kugelsperrbolzen-6x50mm,MERGE,Mounting Systems Kugelsperrbolzen 6x50mm,<p>Mounting Systems Kugelsperrbolzen 6x50mm</p>,,,import-ohne-bild,MERGE,draft,FALSE,global,Electronics,PVMS0632,7.99,,1.32,shopify,deny,326,TRUE,TRUE,0.016,kg,,,,,1.32,5.39,2026-06-17T21:20:08
,pvms0633-mounting-systems-gummiunterlage-250mm,MERGE,Mounting Systems Gummiunterlage- 250mm,<p>Mounting Systems Gummiunterlage- 250mm</p>,,,import-ohne-bild,MERGE,draft,FALSE,global,Electronics,PVMS0633,10.99,,3.50,shopify,deny,430,TRUE,TRUE,0.194,kg,,,,,3.50,5.74,2026-06-17T21:20:08
,pvms0635-mounting-systems-verb-profil-15-s-l-1-293m,MERGE,"Mounting Systems Verb. Profil 15° S- L=1,293m","<p>Mounting Systems Verb. Profil 15° S- L=1,293m</p>",,,import-ohne-bild,MERGE,draft,FALSE,global,Electronics,PVMS0635,20.99,,12.43,shopify,deny,3,TRUE,TRUE,1.052,kg,,,,,12.43,5.21,2026-06-17T21:20:08
,pvms0637-mounting-systems-verbindungsschiene-l-250mm,MERGE,"Mounting Systems Verbindungsschiene, L=250mm","<p>Mounting Systems Verbindungsschiene, L=250mm</p>",,,import-ohne-bild,MERGE,draft,FALSE,global,Electronics,PVMS0637,8.99,,2.33,shopify,deny,132,TRUE,TRUE,0.206,kg,,,,,2.33,5.22,2026-06-17T21:20:08
,pvms0638-mounting-systems-verbindungsschiene-ow-l-800mm,MERGE,"Mounting Systems Verbindungsschiene OW, L=800mm","<p>Mounting Systems Verbindungsschiene OW, L=800mm</p>",,,import-ohne-bild,MERGE,draft,FALSE,global,Electronics,PVMS0638,15.99,,7.61,shopify,deny,195,TRUE,TRUE,0.675,kg,,,,,7.61,5.83,2026-06-17T21:20:08
,pvms0639-mounting-systems-verbindungsschiene-sued,MERGE,Mounting Systems Verbindungsschiene Süd,<p>Mounting Systems Verbindungsschiene Süd</p>,,,import-ohne-bild,MERGE,draft,FALSE,global,Electronics,PVMS0639,12.99,,5.58,shopify,deny,1,TRUE,TRUE,0.481,kg,,,,,5.58,5.34,2026-06-17T21:20:08
,pvms0640-mounting-systems-stuetze-flachdach-10-15,MERGE,Mounting Systems Stütze Flachdach 10°/15°,<p>Mounting Systems Stütze Flachdach 10°/15°</p>,,,import-ohne-bild,MERGE,draft,FALSE,global,Electronics,PVMS0640,24.99,,15.23,shopify,deny,122,TRUE,TRUE,1.110,kg,,,,,15.23,5.77,2026-06-17T21:20:08
,pvms0642-mounting-systems-verbindungsschiene-s-15-l-1080mm,MERGE,Mounting Systems Verbindungsschiene S 15°- L=1080mm,<p>Mounting Systems Verbindungsschiene S 15°- L=1080mm</p>,,,import-ohne-bild,MERGE,draft,FALSE,global,Electronics,PVMS0642,30.99,,18.78,shopify,deny,275,TRUE,TRUE,0.904,kg,,,,,18.78,7.26,2026-06-17T21:20:08
,pvms0643-mounting-systems-schienenabdeckung-s-15-l-480mm,MERGE,Mounting Systems Schienenabdeckung S 15°- L=480mm,<p>Mounting Systems Schienenabdeckung S 15°- L=480mm</p>,,,import-ohne-bild,MERGE,draft,FALSE,global,Electronics,PVMS0643,13.99,,6.60,shopify,deny,500,TRUE,TRUE,0.173,kg,,,,,6.60,5.16,2026-06-17T21:20:08
,pvms0719-mounting-systems-solarfix-bolt-m10x150,MERGE,Mounting Systems Solarfix Bolt M10x150,<p>Mounting Systems Solarfix Bolt M10x150</p>,,,import-ohne-bild,MERGE,draft,FALSE,global,Electronics,PVMS0719,15.99,,8.12,shopify,deny,35,TRUE,TRUE,0.157,kg,,,,,8.12,5.32,2026-06-17T21:20:08
,pvms0826-mounting-systems-solarfix-12mm,MERGE,Mounting Systems Solarfix 12mm,<p>Mounting Systems Solarfix 12mm</p>,,,import-ohne-bild,MERGE,draft,FALSE,global,Electronics,PVMS0826,40.99,,26.39,shopify,deny,21,TRUE,TRUE,0.592,kg,,,,,26.39,8.06,2026-06-17T21:20:08
,pvms0827-mounting-systems-solarfix-bitumen-rosette-x-wb-19-12,MERGE,Mounting Systems Solarfix Bitumen Rosette- x WB 19.12,<p>Mounting Systems Solarfix Bitumen Rosette- x WB 19.12</p>,,,import-ohne-bild,MERGE,draft,FALSE,global,Electronics,PVMS0827,21.99,,13.20,shopify,deny,28,TRUE,TRUE,1.142,kg,,,,,13.20,5.28,2026-06-17T21:20:08
,pvms0828-mounting-systems-abstandslehre-m5-x-wb-17-12,MERGE,Mounting Systems Abstandslehre M5- x WB 17.12,<p>Mounting Systems Abstandslehre M5- x WB 17.12</p>,,,import-ohne-bild,MERGE,draft,FALSE,global,Electronics,PVMS0828,74.99,,52.27,shopify,deny,20,TRUE,TRUE,0.631,kg,,,,,52.27,10.75,2026-06-17T21:20:08
,pvsa0003-aiko-neostar-3s-g3-a-mce54db-470w,MERGE,AIKO Neostar 3S+ G3-A-MCE54DB 470W,<p>AIKO Neostar 3S+ G3-A-MCE54DB 470W</p>,AIKO,,"AIKO, import-ohne-bild",MERGE,draft,FALSE,global,Electronics,PVSA0003,288.99,,201.99,shopify,deny,3,TRUE,TRUE,0.000,kg,,,,,201.99,40.86,2026-06-17T21:20:08
,pvsen003-sol-50-horizontalendkappe-alu-schwarz,MERGE,SOL-50 Horizontalendkappe Alu schwarz,<p>SOL-50 Horizontalendkappe Alu schwarz</p>,Sen Energiesysteme,,"Sen Energiesysteme, import-ohne-bild",MERGE,draft,FALSE,global,Electronics,PVSEN003,9.99,,3.32,shopify,deny,281,TRUE,TRUE,0.024,kg,,,,,3.32,5.07,2026-06-17T21:20:08
,pvsen005-sol-50-xl-vertikalprofil-4m-pressblank,MERGE,SOL-50 XL-Vertikalprofil 4m pressblank,<p>SOL-50 XL-Vertikalprofil 4m pressblank</p>,Sen Energiesysteme,,"Sen Energiesysteme, import-ohne-bild",MERGE,draft,FALSE,global,Electronics,PVSEN005,67.99,,43.53,shopify,deny,300,TRUE,TRUE,0.000,kg,,,,,43.53,13.60,2026-06-17T21:20:08
,pvsen008-sol-50-varioduo-tragarm-vormontiert,MERGE,SOL-50 VarioDuo-Tragarm vormontiert,<p>SOL-50 VarioDuo-Tragarm vormontiert</p>,Sen Energiesysteme,,"Sen Energiesysteme, import-ohne-bild",MERGE,draft,FALSE,global,Electronics,PVSEN008,18.99,,10.93,shopify,deny,300,TRUE,TRUE,0.292,kg,,,,,10.93,5.03,2026-06-17T21:20:08
,pvsen010-sol-50-5-5x22mm-bohrschraube-alu-alu-edelstahl,MERGE,"SOL-50 5,5x22mm Bohrschraube Alu / Alu Edelstahl","<p>SOL-50 5,5x22mm Bohrschraube Alu / Alu Edelstahl</p>",Sen Energiesysteme,,"Sen Energiesysteme, import-ohne-bild",MERGE,draft,FALSE,global,Electronics,PVSEN010,6.99,,0.36,shopify,deny,500,TRUE,TRUE,0.005,kg,4061245025452,,,,0.36,5.51,2026-06-17T21:20:08
,pvsen013-sol-50-xl-vertikalverbinder-2x100mm,MERGE,SOL-50 XL-Vertikalverbinder 2x100mm,<p>SOL-50 XL-Vertikalverbinder 2x100mm</p>,Sen Energiesysteme,,"Sen Energiesysteme, import-ohne-bild",MERGE,draft,FALSE,global,Electronics,PVSEN013,7.99,,1.14,shopify,deny,500,TRUE,TRUE,0.021,kg,,,,,1.14,5.57,2026-06-17T21:20:08
,pvsen017-sol-50-vertikalendkappe-kunststoff-schwarz,MERGE,SOL-50 Vertikalendkappe Kunststoff schwarz,<p>SOL-50 Vertikalendkappe Kunststoff schwarz</p>,Sen Energiesysteme,,"Sen Energiesysteme, import-ohne-bild",MERGE,draft,FALSE,global,Electronics,PVSEN017,7.99,,1.23,shopify,deny,310,TRUE,TRUE,0.012,kg,,,,,1.23,5.48,2026-06-17T21:20:08
,pvsen019-sol-50-xxl-vertikalprofil-4m-pressblank,MERGE,SOL-50 XXL-Vertikalprofil 4m pressblank,<p>SOL-50 XXL-Vertikalprofil 4m pressblank</p>,Sen Energiesysteme,,"Sen Energiesysteme, import-ohne-bild",MERGE,draft,FALSE,global,Electronics,PVSEN019,72.99,,47.06,shopify,deny,1,TRUE,TRUE,0.000,kg,,,,,47.06,14.28,2026-06-17T21:20:08
,pvsg0073-sungrow-smr032-leermodul,MERGE,Sungrow SMR032 - Leermodul,<p>Sungrow SMR032 - Leermodul</p>,Sungrow,,"Sungrow, import-ohne-bild",MERGE,draft,FALSE,global,Electronics,PVSG0073,54.99,,35.53,shopify,deny,17,TRUE,TRUE,12.220,kg,,,,,35.53,10.68,2026-06-17T21:20:08
,pvsj0004-jolywood-solarpanel-hd108n-r2-500w-transparent-black,MERGE,Jolywood Solarpanel HD108N-R2-500W Transparent Black,<p>Jolywood Solarpanel HD108N-R2-500W Transparent Black</p>,Jolywood,,"Jolywood, import-ohne-bild",MERGE,draft,FALSE,global,Electronics,PVSJ0004,231.99,,162.40,shopify,deny,139,TRUE,TRUE,28.014,kg,2010000030448,,,,162.40,32.55,2026-06-17T21:20:08
,pvsj0008-jolywood-solarpanel-jw-hd96n-r2-460w-transparent-black,MERGE,Jolywood Solarpanel JW-HD96N-R2-460W Transparent Black,<p>Jolywood Solarpanel JW-HD96N-R2-460W Transparent Black</p>,Jolywood,,"Jolywood, import-ohne-bild",MERGE,draft,FALSE,global,Electronics,PVSJ0008,275.99,,192.85,shopify,deny,331,TRUE,TRUE,0.000,kg,,,,,192.85,39.07,2026-06-17T21:20:08
,pvsj0010-jolywood-solarpanel-jw-hd108n-r2-505w-transparent-black,MERGE,Jolywood Solarpanel JW-HD108N-R2-505W Transparent Black,<p>Jolywood Solarpanel JW-HD108N-R2-505W Transparent Black</p>,Jolywood,,"Jolywood, import-ohne-bild",MERGE,draft,FALSE,global,Electronics,PVSJ0010,217.99,,152.25,shopify,deny,28,TRUE,TRUE,0.000,kg,,,,,152.25,30.93,2026-06-17T21:20:08
,pvsl0002-luxor-eco-line-m108-glas-folie-425wp,MERGE,Luxor ECO LINE M108 Glas/Folie 425Wp,<p>Luxor ECO LINE M108 Glas/Folie 425Wp</p>,Luxor,DV,"DV, Luxor, import-ohne-bild",MERGE,draft,FALSE,global,Electronics,PVSL0002,129.99,,90.34,shopify,deny,10,TRUE,TRUE,20.700,kg,4262431421731,,,,90.34,18.90,2026-06-17T21:20:08
,pvss0001-sunpro-solarmodul-bc-full-black-475w,MERGE,Sunpro Solarmodul BC Full Black 475W,<p>Sunpro Solarmodul BC Full Black 475W</p>,Sunpro,,"Sunpro, import-ohne-bild",MERGE,draft,FALSE,global,Electronics,PVSS0001,360.99,,252.74,shopify,deny,500,TRUE,TRUE,0.000,kg,,,,,252.74,50.61,2026-06-17T21:20:08
,pvst0003-trina-solar-ts4-buchse-female-4-0-6-0-mm,MERGE,"Trina Solar TS4 Buchse (female) 4,0 - 6,0 mm²","<p>Trina Solar TS4 Buchse (female) 4,0 - 6,0 mm²</p>",Trina Solar,,"Trina Solar, import-ohne-bild",MERGE,draft,FALSE,global,Electronics,PVST0003,6.99,,0.51,shopify,deny,5,TRUE,TRUE,0.013,kg,,,,,0.51,5.36,2026-06-17T21:20:08
,pvst0009-trina-solar-vertex-s-tsm-445neg9r-28-445-wp,MERGE,Trina Solar Vertex S+ TSM-445NEG9R.28 445 WP,<p>Trina Solar Vertex S+ TSM-445NEG9R.28 445 WP</p>,Trina Solar,,"Trina Solar, import-ohne-bild",MERGE,draft,FALSE,global,Electronics,PVST0009,115.99,,81.20,shopify,deny,5,TRUE,TRUE,22.650,kg,,,,,81.20,16.27,2026-06-17T21:20:08
,pvst1000-tigo-pv-optimierer-ts4-a-0-700w,MERGE,Tigo PV Optimierer - TS4-A-0 | 700W,<p>Tigo PV Optimierer - TS4-A-0 | 700W</p>,Tigo,,"Tigo, import-ohne-bild",MERGE,draft,FALSE,global,Electronics,PVST1000,44.99,,28.93,shopify,deny,500,TRUE,TRUE,0.608,kg,,,,,28.93,8.88,2026-06-17T21:20:08
,pvst9004-abb-ct-klemme-200a-5a,MERGE,ABB CT Klemme 200A/5A,<p>ABB CT Klemme 200A/5A</p>,ABB,,"ABB, import-ohne-bild",MERGE,draft,FALSE,global,Electronics,PVST9004,21.99,,13.20,shopify,deny,1,TRUE,TRUE,0.320,kg,4013614376870,,,,13.20,5.28,2026-06-17T21:20:08
,pvst9006-mc4-male-kbt4-10ii-ur,MERGE,MC4 MALE KBT4/10II-UR,<p>MC4 MALE KBT4/10II-UR</p>,Stäubli,,"Stäubli, import-ohne-bild",MERGE,draft,FALSE,global,Electronics,PVST9006,6.99,,0.51,shopify,deny,98,TRUE,TRUE,0.013,kg,,,,,0.51,5.36,2026-06-17T21:20:08
,pvst9007-mc4-female-kbt4-10ii-ur,MERGE,MC4 FEMALE KBT4/10II-UR,<p>MC4 FEMALE KBT4/10II-UR</p>,Stäubli,,"Stäubli, import-ohne-bild",MERGE,draft,FALSE,global,Electronics,PVST9007,7.99,,1.67,shopify,deny,99,TRUE,TRUE,0.012,kg,,,,,1.67,5.04,2026-06-17T21:20:08
,ram4c0109-crucial-pro-ddr4-32gb-3200-dimm-kit-2x16gb-cp2k16g4dfra32a,MERGE,Crucial Pro DDR4 - 32GB 3200 DIMM KIT 2x16GB (CP2K16G4DFRA32A),<p>Crucial Pro DDR4 - 32GB 3200 DIMM KIT 2x16GB (CP2K16G4DFRA32A)</p>,Crucial,DDR4,"DDR4, Crucial, import-ohne-bild",MERGE,draft,FALSE,global,Electronics > Computers > Computer Components > Computer Memory,RAM4C0109,260.99,,182.70,shopify,deny,35,TRUE,TRUE,0.109,kg,649528937780,,,,182.70,36.62,2026-06-17T21:20:08
,ram4c0110-crucial-ddr4-16gb-3200-cl22-tray-cp16g4dfra32at,MERGE,Crucial DDR4 16GB 3200 CL22 TRAY (CP16G4DFRA32AT),<p>Crucial DDR4 16GB 3200 CL22 TRAY (CP16G4DFRA32AT)</p>,Crucial,DDR4,"DDR4, Crucial, import-ohne-bild",MERGE,draft,FALSE,global,Electronics > Computers > Computer Components > Computer Memory,RAM4C0110,144.99,,101.50,shopify,deny,17,TRUE,TRUE,0.032,kg,0649528937735,,,,101.50,20.34,2026-06-17T21:20:08
,ram4g0001-g-skill-aegis-ddr4-8-gb-dimm-288-pin,MERGE,G.Skill AEGIS - DDR4 - 8 GB - DIMM 288-PIN,<p>G.Skill AEGIS - DDR4 - 8 GB - DIMM 288-PIN</p>,G.Skill,DDR4,"DDR4, G.Skill, import-ohne-bild",MERGE,draft,FALSE,global,Electronics > Computers > Computer Components > Computer Memory,RAM4G0001,72.99,,50.55,shopify,deny,10,TRUE,TRUE,0.034,kg,4719692013439,,,,50.55,10.79,2026-06-17T21:20:08
,ram4g0002-g-skill-aegis-ddr4-16-gb-2x8-gb,MERGE,G.Skill AEGIS - DDR4 - 16 GB 2x8 GB,<p>G.Skill AEGIS - DDR4 - 16 GB 2x8 GB</p>,G.Skill,DDR3,"DDR3, G.Skill, import-ohne-bild",MERGE,draft,FALSE,global,Electronics > Computers > Computer Components > Computer Memory,RAM4G0002,138.99,,97.14,shopify,deny,4,TRUE,TRUE,0.068,kg,4719692013446,,,,97.14,19.66,2026-06-17T21:20:08
,ram4g0003-g-skill-aegis-ddr4-16-gb-dimm-288-pin,MERGE,G.Skill AEGIS - DDR4 - 16 GB - DIMM 288-PIN,<p>G.Skill AEGIS - DDR4 - 16 GB - DIMM 288-PIN</p>,G.Skill,DDR4,"DDR4, G.Skill, import-ohne-bild",MERGE,draft,FALSE,global,Electronics > Computers > Computer Components > Computer Memory,RAM4G0003,136.99,,95.41,shopify,deny,4,TRUE,TRUE,0.035,kg,4719692013453,,,,95.41,19.71,2026-06-17T21:20:08
,ram4g0004-g-skill-aegis-ddr4-32-gb-2x16-gb,MERGE,G.Skill AEGIS - DDR4 - 32 GB 2x16 GB,<p>G.Skill AEGIS - DDR4 - 32 GB 2x16 GB</p>,G.Skill,DDR3,"DDR3, G.Skill, import-ohne-bild",MERGE,draft,FALSE,global,Electronics > Computers > Computer Components > Computer Memory,RAM4G0004,253.99,,177.63,shopify,deny,34,TRUE,TRUE,0.069,kg,4719692013460,,,,177.63,35.81,2026-06-17T21:20:08
,ram4g0006-g-skill-ripjaws-v-ddr4-16-gb-2x8-gb,MERGE,G.Skill Ripjaws V - DDR4 - 16 GB 2x8 GB,<p>G.Skill Ripjaws V - DDR4 - 16 GB 2x8 GB</p>,G.Skill,DDR4,"DDR4, G.Skill, import-ohne-bild",MERGE,draft,FALSE,global,Electronics > Computers > Computer Components > Computer Memory,RAM4G0006,174.99,,122.31,shopify,deny,10,TRUE,TRUE,0.123,kg,4719692004970,,,,122.31,24.74,2026-06-17T21:20:08
,ram4g0011-g-skill-ripjaws-v-ddr4-16-gb-2x8-gb,MERGE,G.Skill Ripjaws V - DDR4 - 16 GB 2x8 GB,<p>G.Skill Ripjaws V - DDR4 - 16 GB 2x8 GB</p>,G.Skill,DDR3,"DDR3, G.Skill, import-ohne-bild",MERGE,draft,FALSE,global,Electronics > Computers > Computer Components > Computer Memory,RAM4G0011,185.99,,129.92,shopify,deny,21,TRUE,TRUE,0.124,kg,4719692006417,,,,129.92,26.37,2026-06-17T21:20:08
,ram4g0014-g-skill-tridentz-rgb-series-ddr4-16-gb,MERGE,G.Skill TridentZ RGB Series - DDR4 - 16 GB,<p>G.Skill TridentZ RGB Series - DDR4 - 16 GB</p>,G.Skill,DDR3,"DDR3, G.Skill, import-ohne-bild",MERGE,draft,FALSE,global,Electronics > Computers > Computer Components > Computer Memory,RAM4G0014,165.99,,116.01,shopify,deny,37,TRUE,TRUE,0.186,kg,4719692015198,,,,116.01,23.48,2026-06-17T21:20:08
,ram4g0015-g-skill-tridentz-rgb-series-ddr4-32-gb,MERGE,G.Skill TridentZ RGB Series - DDR4 - 32 GB,<p>G.Skill TridentZ RGB Series - DDR4 - 32 GB</p>,G.Skill,DDR3,"DDR3, G.Skill, import-ohne-bild",MERGE,draft,FALSE,global,Electronics > Computers > Computer Components > Computer Memory,RAM4G0015,301.99,,211.12,shopify,deny,23,TRUE,TRUE,0.185,kg,4719692015396,,,,211.12,42.65,2026-06-17T21:20:08
,ram4g0016-g-skill-tridentz-rgb-series-ddr4-16-gb,MERGE,G.Skill TridentZ RGB Series - DDR4 - 16 GB,<p>G.Skill TridentZ RGB Series - DDR4 - 16 GB</p>,G.Skill,DDR3,"DDR3, G.Skill, import-ohne-bild",MERGE,draft,FALSE,global,Electronics > Computers > Computer Components > Computer Memory,RAM4G0016,210.99,,147.18,shopify,deny,13,TRUE,TRUE,0.190,kg,4719692015457,,,,147.18,30.12,2026-06-17T21:20:08
,ram4g0020-g-skill-value-series-ddr4-4-gb,MERGE,G.Skill Value Series - DDR4 - 4 GB,<p>G.Skill Value Series - DDR4 - 4 GB</p>,G.Skill,DDR3,"DDR3, G.Skill, import-ohne-bild",MERGE,draft,FALSE,global,Electronics > Computers > Computer Components > Computer Memory,RAM4G0020,69.99,,44.96,shopify,deny,5,TRUE,TRUE,0.000,kg,4719692006844,,,,44.96,13.86,2026-06-17T21:20:08
,ram4g0022-g-skill-value-series-ddr4-8-gb-2x4-gb,MERGE,G.Skill Value Series - DDR4 - 8 GB 2x4 GB,<p>G.Skill Value Series - DDR4 - 8 GB 2x4 GB</p>,G.Skill,DDR3,"DDR3, G.Skill, import-ohne-bild",MERGE,draft,FALSE,global,Electronics > Computers > Computer Components > Computer Memory,RAM4G0022,104.99,,73.08,shopify,deny,1,TRUE,TRUE,0.062,kg,4719692006851,,,,73.08,15.15,2026-06-17T21:20:08
,ram4g0030-g-skill-aegis-ddr4-16-gb-pc2666,MERGE,G.Skill AEGIS - DDR4 - 16 GB - PC2666,<p>G.Skill AEGIS - DDR4 - 16 GB - PC2666</p>,G.Skill,DDR3,"DDR3, G.Skill, import-ohne-bild",MERGE,draft,FALSE,global,Electronics > Computers > Computer Components > Computer Memory,RAM4G0030,136.99,,95.41,shopify,deny,31,TRUE,TRUE,0.036,kg,4713294220998,,,,95.41,19.71,2026-06-17T21:20:08
,ram4g0031-g-skill-ripjaws-v-ddr4-32-gb-2x16-gb,MERGE,G.Skill Ripjaws V - DDR4 - 32 GB 2x16 GB,<p>G.Skill Ripjaws V - DDR4 - 32 GB 2x16 GB</p>,G.Skill,DDR3,"DDR3, G.Skill, import-ohne-bild",MERGE,draft,FALSE,global,Electronics > Computers > Computer Components > Computer Memory,RAM4G0031,253.99,,177.63,shopify,deny,2,TRUE,TRUE,0.122,kg,4719692007018,,,,177.63,35.81,2026-06-17T21:20:08
,ram4g0032-g-skill-value-series-ddr4-8-gb-dimm-288-pin,MERGE,G.Skill Value Series DDR4 8 GB DIMM 288-PIN,<p>G.Skill Value Series DDR4 8 GB DIMM 288-PIN</p>,G.Skill,DDR3,"DDR3, G.Skill, import-ohne-bild",MERGE,draft,FALSE,global,Electronics > Computers > Computer Components > Computer Memory,RAM4G0032,76.99,,49.23,shopify,deny,1,TRUE,TRUE,0.030,kg,4719692019950,,,,49.23,15.47,2026-06-17T21:20:08
,ram4g0033-g-skill-aegis-ddr4-8-gb-pc3200,MERGE,G.Skill AEGIS - DDR4 - 8 GB - PC3200,<p>G.Skill AEGIS - DDR4 - 8 GB - PC3200</p>,G.Skill,DDR4,"DDR4, G.Skill, import-ohne-bild",MERGE,draft,FALSE,global,Electronics > Computers > Computer Components > Computer Memory,RAM4G0033,73.99,,51.16,shopify,deny,5,TRUE,TRUE,0.035,kg,4713294224378,,,,51.16,11.02,2026-06-17T21:20:08
,ram4g0034-g-skill-aegis-ddr4-16-gb-pc3200,MERGE,G.Skill AEGIS - DDR4 - 16 GB - PC3200,<p>G.Skill AEGIS - DDR4 - 16 GB - PC3200</p>,G.Skill,DDR3,"DDR3, G.Skill, import-ohne-bild",MERGE,draft,FALSE,global,Electronics > Computers > Computer Components > Computer Memory,RAM4G0034,144.99,,101.50,shopify,deny,14,TRUE,TRUE,0.066,kg,4713294224385,,,,101.50,20.34,2026-06-17T21:20:08
,ram4g0035-g-skill-aegis-ddr4-16-gb-pc3200,MERGE,G.Skill AEGIS - DDR4 - 16 GB - PC3200,<p>G.Skill AEGIS - DDR4 - 16 GB - PC3200</p>,G.Skill,DDR4,"DDR4, G.Skill, import-ohne-bild",MERGE,draft,FALSE,global,Electronics > Computers > Computer Components > Computer Memory,RAM4G0035,134.99,,94.29,shopify,deny,11,TRUE,TRUE,0.035,kg,4713294224408,,,,94.29,19.15,2026-06-17T21:20:08
,ram4g0036-g-skill-aegis-ddr4-32-gb-pc3200,MERGE,G.Skill AEGIS - DDR4 - 32 GB - PC3200,<p>G.Skill AEGIS - DDR4 - 32 GB - PC3200</p>,G.Skill,DDR4,"DDR4, G.Skill, import-ohne-bild",MERGE,draft,FALSE,global,Electronics > Computers > Computer Components > Computer Memory,RAM4G0036,259.99,,181.69,shopify,deny,8,TRUE,TRUE,0.065,kg,4713294224415,,,,181.69,36.79,2026-06-17T21:20:08
,ram4g0037-g-skill-ripjaws-v-ddr4-32-gb-2x16-gb,MERGE,G.Skill Ripjaws V - DDR4 - 32 GB 2x16 GB,<p>G.Skill Ripjaws V - DDR4 - 32 GB 2x16 GB</p>,G.Skill,DDR3,"DDR3, G.Skill, import-ohne-bild",MERGE,draft,FALSE,global,Electronics > Computers > Computer Components > Computer Memory,RAM4G0037,294.99,,206.05,shopify,deny,9,TRUE,TRUE,0.132,kg,4713294223623,,,,206.05,41.84,2026-06-17T21:20:08
,ram4g0039-g-skill-tridentz-neo-series-ddr4-16-gb,MERGE,G.Skill TridentZ Neo Series - DDR4 - 16 GB,<p>G.Skill TridentZ Neo Series - DDR4 - 16 GB</p>,G.Skill,DDR3,"DDR3, G.Skill, import-ohne-bild",MERGE,draft,FALSE,global,Electronics > Computers > Computer Components > Computer Memory,RAM4G0039,182.99,,127.89,shopify,deny,24,TRUE,TRUE,0.018,kg,4713294223449,,,,127.89,25.88,2026-06-17T21:20:08
,ram4g0050-g-skill-ddr4-32gb-pc-3600-cl18-kit-2x16gb-32gvk-ripjaws,MERGE,G.Skill DDR4 32GB PC 3600 CL18 KIT (2x16GB) 32GVK Ripjaws,<p>G.Skill DDR4 32GB PC 3600 CL18 KIT (2x16GB) 32GVK Ripjaws</p>,G.Skill,DDR4,"DDR4, G.Skill, import-ohne-bild",MERGE,draft,FALSE,global,Electronics > Computers > Computer Components > Computer Memory,RAM4G0050,297.99,,208.58,shopify,deny,30,TRUE,TRUE,0.120,kg,4713294223104,,,,208.58,41.83,2026-06-17T21:20:08
,ram4g0051-g-skill-ddr4-32gb-pc-4000-cl18-kit-2x16gb-32gvk-ripjaws,MERGE,G.Skill DDR4 32GB PC 4000 CL18 KIT (2x16GB) 32GVK Ripjaws,<p>G.Skill DDR4 32GB PC 4000 CL18 KIT (2x16GB) 32GVK Ripjaws</p>,G.Skill,DDR4,"DDR4, G.Skill, import-ohne-bild",MERGE,draft,FALSE,global,Electronics > Computers > Computer Components > Computer Memory,RAM4G0051,369.99,,258.83,shopify,deny,13,TRUE,TRUE,0.120,kg,4713294224149,,,,258.83,52.09,2026-06-17T21:20:08
,ram4g0052-g-skill-ddr4-32gb-pc-3600-cl18-kit-2x16gb-32gtzr-tri-rgb,MERGE,G.Skill DDR4 32GB PC 3600 CL18 KIT (2x16GB) 32GTZR Tri/RGB,<p>G.Skill DDR4 32GB PC 3600 CL18 KIT (2x16GB) 32GTZR Tri/RGB</p>,G.Skill,DDR4,"DDR4, G.Skill, import-ohne-bild",MERGE,draft,FALSE,global,Electronics > Computers > Computer Components > Computer Memory,RAM4G0052,318.99,,223.30,shopify,deny,35,TRUE,TRUE,0.190,kg,4713294223081,,,,223.30,44.76,2026-06-17T21:20:08
,ram4g0053-g-skill-ripjaws-v-ddr4-16-gb,MERGE,G.Skill Ripjaws V - DDR4 - 16 GB,<p>G.Skill Ripjaws V - DDR4 - 16 GB</p>,G.Skill,DDR3,"DDR3, G.Skill, import-ohne-bild",MERGE,draft,FALSE,global,Electronics > Computers > Computer Components > Computer Memory,RAM4G0053,123.99,,86.17,shopify,deny,32,TRUE,TRUE,0.028,kg,4713294226648,,,,86.17,18.02,2026-06-17T21:20:08
,ram4g0055-g-skill-ripjaws-ddr4-16-gb-2x8-gb,MERGE,G.Skill Ripjaws - DDR4 - 16 GB 2x8 GB,<p>G.Skill Ripjaws - DDR4 - 16 GB 2x8 GB</p>,G.Skill,DDR3,"DDR3, G.Skill, import-ohne-bild",MERGE,draft,FALSE,global,Electronics > Computers > Computer Components > Computer Memory,RAM4G0055,135.99,,94.90,shopify,deny,76,TRUE,TRUE,0.026,kg,4713294226631,,,,94.90,19.38,2026-06-17T21:20:08
,ram4g0056-g-skill-ripjaws-ddr4-32-gb-2x16-gb,MERGE,G.Skill Ripjaws - DDR4 - 32 GB 2x16 GB,<p>G.Skill Ripjaws - DDR4 - 32 GB 2x16 GB</p>,G.Skill,DDR3,"DDR3, G.Skill, import-ohne-bild",MERGE,draft,FALSE,global,Electronics > Computers > Computer Components > Computer Memory,RAM4G0056,227.99,,159.36,shopify,deny,57,TRUE,TRUE,0.054,kg,4719692007681,,,,159.36,32.23,2026-06-17T21:20:08
,ram4g0057-g-skill-ddr4-32gb-pc-6000-cl22-kit-2x16gb-32grs-ripjaws,MERGE,G.Skill DDR4 32GB PC 6000 CL22 KIT (2x16GB) 32GRS Ripjaws,<p>G.Skill DDR4 32GB PC 6000 CL22 KIT (2x16GB) 32GRS Ripjaws</p>,G.Skill,DDR4,"DDR4, G.Skill, import-ohne-bild",MERGE,draft,FALSE,global,Electronics > Computers > Computer Components > Computer Memory,RAM4G0057,244.99,,171.54,shopify,deny,63,TRUE,TRUE,0.054,kg,4713294226655,,,,171.54,34.33,2026-06-17T21:20:08
,ram4g0058-g-skill-ripjaws-ddr4-8-gb,MERGE,G.Skill Ripjaws - DDR4 - 8 GB,<p>G.Skill Ripjaws - DDR4 - 8 GB</p>,G.Skill,DDR3,"DDR3, G.Skill, import-ohne-bild",MERGE,draft,FALSE,global,Electronics > Computers > Computer Components > Computer Memory,RAM4G0058,75.99,,52.78,shopify,deny,9,TRUE,TRUE,0.028,kg,4713294226624,,,,52.78,11.08,2026-06-17T21:20:08
,ram4g0059-g-skill-aegis-ddr4-8-gb-2400-cl17,MERGE,G.Skill AEGIS - DDR4 - 8 GB 2400 CL17,<p>G.Skill AEGIS - DDR4 - 8 GB 2400 CL17</p>,G.Skill,DDR3,"DDR3, G.Skill, import-ohne-bild",MERGE,draft,FALSE,global,Electronics > Computers > Computer Components > Computer Memory,RAM4G0059,75.99,,52.68,shopify,deny,31,TRUE,TRUE,0.036,kg,4719692017727,,,,52.68,11.18,2026-06-17T21:20:08
,ram4g0060-g-skill-value-series-ddr4-16-gb-2x8gb-2666-cl19,MERGE,G.Skill Value Series DDR4 16 GB  2x8GB 2666 CL19,<p>G.Skill Value Series DDR4 16 GB  2x8GB 2666 CL19</p>,G.Skill,DDR3,"DDR3, G.Skill, import-ohne-bild",MERGE,draft,FALSE,global,Electronics > Computers > Computer Components > Computer Memory,RAM4G0060,159.99,,111.65,shopify,deny,3,TRUE,TRUE,0.062,kg,4719692019967,,,,111.65,22.80,2026-06-17T21:20:08
,ram4g0061-g-skill-ripjaws-v-ddr4-16-gb-3200-cl16,MERGE,G.Skill Ripjaws V - DDR4 - 16 GB 3200 CL16,<p>G.Skill Ripjaws V - DDR4 - 16 GB 3200 CL16</p>,G.Skill,DDR4,"DDR4, G.Skill, import-ohne-bild",MERGE,draft,FALSE,global,Electronics > Computers > Computer Components > Computer Memory,RAM4G0061,149.99,,104.55,shopify,deny,5,TRUE,TRUE,0.088,kg,4719692007506,,,,104.55,21.49,2026-06-17T21:20:08
,ram4g0063-g-skill-so-dimm-ripjaws-ddr4-16-gb-2x8-gb-2400-cl16,MERGE,G.Skill SO-DIMM Ripjaws - DDR4 - 16 GB 2x8 GB 2400 CL16,<p>G.Skill SO-DIMM Ripjaws - DDR4 - 16 GB 2x8 GB 2400 CL16</p>,G.Skill,DDR4,"DDR4, G.Skill, import-ohne-bild",MERGE,draft,FALSE,global,Electronics > Computers > Computer Components > Computer Memory,RAM4G0063,143.99,,100.49,shopify,deny,66,TRUE,TRUE,0.048,kg,4719692007667,,,,100.49,20.51,2026-06-17T21:20:08
,ram4k0015-kingston-fury-beast-ddr4-3200-16gb-kit-kf432c16bbk2-16,MERGE,Kingston FURY Beast DDR4-3200-16GB KIT (KF432C16BBK2/16),<p>Kingston FURY Beast DDR4-3200-16GB KIT (KF432C16BBK2/16)</p>,Kingston,DDR4,"DDR4, Kingston, import-ohne-bild",MERGE,draft,FALSE,global,Electronics > Computers > Computer Components > Computer Memory,RAM4K0015,184.99,,129.01,shopify,deny,2,TRUE,TRUE,0.096,kg,0740617319903,,,,129.01,26.44,2026-06-17T21:20:08
,ram4k0057-kingston-fury-beast-rgb-ddr4-kit-16gb-2x8gb-kf436c18bb2a-16,MERGE,Kingston Fury BEAST RGB - DDR4-KIT-16GB - 2X8GB (KF436C18BB2A/16),<p>Kingston Fury BEAST RGB - DDR4-KIT-16GB - 2X8GB (KF436C18BB2A/16)</p>,Kingston,DDR4,"DDR4, Kingston, import-ohne-bild",MERGE,draft,FALSE,global,Electronics > Computers > Computer Components > Computer Memory,RAM4K0057,169.99,,119.01,shopify,deny,2,TRUE,TRUE,0.076,kg,0740617337426,,,,119.01,23.84,2026-06-17T21:20:08
,ram4k0058-kingston-fury-beast-rgb-ddr4-16gb-2x8gb-kf432c16bb2ak2-16,MERGE,Kingston FURY Beast RGB - DDR4-16GB - 2x8GB - (KF432C16BB2AK2/16),<p>Kingston FURY Beast RGB - DDR4-16GB - 2x8GB - (KF432C16BB2AK2/16)</p>,Kingston,DDR4,"DDR4, Kingston, import-ohne-bild",MERGE,draft,FALSE,global,Electronics > Computers > Computer Components > Computer Memory,RAM4K0058,214.99,,149.91,shopify,deny,18,TRUE,TRUE,0.141,kg,0740617337532,,,,149.91,30.75,2026-06-17T21:20:08
,ram4k0060-kingston-fury-renegade-ddr4-kit-16gb-2x8gb-kf436c16rb2k2-16,MERGE,Kingston Fury Renegade - DDR4-KIT-16GB - 2X8GB (KF436C16RB2K2/16),<p>Kingston Fury Renegade - DDR4-KIT-16GB - 2X8GB (KF436C16RB2K2/16)</p>,Kingston,DDR4,"DDR4, Kingston, import-ohne-bild",MERGE,draft,FALSE,global,Electronics > Computers > Computer Components > Computer Memory,RAM4K0060,207.99,,145.00,shopify,deny,4,TRUE,TRUE,0.136,kg,0740617337815,,,,145.00,29.78,2026-06-17T21:20:08
,ram4l0006-lexar-ddr4-3200-so-dimm-16gb,MERGE,Lexar DDR4-3200 SO-DIMM 16GB,<p>Lexar DDR4-3200 SO-DIMM 16GB</p>,Lexar,DDR3,"DDR3, Lexar, import-ohne-bild",MERGE,draft,FALSE,global,Electronics > Computers > Computer Components > Computer Memory,RAM4L0006,154.99,,108.19,shopify,deny,200,TRUE,TRUE,0.026,kg,0843367123773,,,,108.19,22.05,2026-06-17T21:20:08
,ram4l0017-lexar-ddr4-3200-so-dimm-8gb,MERGE,Lexar DDR4-3200 SO-DIMM 8GB,<p>Lexar DDR4-3200 SO-DIMM 8GB</p>,Lexar,DDR3,"DDR3, Lexar, import-ohne-bild",MERGE,draft,FALSE,global,Electronics > Computers > Computer Components > Computer Memory,RAM4L0017,86.99,,60.26,shopify,deny,133,TRUE,TRUE,0.026,kg,0843367123766,,,,60.26,12.84,2026-06-17T21:20:08
,ram4l0036-lexar-ddr4-8gb-288-pin-u-dimm-3200mhz-cl22-1-2v-blister-package,MERGE,"Lexar DDR4 8GB 288 PIN U-DIMM 3200Mhz, CL22, 1.2V- BLISTER Package","<p>Lexar DDR4 8GB 288 PIN U-DIMM 3200Mhz, CL22, 1.2V- BLISTER Package</p>",Lexar,DDR4,"DDR4, Lexar, import-ohne-bild",MERGE,draft,FALSE,global,Electronics > Computers > Computer Components > Computer Memory,RAM4L0036,86.99,,60.26,shopify,deny,80,TRUE,TRUE,0.033,kg,843367132768,,,,60.26,12.84,2026-06-17T21:20:08
,ram4l0037-lexar-ddr4-16gb-288-pin-u-dimm-3200mhz-cl22-1-2v-blister-package,MERGE,"Lexar DDR4 16GB 288 PIN U-DIMM 3200Mhz, CL22, 1.2V- BLISTER Package","<p>Lexar DDR4 16GB 288 PIN U-DIMM 3200Mhz, CL22, 1.2V- BLISTER Package</p>",Lexar,DDR4,"DDR4, Lexar, import-ohne-bild",MERGE,draft,FALSE,global,Electronics > Computers > Computer Components > Computer Memory,RAM4L0037,145.99,,102.05,shopify,deny,14,TRUE,TRUE,0.036,kg,843367132775,,,,102.05,20.63,2026-06-17T21:20:08
,ram4l0038-lexar-ddr5-16gb-262-pin-so-dimm-5600mhz-cl46-1-1v-blister-package,MERGE,"Lexar DDR5 16GB 262 PIN So-DIMM 5600Mhz, CL46, 1.1V- BLISTER Package","<p>Lexar DDR5 16GB 262 PIN So-DIMM 5600Mhz, CL46, 1.1V- BLISTER Package</p>",Lexar,DDR5,"DDR5, Lexar, import-ohne-bild",MERGE,draft,FALSE,global,Electronics > Computers > Computer Components > Computer Memory,RAM4L0038,254.99,,178.45,shopify,deny,87,TRUE,TRUE,0.023,kg,843367132454,,,,178.45,35.83,2026-06-17T21:20:08
,ram4l0039-lexar-so-dimm-16gb-ddr5-5600-cl46-45-45-90,MERGE,"Lexar SO-DIMM 16GB, DDR5-5600, CL46-45-45-90","<p>Lexar SO-DIMM 16GB, DDR5-5600, CL46-45-45-90</p>",Lexar,DDR5,"DDR5, Lexar, import-ohne-bild",MERGE,draft,FALSE,global,Electronics > Computers > Computer Components > Computer Memory,RAM4L0039,254.99,,178.45,shopify,deny,100,TRUE,TRUE,0.011,kg,,,,,178.45,35.83,2026-06-17T21:20:08
,ram4l0040-lexar-ddr5-16gb-288-pin-u-dimm-5600mhz-cl46-1-1v-blister-package,MERGE,"Lexar DDR5 16GB 288 PIN U-DIMM 5600Mhz, CL46, 1.1V- BLISTER Package","<p>Lexar DDR5 16GB 288 PIN U-DIMM 5600Mhz, CL46, 1.1V- BLISTER Package</p>",Lexar,DDR5,"DDR5, Lexar, import-ohne-bild",MERGE,draft,FALSE,global,Electronics > Computers > Computer Components > Computer Memory,RAM4L0040,254.99,,178.45,shopify,deny,140,TRUE,TRUE,0.032,kg,843367132782,,,,178.45,35.83,2026-06-17T21:20:08
,ram4l0041-lexar-thor-2-0-ddr5-6000-cl38-1-3v-memory-with-heatsink-and-rgb-lighti,MERGE,"Lexar THOR 2.0 DDR5 6000 CL38 1.3V Memory with heatsink and RGB lighting, Black Color, Dual pack","<p>Lexar THOR 2.0 DDR5 6000 CL38 1.3V Memory with heatsink and RGB lighting, Black Color, Dual pack</p>",Lexar,DDR5,"DDR5, Lexar, import-ohne-bild",MERGE,draft,FALSE,global,Electronics > Computers > Computer Components > Computer Memory,RAM4L0041,503.99,,352.59,shopify,deny,9,TRUE,TRUE,0.194,kg,843367140671,,,,352.59,70.93,2026-06-17T21:20:08
,ram5c0004-crucial-ddr5-16gb-5600-dimm-ct16g56c46u5,MERGE,Crucial DDR5 - 16GB 5600 DIMM (CT16G56C46U5),<p>Crucial DDR5 - 16GB 5600 DIMM (CT16G56C46U5)</p>,Crucial,DDR3,"DDR3, Crucial, import-ohne-bild",MERGE,draft,FALSE,global,Electronics > Computers > Computer Components > Computer Memory,RAM5C0004,236.99,,165.95,shopify,deny,6,TRUE,TRUE,0.029,kg,649528929730,,,,165.95,33.20,2026-06-17T21:20:08
,ram5c0013-crucial-ddr5-32gb-5600-so-dimm-kit-2x16gb-ct2k16g56c46s5,MERGE,Crucial DDR5 - 32GB 5600 SO-DIMM KIT 2x16GB (CT2K16G56C46S5),<p>Crucial DDR5 - 32GB 5600 SO-DIMM KIT 2x16GB (CT2K16G56C46S5)</p>,Crucial,DDR5,"DDR5, Crucial, import-ohne-bild",MERGE,draft,FALSE,global,Electronics > Computers > Computer Components > Computer Memory,RAM5C0013,447.99,,313.64,shopify,deny,10,TRUE,TRUE,0.031,kg,649528929983,,,,313.64,62.82,2026-06-17T21:20:08
,ram5c0021-crucial-ddr5-64gb-4800-so-dimm-kit-2x32gb-ct2k32g48c40s5,MERGE,Crucial DDR5 - 64GB 4800 SO-DIMM KIT 2x32GB (CT2K32G48C40S5),<p>Crucial DDR5 - 64GB 4800 SO-DIMM KIT 2x32GB (CT2K32G48C40S5)</p>,Crucial,DDR5,"DDR5, Crucial, import-ohne-bild",MERGE,draft,FALSE,global,Electronics > Computers > Computer Components > Computer Memory,RAM5C0021,692.99,,485.17,shopify,deny,16,TRUE,TRUE,0.029,kg,0649528906564,,,,485.17,97.17,2026-06-17T21:20:08
,ram5c0022-crucial-pro-ddr5-5600-kit-32gb-2x16gb-udimm-cl46-16gbit,MERGE,Crucial Pro DDR5-5600 Kit 32GB 2x16GB UDIMM CL46 (16Gbit),<p>Crucial Pro DDR5-5600 Kit 32GB 2x16GB UDIMM CL46 (16Gbit)</p>,Crucial,DDR5,"DDR5, Crucial, import-ohne-bild",MERGE,draft,FALSE,global,Electronics > Computers > Computer Components > Computer Memory,RAM5C0022,482.99,,338.00,shopify,deny,3,TRUE,TRUE,0.122,kg,0649528937803,,,,338.00,67.87,2026-06-17T21:20:08
,ram5c0025-corsair-vengeance-rgb-ddr5-kit-32gb-2x16gb-cmh32gx5m2b6400z36,MERGE,Corsair Vengeance RGB DDR5 - KIT 32GB-2X16GB -(CMH32GX5M2B6400Z36),<p>Corsair Vengeance RGB DDR5 - KIT 32GB-2X16GB -(CMH32GX5M2B6400Z36)</p>,Corsair,DDR5,"DDR5, Corsair, import-ohne-bild",MERGE,draft,FALSE,global,Electronics > Computers > Computer Components > Computer Memory,RAM5C0025,642.99,,450.00,shopify,deny,34,TRUE,TRUE,0.146,kg,0840440492573,,,,450.00,90.33,2026-06-17T21:20:08
,ram5c1005-corsair-vengeance-rgb-ddr5-kit-32gb-2x16gb-cmh32gx5m2b6000c38,MERGE,Corsair Vengeance RGB DDR5 - KIT 32GB-2X16GB -(CMH32GX5M2B6000C38),<p>Corsair Vengeance RGB DDR5 - KIT 32GB-2X16GB -(CMH32GX5M2B6000C38)</p>,Corsair,DDR5,"DDR5, Corsair, import-ohne-bild",MERGE,draft,FALSE,global,Electronics > Computers > Computer Components > Computer Memory,RAM5C1005,512.99,,359.01,shopify,deny,10,TRUE,TRUE,0.147,kg,0840006680628,,,,359.01,72.07,2026-06-17T21:20:08
,ram5c1008-corsair-vengeance-ddr5-kit-32-gb-2-x-16-gb-cmk32gx5m2b6000c38,MERGE,Corsair Vengeance - DDR5 - Kit - 32 GB: 2 x 16 GB (CMK32GX5M2B6000C38),<p>Corsair Vengeance - DDR5 - Kit - 32 GB: 2 x 16 GB (CMK32GX5M2B6000C38)</p>,Corsair,DDR5,"DDR5, Corsair, import-ohne-bild",MERGE,draft,FALSE,global,Electronics > Computers > Computer Components > Computer Memory,RAM5C1008,498.99,,349.01,shopify,deny,6,TRUE,TRUE,0.104,kg,0840006684442,,,,349.01,70.31,2026-06-17T21:20:08
,ram5c1013-corsair-vengeance-ddr5-kit-48-gb-2-x-24-gb-cmk48gx5m2b6400c36,MERGE,Corsair Vengeance - DDR5 - Kit - 48 GB: 2 x 24 GB (CMK48GX5M2B6400C36),<p>Corsair Vengeance - DDR5 - Kit - 48 GB: 2 x 24 GB (CMK48GX5M2B6400C36)</p>,Corsair,DDR5,"DDR5, Corsair, import-ohne-bild",MERGE,draft,FALSE,global,Electronics > Computers > Computer Components > Computer Memory,RAM5C1013,641.99,,449.01,shopify,deny,25,TRUE,TRUE,0.104,kg,0840006667216,,,,449.01,90.48,2026-06-17T21:20:08
,ram5c1016-corsair-vengeance-rgb-ddr5-kit-32-gb-2-x-16-gb-cmh32gx5m2b6400c36,MERGE,Corsair Vengeance RGB - DDR5 - Kit - 32 GB: 2 x 16 GB (CMH32GX5M2B6400C36),<p>Corsair Vengeance RGB - DDR5 - Kit - 32 GB: 2 x 16 GB (CMH32GX5M2B6400C36)</p>,Corsair,DDR5,"DDR5, Corsair, import-ohne-bild",MERGE,draft,FALSE,global,Electronics > Computers > Computer Components > Computer Memory,RAM5C1016,555.99,,389.01,shopify,deny,2,TRUE,TRUE,0.144,kg,0840006666073,,,,389.01,78.21,2026-06-17T21:20:08
,ram5c1019-corsair-vengeance-rgb-ddr5-kit-48-gb-2-x-24-gb-cmh48gx5m2b6400c36,MERGE,Corsair Vengeance RGB - DDR5 - Kit - 48 GB: 2 x 24 GB (CMH48GX5M2B6400C36),<p>Corsair Vengeance RGB - DDR5 - Kit - 48 GB: 2 x 24 GB (CMH48GX5M2B6400C36)</p>,Corsair,DDR5,"DDR5, Corsair, import-ohne-bild",MERGE,draft,FALSE,global,Electronics > Computers > Computer Components > Computer Memory,RAM5C1019,606.99,,425.00,shopify,deny,19,TRUE,TRUE,0.134,kg,0840006667193,,,,425.00,85.08,2026-06-17T21:20:08
,ram5g0006-g-skill-ddr5-32gb-pc-6000-cl32-kit-2x16gb-32-rs5k,MERGE,G.Skill DDR5 32GB PC 6000 CL32  KIT (2x16GB) 32-RS5K,<p>G.Skill DDR5 32GB PC 6000 CL32  KIT (2x16GB) 32-RS5K</p>,G.Skill,DDR5,"DDR5, G.Skill, import-ohne-bild",MERGE,draft,FALSE,global,Electronics > Computers > Computer Components > Computer Memory,RAM5G0006,566.99,,396.87,shopify,deny,2,TRUE,TRUE,0.122,kg,4713294231833,,,,396.87,79.59,2026-06-17T21:20:08
,ram5g0007-g-skill-ddr5-32gb-pc-6000-cl36-kit-2x16gb-32-tz5rk,MERGE,G.Skill DDR5 32GB PC 6000 CL36  KIT (2x16GB) 32-TZ5RK,<p>G.Skill DDR5 32GB PC 6000 CL36  KIT (2x16GB) 32-TZ5RK</p>,G.Skill,DDR5,"DDR5, G.Skill, import-ohne-bild",MERGE,draft,FALSE,global,Electronics > Computers > Computer Components > Computer Memory,RAM5G0007,500.99,,350.18,shopify,deny,10,TRUE,TRUE,0.180,kg,4713294230720,,,,350.18,70.82,2026-06-17T21:20:08
,ram5g0008-g-skill-ddr5-32gb-pc-6400-cl32-kit-2x16gb-32-tz5rk,MERGE,G.Skill DDR5 32GB PC 6400 CL32 KIT (2x16GB) 32-TZ5RK,<p>G.Skill DDR5 32GB PC 6400 CL32 KIT (2x16GB) 32-TZ5RK</p>,G.Skill,DDR5,"DDR5, G.Skill, import-ohne-bild",MERGE,draft,FALSE,global,Electronics > Computers > Computer Components > Computer Memory,RAM5G0008,558.99,,390.78,shopify,deny,57,TRUE,TRUE,0.176,kg,4713294231369,,,,390.78,78.96,2026-06-17T21:20:08
,ram5g0009-g-skill-ddr5-32gb-pc-6000-cl32-2x16gb-32-gx2-fx5-flare-amd,MERGE,G.Skill DDR5 32GB PC 6000 CL32 (2x16GB) 32-GX2-FX5 FLARE AMD,<p>G.Skill DDR5 32GB PC 6000 CL32 (2x16GB) 32-GX2-FX5 FLARE AMD</p>,G.Skill,DDR5,"DDR5, G.Skill, import-ohne-bild",MERGE,draft,FALSE,global,Electronics > Computers > Computer Components > Computer Memory,RAM5G0009,526.99,,368.45,shopify,deny,60,TRUE,TRUE,0.122,kg,4713294232656,,,,368.45,74.40,2026-06-17T21:20:08
,ram5g0010-g-skill-ddr5-32gb-pc-6000-cl36-2x16gb-32-gx2-fx5-flare-amd,MERGE,G.Skill DDR5 32GB PC 6000 CL36 (2x16GB) 32-GX2-FX5 FLARE AMD,<p>G.Skill DDR5 32GB PC 6000 CL36 (2x16GB) 32-GX2-FX5 FLARE AMD</p>,G.Skill,DDR5,"DDR5, G.Skill, import-ohne-bild",MERGE,draft,FALSE,global,Electronics > Computers > Computer Components > Computer Memory,RAM5G0010,473.99,,331.91,shopify,deny,1,TRUE,TRUE,0.128,kg,4713294232687,,,,331.91,66.40,2026-06-17T21:20:08
,ram5g0011-g-skill-ddr5-32gb-pc-6000-cl30-2x16gb-32-gx2-fx5-flare-amd,MERGE,G.Skill DDR5 32GB PC 6000 CL30 (2x16GB) 32-GX2-FX5 FLARE AMD,<p>G.Skill DDR5 32GB PC 6000 CL30 (2x16GB) 32-GX2-FX5 FLARE AMD</p>,G.Skill,DDR5,"DDR5, G.Skill, import-ohne-bild",MERGE,draft,FALSE,global,Electronics > Computers > Computer Components > Computer Memory,RAM5G0011,529.99,,370.48,shopify,deny,55,TRUE,TRUE,0.122,kg,4713294230539,,,,370.48,74.89,2026-06-17T21:20:08
,ram5g0013-g-skill-ddr5-32gb-pc-6000-cl32-2x16gb-32-gx2-tz5nr-amd-ex,MERGE,G.Skill DDR5 32GB PC 6000 CL32 (2x16GB) 32-GX2-TZ5NR AMD EX,<p>G.Skill DDR5 32GB PC 6000 CL32 (2x16GB) 32-GX2-TZ5NR AMD EX</p>,G.Skill,DDR5,"DDR5, G.Skill, import-ohne-bild",MERGE,draft,FALSE,global,Electronics > Computers > Computer Components > Computer Memory,RAM5G0013,560.99,,392.81,shopify,deny,4,TRUE,TRUE,0.176,kg,4713294232649,,,,392.81,78.61,2026-06-17T21:20:08
,ram5g0018-g-skill-ddr5-32gb-pc-6400-cl32-g-skill-2x16gb-32-gx2-tz5nr-amd,MERGE,G.Skill DDR5 32GB PC 6400 CL32 G.Skill (2x16GB) 32-GX2-TZ5NR AMD,<p>G.Skill DDR5 32GB PC 6400 CL32 G.Skill (2x16GB) 32-GX2-TZ5NR AMD</p>,G.Skill,DDR5,"DDR5, G.Skill, import-ohne-bild",MERGE,draft,FALSE,global,Electronics > Computers > Computer Components > Computer Memory,RAM5G0018,616.99,,431.38,shopify,deny,22,TRUE,TRUE,0.188,kg,4713294234575,,,,431.38,87.10,2026-06-17T21:20:08
,ram5g0019-g-skill-ripjaws-s5-schwarz-ddr5-32-gb-kit-2x16gb,MERGE,G.Skill Ripjaws S5 schwarz - DDR5 - 32 GB KIT (2x16GB),<p>G.Skill Ripjaws S5 schwarz - DDR5 - 32 GB KIT (2x16GB)</p>,G.Skill,DDR5,"DDR5, G.Skill, import-ohne-bild",MERGE,draft,FALSE,global,Electronics > Computers > Computer Components > Computer Memory,RAM5G0019,592.99,,415.14,shopify,deny,27,TRUE,TRUE,0.120,kg,4713294232120,,,,415.14,83.17,2026-06-17T21:20:08
,ram5g0023-g-skill-trident-z5-6800-cl34-ddr5-64-gb-2x32-gb,MERGE,G.Skill Trident Z5 6800 CL34 - DDR5 - 64 GB 2x32 GB,<p>G.Skill Trident Z5 6800 CL34 - DDR5 - 64 GB 2x32 GB</p>,G.Skill,DDR5,"DDR5, G.Skill, import-ohne-bild",MERGE,draft,FALSE,global,Electronics > Computers > Computer Components > Computer Memory,RAM5G0023,627.99,,439.50,shopify,deny,8,TRUE,TRUE,0.192,kg,4713294232069,,,,439.50,88.22,2026-06-17T21:20:08
,ram5g0027-g-skill-trident-z5-6400-cl32-ddr5-32-gb-2x16-gb,MERGE,G.Skill Trident Z5 6400 CL32 - DDR5 - 32 GB 2x16 GB,<p>G.Skill Trident Z5 6400 CL32 - DDR5 - 32 GB 2x16 GB</p>,G.Skill,DDR5,"DDR5, G.Skill, import-ohne-bild",MERGE,draft,FALSE,global,Electronics > Computers > Computer Components > Computer Memory,RAM5G0027,573.99,,401.94,shopify,deny,22,TRUE,TRUE,0.186,kg,4713294231345,,,,401.94,80.40,2026-06-17T21:20:08
,ram5g0028-g-skill-ddr5-32gb-pc-6000-cl32-2x16gb-32-gx2-fx5-flare-amd,MERGE,G.Skill DDR5 32GB PC 6000 CL32 (2x16GB) 32-GX2-FX5 FLARE AMD,<p>G.Skill DDR5 32GB PC 6000 CL32 (2x16GB) 32-GX2-FX5 FLARE AMD</p>,G.Skill,DDR5,"DDR5, G.Skill, import-ohne-bild",MERGE,draft,FALSE,global,Electronics > Computers > Computer Components > Computer Memory,RAM5G0028,642.99,,449.65,shopify,deny,16,TRUE,TRUE,0.122,kg,4713294237590,,,,449.65,90.68,2026-06-17T21:20:08
,ram5k0005-kingston-fury-beast-ddr5-kit-32gb-2x16-kf552c40bbk2-32,MERGE,Kingston FURY BEAST - DDR5-KIT-32GB-2x16 (KF552C40BBK2-32),<p>Kingston FURY BEAST - DDR5-KIT-32GB-2x16 (KF552C40BBK2-32)</p>,Kingston,DDR5,"DDR5, Kingston, import-ohne-bild",MERGE,draft,FALSE,global,Electronics > Computers > Computer Components > Computer Memory,RAM5K0005,471.99,,329.91,shopify,deny,11,TRUE,TRUE,0.104,kg,0740617324358,,,,329.91,66.72,2026-06-17T21:20:08
,ram5k0033-kingston-fury-impact-sodimm-ddr5-kit-32gb-2x16-kf548s38ibk2-32,MERGE,Kingston FURY IMPACT SODIMM - DDR5-KIT-32GB-2x16 (KF548S38IBK2-32),<p>Kingston FURY IMPACT SODIMM - DDR5-KIT-32GB-2x16 (KF548S38IBK2-32)</p>,Kingston,DDR5,"DDR5, Kingston, import-ohne-bild",MERGE,draft,FALSE,global,Electronics > Computers > Computer Components > Computer Memory,RAM5K0033,535.99,,375.00,shopify,deny,10,TRUE,TRUE,0.046,kg,0740617326147,,,,375.00,75.41,2026-06-17T21:20:08
,ram5k0035-kingston-fury-impact-sodimm-ddr5-16gb-kf548s38ib-16,MERGE,Kingston FURY IMPACT SODIMM - DDR5-16GB-(KF548S38IB-16),<p>Kingston FURY IMPACT SODIMM - DDR5-16GB-(KF548S38IB-16)</p>,Kingston,DDR5,"DDR5, Kingston, import-ohne-bild",MERGE,draft,FALSE,global,Electronics > Computers > Computer Components > Computer Memory,RAM5K0035,255.99,,179.01,shopify,deny,11,TRUE,TRUE,0.026,kg,0740617326154,,,,179.01,36.11,2026-06-17T21:20:08
,ram5k0043-kingston-fury-beast-ddr5-32gb-kf556c36bbe2-32,MERGE,Kingston FURY BEAST - DDR5 - 32GB (KF556C36BBE2-32),<p>Kingston FURY BEAST - DDR5 - 32GB (KF556C36BBE2-32)</p>,Kingston,DDR5,"DDR5, Kingston, import-ohne-bild",MERGE,draft,FALSE,global,Electronics > Computers > Computer Components > Computer Memory,RAM5K0043,512.99,,359.01,shopify,deny,38,TRUE,TRUE,0.054,kg,0740617350180,,,,359.01,72.07,2026-06-17T21:20:08
,ram5l0006-lexar-ares-ddr5-2x16gb-6800-heatsink,MERGE,Lexar Ares DDR5 2x16GB 6800 Heatsink,<p>Lexar Ares DDR5 2x16GB 6800 Heatsink</p>,Lexar,DDR5,"DDR5, Lexar, import-ohne-bild",MERGE,draft,FALSE,global,Electronics > Computers > Computer Components > Computer Memory,RAM5L0006,683.99,,478.45,shopify,deny,20,TRUE,TRUE,0.200,kg,843367133543,,,,478.45,96.33,2026-06-17T21:20:08
,ram5l0009-lexar-ddr5-6000-dimm-2x16gb-thor-gaming,MERGE,Lexar DDR5-6000 DIMM 2x16GB THOR Gaming,<p>Lexar DDR5-6000 DIMM 2x16GB THOR Gaming</p>,Lexar,DDR4,"DDR4, Lexar, import-ohne-bild",MERGE,draft,FALSE,global,Electronics > Computers > Computer Components > Computer Memory,RAM5L0009,494.99,,346.31,shopify,deny,100,TRUE,TRUE,0.218,kg,843367136094,,,,346.31,69.65,2026-06-17T21:20:08
,refd0002-dell-wd19s-dockingstation-130w-refurbished,MERGE,Dell WD19S Dockingstation | 130W - Refurbished,<p>Dell WD19S Dockingstation | 130W - Refurbished</p>,Dell,GRADE A,"GRADE A, Dell, import-ohne-bild",MERGE,draft,FALSE,global,Electronics,REFD0002,72.99,,50.75,shopify,deny,113,TRUE,TRUE,1.420,kg,5397184513972,,,,50.75,10.59,2026-06-17T21:20:08
,refh0002-hp-usb-c-a-universal-dock-g2-refurbished,MERGE,HP USB-C/A Universal Dock G2 - Refurbished,<p>HP USB-C/A Universal Dock G2 - Refurbished</p>,Refurb®,GRADE A,"GRADE A, Refurb®, import-ohne-bild",MERGE,draft,FALSE,global,Electronics,REFH0002,64.99,,41.62,shopify,deny,37,TRUE,TRUE,1.519,kg,,,,,41.62,12.99,2026-06-17T21:20:08
,refl0003-lenovo-thinkpad-t14-14-refurbished,MERGE,"Lenovo ThinkPad T14 (14"") - Refurbished","<p>Lenovo ThinkPad T14 (14"") - Refurbished</p>",Lenovo,GRADE A,"GRADE A, Lenovo, import-ohne-bild",MERGE,draft,FALSE,global,Electronics,REFL0003,304.99,,213.15,shopify,deny,192,TRUE,TRUE,2.400,kg,7435110112153,,,,213.15,43.14,2026-06-17T21:20:08
,refl0004-lenovo-thinkpad-thunderbolt-3-workstation-dock-40an-refurbished,MERGE,Lenovo ThinkPad Thunderbolt 3 Workstation Dock 40AN - Refurbished,<p>Lenovo ThinkPad Thunderbolt 3 Workstation Dock 40AN - Refurbished</p>,Refurb®,GRADE A,"GRADE A, Refurb®, import-ohne-bild",MERGE,draft,FALSE,global,Electronics,REFL0004,111.99,,78.16,shopify,deny,48,TRUE,TRUE,1.437,kg,,,,,78.16,15.95,2026-06-17T21:20:08
,refl0005-lenovo-thinkpad-usb-c-dock-40ay-refurbished,MERGE,Lenovo ThinkPad USB-C Dock 40AY - Refurbished,<p>Lenovo ThinkPad USB-C Dock 40AY - Refurbished</p>,Lenovo,GRADE A,"GRADE A, Lenovo, import-ohne-bild",MERGE,draft,FALSE,global,Electronics,REFL0005,101.99,,71.05,shopify,deny,61,TRUE,TRUE,1.120,kg,,,,,71.05,14.66,2026-06-17T21:20:08
,refr0009-refurb-lenovo-thinkpad-dockingstation-40a90090eu,MERGE,Refurb® Lenovo ThinkPad Dockingstation 40A90090EU,<p>Refurb® Lenovo ThinkPad Dockingstation 40A90090EU</p>,Refurb®,GRADE A,"GRADE A, Refurb®, import-ohne-bild",MERGE,draft,FALSE,global,Electronics,REFR0009,51.99,,33.50,shopify,deny,180,TRUE,TRUE,1.480,kg,5713518290584,,,,33.50,10.19,2026-06-17T21:20:08
,refr0017-refurb-hp-usb-c-dock-g4-hstnh-u601,MERGE,Refurb® HP USB-C Dock G4 HSTNH-U601,<p>Refurb® HP USB-C Dock G4 HSTNH-U601</p>,Refurb®,GRADE A,"GRADE A, Refurb®, import-ohne-bild",MERGE,draft,FALSE,global,Electronics,REFR0017,39.99,,25.38,shopify,deny,107,TRUE,TRUE,1.107,kg,5713518291970,,,,25.38,8.23,2026-06-17T21:20:08
,refr2000-reteq-lenovo-thinkpad-yoga-x13-14,MERGE,"RETEQ Lenovo ThinkPad Yoga X13 (14"")","<p>RETEQ Lenovo ThinkPad Yoga X13 (14"")</p>",RETEQ,GRADE A,"GRADE A, RETEQ, import-ohne-bild",MERGE,draft,FALSE,global,Electronics,REFR2000,702.99,,492.28,shopify,deny,100,TRUE,TRUE,2.320,kg,4250563440355,,,,492.28,98.47,2026-06-17T21:20:08
,refr2001-reteq-lenovo-thinkpad-usb-c-docking-40a90090eu,MERGE,RETEQ Lenovo ThinkPad USB-C Docking - 40A90090EU,<p>RETEQ Lenovo ThinkPad USB-C Docking - 40A90090EU</p>,RETEQ,GRADE A,"GRADE A, RETEQ, import-ohne-bild",MERGE,draft,FALSE,global,Electronics,REFR2001,51.99,,33.50,shopify,deny,296,TRUE,TRUE,1.158,kg,4250563426243,,,,33.50,10.19,2026-06-17T21:20:08
,refr2002-reteq-lenovo-thinkpad-hybrid-usb-c-dock-40af0135eu,MERGE,RETEQ Lenovo ThinkPad Hybrid USB-C Dock - 40AF0135EU,<p>RETEQ Lenovo ThinkPad Hybrid USB-C Dock - 40AF0135EU</p>,RETEQ,GRADE A,"GRADE A, RETEQ, import-ohne-bild",MERGE,draft,FALSE,global,Electronics,REFR2002,111.99,,78.16,shopify,deny,210,TRUE,TRUE,1.494,kg,4250563451436,,,,78.16,15.95,2026-06-17T21:20:08
,reft0004-tecxl-hp-elitebook-850-g7-15-6,MERGE,"tecXL HP EliteBook 850 G7 (15,6"")","<p>tecXL HP EliteBook 850 G7 (15,6"")</p>",tecXL,GRADE A,"GRADE A, tecXL, import-ohne-bild",MERGE,draft,FALSE,global,Electronics,REFT0004,572.99,,400.93,shopify,deny,18,TRUE,TRUE,2.810,kg,4262431592554,,,,400.93,80.57,2026-06-17T21:20:08
,reft0007-tecxl-hp-elitedesk-800-g6-mp,MERGE,tecXL HP EliteDesk 800 G6 MP,<p>tecXL HP EliteDesk 800 G6 MP</p>,tecXL,GRADE A,"GRADE A, tecXL, import-ohne-bild",MERGE,draft,FALSE,global,Electronics,REFT0007,507.99,,355.25,shopify,deny,18,TRUE,TRUE,2.220,kg,4262431594756,,,,355.25,71.63,2026-06-17T21:20:08
,reft0010-tecxl-lenovo-thinkpad-t14-gen2-14,MERGE,"tecXL Lenovo ThinkPad T14 Gen2 (14"")","<p>tecXL Lenovo ThinkPad T14 Gen2 (14"")</p>",tecXL,GRADE A,"GRADE A, tecXL, import-ohne-bild",MERGE,draft,FALSE,global,Electronics,REFT0010,518.99,,362.86,shopify,deny,18,TRUE,TRUE,2.480,kg,4262504943337,,,,362.86,73.27,2026-06-17T21:20:08
,reft0012-tecxl-lenovo-thinkcentre-m80q-mp,MERGE,tecXL Lenovo ThinkCentre M80q MP,<p>tecXL Lenovo ThinkCentre M80q MP</p>,tecXL,GRADE A,"GRADE A, tecXL, import-ohne-bild",MERGE,draft,FALSE,global,Electronics,REFT0012,508.99,,356.27,shopify,deny,22,TRUE,TRUE,2.440,kg,4262431593452,,,,356.27,71.45,2026-06-17T21:20:08
,reft0013-tecxl-dell-optiplex-7070-mp,MERGE,tecXL Dell OptiPlex 7070 MP,<p>tecXL Dell OptiPlex 7070 MP</p>,tecXL,GRADE A,"GRADE A, tecXL, import-ohne-bild",MERGE,draft,FALSE,global,Electronics,REFT0013,399.99,,279.63,shopify,deny,5,TRUE,TRUE,2.460,kg,4262504946918,,,,279.63,56.50,2026-06-17T21:20:08
,reft0014-tecxl-hp-elitedesk-800-g4-mp,MERGE,tecXL HP EliteDesk 800 G4 MP,<p>tecXL HP EliteDesk 800 G4 MP</p>,tecXL,GRADE A,"GRADE A, tecXL, import-ohne-bild",MERGE,draft,FALSE,global,Electronics,REFT0014,368.99,,257.81,shopify,deny,1,TRUE,TRUE,2.240,kg,4260771516339,,,,257.81,52.27,2026-06-17T21:20:08
,reft0017-tecxl-asus-be24wqlb-led-monitor-24-1,MERGE,"tecXL Asus BE24WQLB - LED-Monitor - (24.1"")","<p>tecXL Asus BE24WQLB - LED-Monitor - (24.1"")</p>",tecXL,GRADE A,"GRADE A, tecXL, import-ohne-bild",MERGE,draft,FALSE,global,Electronics,REFT0017,72.99,,50.75,shopify,deny,63,TRUE,TRUE,8.550,kg,4262575240144,,,,50.75,10.59,2026-06-17T21:20:08
,reft0018-tecxl-lenovo-thinkvision-t24i-led-monitor-24,MERGE,"tecXL Lenovo ThinkVision T24i - LED-Monitor - (24"")","<p>tecXL Lenovo ThinkVision T24i - LED-Monitor - (24"")</p>",tecXL,GRADE A,"GRADE A, tecXL, import-ohne-bild",MERGE,draft,FALSE,global,Electronics,REFT0018,84.99,,58.87,shopify,deny,85,TRUE,TRUE,7.150,kg,4262504949742,,,,58.87,12.55,2026-06-17T21:20:08
,reft0019-tecxl-hp-prodesk-600-g4-mt,MERGE,tecXL HP ProDesk 600 G4 MT,<p>tecXL HP ProDesk 600 G4 MT</p>,tecXL,GRADE A,"GRADE A, tecXL, import-ohne-bild",MERGE,draft,FALSE,global,Electronics,REFT0019,326.99,,228.38,shopify,deny,30,TRUE,TRUE,6.200,kg,4262431599614,,,,228.38,46.40,2026-06-17T21:20:08
,reft0021-tecxl-lenovo-p520c-tower,MERGE,tecXL  Lenovo P520c Tower,<p>tecXL  Lenovo P520c Tower</p>,tecXL,GRADE A,"GRADE A, tecXL, import-ohne-bild",MERGE,draft,FALSE,global,Electronics,REFT0021,623.99,,436.45,shopify,deny,9,TRUE,TRUE,16.500,kg,4262575242124,,,,436.45,87.91,2026-06-17T21:20:08
,reft0022-tecxl-lenovo-tio24-gen3-led-monitor-23-8,MERGE,"tecXL Lenovo TIO24 Gen3 - LED-Monitor - (23.8"")","<p>tecXL Lenovo TIO24 Gen3 - LED-Monitor - (23.8"")</p>",tecXL,GRADE A,"GRADE A, tecXL, import-ohne-bild",MERGE,draft,FALSE,global,Electronics,REFT0022,92.99,,64.96,shopify,deny,18,TRUE,TRUE,8.100,kg,4262431593681,,,,64.96,13.18,2026-06-17T21:20:08
,reft1001-t1a-dell-latitude-5320-13-3,MERGE,"T1A Dell Latitude 5320 (13.3"")","<p>T1A Dell Latitude 5320 (13.3"")</p>",Tier1Asset,GRADE A,"GRADE A, Tier1Asset, import-ohne-bild",MERGE,draft,FALSE,global,Electronics,REFT1001,398.99,,279.13,shopify,deny,58,TRUE,TRUE,2.200,kg,5711603083851,,,,279.13,56.16,2026-06-17T21:20:08
,reft1002-t1a-dell-latitude-5430-14,MERGE,"T1A Dell Latitude 5430 (14"")","<p>T1A Dell Latitude 5430 (14"")</p>",Tier1Asset,GRADE B,"GRADE B, Tier1Asset, import-ohne-bild",MERGE,draft,FALSE,global,Electronics,REFT1002,463.99,,324.80,shopify,deny,59,TRUE,TRUE,2.350,kg,5711603088023,,,,324.80,65.11,2026-06-17T21:20:08
,reft1004-t1a-lenovo-thinkpad-x1-yoga-gen-4-14,MERGE,"T1A Lenovo ThinkPad X1 Yoga Gen 4 (14"")","<p>T1A Lenovo ThinkPad X1 Yoga Gen 4 (14"")</p>",Tier1Asset,GRADE A,"GRADE A, Tier1Asset, import-ohne-bild",MERGE,draft,FALSE,global,Electronics,REFT1004,314.99,,220.26,shopify,deny,164,TRUE,TRUE,2.260,kg,5711603084766,,,,220.26,44.44,2026-06-17T21:20:08
,reft1005-t1a-lenovo-thinkpad-x1-yoga-gen-5-14,MERGE,"T1A Lenovo ThinkPad X1 Yoga Gen 5 (14"")","<p>T1A Lenovo ThinkPad X1 Yoga Gen 5 (14"")</p>",Tier1Asset,GRADE A,"GRADE A, Tier1Asset, import-ohne-bild",MERGE,draft,FALSE,global,Electronics,REFT1005,500.99,,350.18,shopify,deny,71,TRUE,TRUE,2.232,kg,5711603088016,,,,350.18,70.82,2026-06-17T21:20:08
,reft1007-t1a-lenovo-thinkpad-x1-carbon-gen-8-14,MERGE,"T1A Lenovo ThinkPad X1 Carbon Gen 8 (14"")","<p>T1A Lenovo ThinkPad X1 Carbon Gen 8 (14"")</p>",Tier1Asset,GRADE B,"GRADE B, Tier1Asset, import-ohne-bild",MERGE,draft,FALSE,global,Electronics,REFT1007,550.99,,385.70,shopify,deny,7,TRUE,TRUE,1.955,kg,5711603098626,,,,385.70,77.32,2026-06-17T21:20:08
,reft1010-t1a-dell-latitude-5320-13-3,MERGE,"T1A Dell Latitude 5320 (13.3"")","<p>T1A Dell Latitude 5320 (13.3"")</p>",Tier1Asset,GRADE B,"GRADE B, Tier1Asset, import-ohne-bild",MERGE,draft,FALSE,global,Electronics,REFT1010,376.99,,263.90,shopify,deny,14,TRUE,TRUE,2.164,kg,5711603085060,,,,263.90,52.90,2026-06-17T21:20:08
,reft1011-t1a-lenovo-thinkpad-x1-yoga-gen-6-14,MERGE,"T1A Lenovo ThinkPad X1 Yoga Gen 6 (14"")","<p>T1A Lenovo ThinkPad X1 Yoga Gen 6 (14"")</p>",Tier1Asset,GRADE B,"GRADE B, Tier1Asset, import-ohne-bild",MERGE,draft,FALSE,global,Electronics,REFT1011,637.99,,446.60,shopify,deny,70,TRUE,TRUE,0.000,kg,5711603086135,,,,446.60,89.53,2026-06-17T21:20:08
,reft1013-t1a-dell-latitude-5420-14,MERGE,"T1A Dell Latitude 5420 (14"")","<p>T1A Dell Latitude 5420 (14"")</p>",Tier1Asset,GRADE A,"GRADE A, Tier1Asset, import-ohne-bild",MERGE,draft,FALSE,global,Electronics,REFT1013,405.99,,284.20,shopify,deny,17,TRUE,TRUE,2.420,kg,5711603088276,,,,284.20,56.97,2026-06-17T21:20:08
,reft1014-t1a-lenovo-thinkpad-t14-gen-2-14,MERGE,"T1A Lenovo ThinkPad T14 Gen 2 (14"")","<p>T1A Lenovo ThinkPad T14 Gen 2 (14"")</p>",Tier1Asset,GRADE A,"GRADE A, Tier1Asset, import-ohne-bild",MERGE,draft,FALSE,global,Electronics,REFT1014,492.99,,345.10,shopify,deny,73,TRUE,TRUE,2.380,kg,5711603097995,,,,345.10,69.18,2026-06-17T21:20:08
,refu0009-upcycle-it-lenovo-thinkcentre-m90q-tiny,MERGE,Upcycle IT Lenovo ThinkCentre M90q Tiny,<p>Upcycle IT Lenovo ThinkCentre M90q Tiny</p>,Upcycle IT,GRADE A,"GRADE A, Upcycle IT, import-ohne-bild",MERGE,draft,FALSE,global,Electronics,REFU0009,543.99,,380.63,shopify,deny,25,TRUE,TRUE,2.166,kg,5713552042200,,,,380.63,76.50,2026-06-17T21:20:08
,refu0013-upcycle-it-hp-elitebook-840-g8-14,MERGE,"Upcycle IT HP EliteBook 840 G8 (14"")","<p>Upcycle IT HP EliteBook 840 G8 (14"")</p>",Upcycle IT,GRADE A,"GRADE A, Upcycle IT, import-ohne-bild",MERGE,draft,FALSE,global,Electronics,REFU0013,529.99,,370.48,shopify,deny,28,TRUE,TRUE,2.220,kg,5713552043412,,,,370.48,74.89,2026-06-17T21:20:08
,sdxs0000-sandisk-sdssde61-2t00-g25-extreme-portable-2tb-ssd,MERGE,SanDisk SDSSDE61-2T00-G25 Extreme Portable 2TB SSD,<p>SanDisk SDSSDE61-2T00-G25 Extreme Portable 2TB SSD</p>,SanDisk,SATA,"SATA, SanDisk, import-ohne-bild",MERGE,draft,FALSE,global,Electronics > Computers > Computer Components > Storage Devices,SDXS0000,308.99,,216.00,shopify,deny,19,TRUE,TRUE,0.130,kg,0619659184674,,,,216.00,43.66,2026-06-17T21:20:08
,sdxs0015-sandisk-sdssde61-1t00-g25-extreme-portable-1tb-ssd,MERGE,SanDisk SDSSDE61-1T00-G25 Extreme Portable 1TB SSD,<p>SanDisk SDSSDE61-1T00-G25 Extreme Portable 1TB SSD</p>,SanDisk,SATA,"SATA, SanDisk, import-ohne-bild",MERGE,draft,FALSE,global,Electronics > Computers > Computer Components > Storage Devices,SDXS0015,199.99,,139.50,shopify,deny,84,TRUE,TRUE,0.123,kg,0619659182557,,,,139.50,28.56,2026-06-17T21:20:08
,sdxs0019-sandisk-sdssde61-4t00-g25-extreme-portable-4tb-ssd,MERGE,SanDisk SDSSDE61-4T00-G25 Extreme Portable 4TB SSD,<p>SanDisk SDSSDE61-4T00-G25 Extreme Portable 4TB SSD</p>,SanDisk,SATA,"SATA, SanDisk, import-ohne-bild",MERGE,draft,FALSE,global,Electronics > Computers > Computer Components > Storage Devices,SDXS0019,541.99,,379.51,shopify,deny,5,TRUE,TRUE,0.123,kg,0619659184704,,,,379.51,75.94,2026-06-17T21:20:08
,sdxs0023-sandisk-extreme-pro-portable-ssd-4tb-sdssde81-4t00-g25,MERGE,SanDisk Extreme Pro Portable SSD 4TB SDSSDE81-4T00-G25,<p>SanDisk Extreme Pro Portable SSD 4TB SDSSDE81-4T00-G25</p>,SanDisk,SATA,"SATA, SanDisk, import-ohne-bild",MERGE,draft,FALSE,global,Electronics > Computers > Computer Components > Storage Devices,SDXS0023,627.99,,439.51,shopify,deny,3,TRUE,TRUE,0.180,kg,0619659184735,,,,439.51,88.21,2026-06-17T21:20:08
,sdxs0028-sandisk-portable-sdssde30-1t00-g26-1tb-ssd-gen-2,MERGE,SanDisk Portable SDSSDE30-1T00-G26 1TB SSD Gen 2,<p>SanDisk Portable SDSSDE30-1T00-G26 1TB SSD Gen 2</p>,SanDisk,SATA,"SATA, SanDisk, import-ohne-bild",MERGE,draft,FALSE,global,Electronics > Computers > Computer Components > Storage Devices,SDXS0028,161.99,,113.01,shopify,deny,500,TRUE,TRUE,0.116,kg,0619659204877,,,,113.01,23.12,2026-06-17T21:20:08
,sdxs0032-samsung-portable-ssd-t9-2tb-black-mu-pg2t0b-eu,MERGE,Samsung Portable SSD T9 2TB Black  MU-PG2T0B/EU,<p>Samsung Portable SSD T9 2TB Black  MU-PG2T0B/EU</p>,Samsung,SATA,"SATA, Samsung, import-ohne-bild",MERGE,draft,FALSE,global,Electronics > Computers > Computer Components > Storage Devices,SDXS0032,421.99,,295.01,shopify,deny,32,TRUE,TRUE,0.328,kg,8806094914689,,,,295.01,59.60,2026-06-17T21:20:08
,sdxs0033-samsung-portable-2-tb-t5-evo-black-mu-ph2t0s-eu,MERGE,Samsung Portable 2 TB T5 EVO Black MU-PH2T0S/EU,<p>Samsung Portable 2 TB T5 EVO Black MU-PH2T0S/EU</p>,Samsung,SATA,"SATA, Samsung, import-ohne-bild",MERGE,draft,FALSE,global,Electronics > Computers > Computer Components > Storage Devices,SDXS0033,299.99,,209.51,shopify,deny,282,TRUE,TRUE,0.290,kg,8806094905403,,,,209.51,42.58,2026-06-17T21:20:08
,sdxs0034-samsung-portable-4-tb-t5-evo-black-mu-ph4t0s-eu,MERGE,Samsung Portable 4 TB T5 EVO Black MU-PH4T0S/EU,<p>Samsung Portable 4 TB T5 EVO Black MU-PH4T0S/EU</p>,Samsung,SATA,"SATA, Samsung, import-ohne-bild",MERGE,draft,FALSE,global,Electronics > Computers > Computer Components > Storage Devices,SDXS0034,489.99,,342.50,shopify,deny,204,TRUE,TRUE,0.290,kg,8806094905410,,,,342.50,69.26,2026-06-17T21:20:08
,sdxs1020-samsung-portable-ssd-mu-pc2t0h-ww-t7-2tb-blue,MERGE,Samsung Portable SSD MU-PC2T0H/WW T7 2TB Blue,<p>Samsung Portable SSD MU-PC2T0H/WW T7 2TB Blue</p>,Samsung,SATA,"SATA, Samsung, import-ohne-bild",MERGE,draft,FALSE,global,Electronics > Computers > Computer Components > Storage Devices,SDXS1020,342.99,,239.51,shopify,deny,142,TRUE,TRUE,0.315,kg,8806090312403,,,,239.51,48.72,2026-06-17T21:20:08
,sdxv0009-verbatim-metal-mini-ssd-1tb-usb-c-gen-2-32031,MERGE,Verbatim Metal Mini SSD 1TB USB-C Gen 2 32031,<p>Verbatim Metal Mini SSD 1TB USB-C Gen 2 32031</p>,Verbatim,SATA,"SATA, Verbatim, import-ohne-bild",MERGE,draft,FALSE,global,Electronics > Computers > Computer Components > Storage Devices,SDXV0009,227.99,,159.25,shopify,deny,39,TRUE,TRUE,0.145,kg,0023942320319,,,,159.25,32.34,2026-06-17T21:20:08
,shg0003-govee-glide-wall-light-4-1,MERGE,Govee - Glide Wall Light (4+1),<p>Govee - Glide Wall Light (4+1)</p>,Govee,CE,"CE, Govee, import-ohne-bild",MERGE,draft,FALSE,global,Electronics,SHG0003,47.99,,30.78,shopify,deny,500,TRUE,TRUE,1.093,kg,6974316994152,,,,30.78,9.55,2026-06-17T21:20:08
,shg0013-govee-glide-hexa-light-panels-5-stueck,MERGE,Govee - Glide Hexa Light Panels - 5 Stück,<p>Govee - Glide Hexa Light Panels - 5 Stück</p>,Govee,CE,"CE, Govee, import-ohne-bild",MERGE,draft,FALSE,global,Electronics,SHG0013,65.99,,42.19,shopify,deny,500,TRUE,TRUE,1.653,kg,6974316994251,,,,42.19,13.26,2026-06-17T21:20:08
,shg0017-govee-gaming-smart-light-bars,MERGE,Govee - Gaming Smart Light Bars,<p>Govee - Gaming Smart Light Bars</p>,Govee,CE,"CE, Govee, import-ohne-bild",MERGE,draft,FALSE,global,Electronics,SHG0017,50.99,,32.53,shopify,deny,276,TRUE,TRUE,1.637,kg,6974316994299,,,,32.53,10.32,2026-06-17T21:20:08
,shg0019-govee-neon-gaming-table-light-2m,MERGE,Govee - Neon Gaming Table Light - 2m,<p>Govee - Neon Gaming Table Light - 2m</p>,Govee,CE,"CE, Govee, import-ohne-bild",MERGE,draft,FALSE,global,Electronics,SHG0019,38.99,,24.20,shopify,deny,430,TRUE,TRUE,0.842,kg,6974316994305,,,,24.20,8.56,2026-06-17T21:20:08
,shg0020-govee-pc-monitor-pro-kit-for-27-34-inch-monitor,MERGE,Govee - PC Monitor Pro Kit for 27-34 inch Monitor,<p>Govee - PC Monitor Pro Kit for 27-34 inch Monitor</p>,Govee,CE,"CE, Govee, import-ohne-bild",MERGE,draft,FALSE,global,Electronics,SHG0020,56.99,,36.49,shopify,deny,342,TRUE,TRUE,1.368,kg,6974316994312,,,,36.49,11.40,2026-06-17T21:20:08
,shg0021-govee-smart-wifi-ble-light-bulb-1200lm,MERGE,Govee - Smart Wifi&BLE Light Bulb 1200lm,<p>Govee - Smart Wifi&BLE Light Bulb 1200lm</p>,Govee,CE,"CE, Govee, import-ohne-bild",MERGE,draft,FALSE,global,Electronics,SHG0021,21.99,,13.15,shopify,deny,500,TRUE,TRUE,0.239,kg,6974316992745,,,,13.15,5.33,2026-06-17T21:20:08
,shg0022-govee-20-x-clips-mounting-bracket-for-neon-led-strip-h61a1-profiles,MERGE,Govee - 20 x clips mounting bracket for neon LED strip H61A1 profiles*,<p>Govee - 20 x clips mounting bracket for neon LED strip H61A1 profiles*</p>,Govee,CE,"CE, Govee, import-ohne-bild",MERGE,draft,FALSE,global,Electronics,SHG0022,14.99,,7.19,shopify,deny,500,TRUE,TRUE,0.052,kg,6974316992295,,,,7.19,5.41,2026-06-17T21:20:08
,shg0023-govee-double-sided-tape-15pcs-for-rgbic-light-panels-h6061,MERGE,Govee - Double Sided Tape (15pcs) for RGBIC Light Panels H6061*,<p>Govee - Double Sided Tape (15pcs) for RGBIC Light Panels H6061*</p>,Govee,CE,"CE, Govee, import-ohne-bild",MERGE,draft,FALSE,global,Electronics,SHG0023,11.99,,4.54,shopify,deny,500,TRUE,TRUE,0.062,kg,6974316993070,,,,4.54,5.54,2026-06-17T21:20:08
,shg0024-govee-glide-hexa-light-panels-expansion-pack-2-panels-with-linking-cable,MERGE,Govee -Glide Hexa Light Panels Expansion Pack (2 Panels) with Linking Cables for Light Panels H6061*,<p>Govee -Glide Hexa Light Panels Expansion Pack (2 Panels) with Linking Cables for Light Panels H6061*</p>,Govee,CE,"CE, Govee, import-ohne-bild",MERGE,draft,FALSE,global,Electronics,SHG0024,31.99,,19.79,shopify,deny,500,TRUE,TRUE,0.528,kg,6974316994466,,,,19.79,7.09,2026-06-17T21:20:08
,shg0033-govee-led-strip-lights-matter-ready-5-meter,MERGE,Govee - LED Strip Lights Matter ready 5 Meter*,<p>Govee - LED Strip Lights Matter ready 5 Meter*</p>,Govee,CE,"CE, Govee, import-ohne-bild",MERGE,draft,FALSE,global,Electronics,SHG0033,36.99,,22.88,shopify,deny,500,TRUE,TRUE,0.569,kg,6974316999911,,,,22.88,8.20,2026-06-17T21:20:08
,shg0038-govee-smart-wifi-ble-light-bulb-800lm,MERGE,Govee - Smart Wifi&BLE Light Bulb 800lm,<p>Govee - Smart Wifi&BLE Light Bulb 800lm</p>,Govee,CE,"CE, Govee, import-ohne-bild",MERGE,draft,FALSE,global,Electronics,SHG0038,12.99,,5.63,shopify,deny,500,TRUE,TRUE,0.119,kg,6974316999034,,,,5.63,5.29,2026-06-17T21:20:08
,shg0042-govee-netflix-envisual-tv-backlight-55-65-inch,MERGE,Govee - Netflix Envisual TV Backlight 55~65 inch*,<p>Govee - Netflix Envisual TV Backlight 55~65 inch*</p>,Govee,CE,"CE, Govee, import-ohne-bild",MERGE,draft,FALSE,global,Electronics,SHG0042,75.99,,48.64,shopify,deny,19,TRUE,TRUE,0.869,kg,6974316999874,,,,48.64,15.22,2026-06-17T21:20:08
,shg0043-govee-netflix-wifi-bluetooth-curtain-lighting,MERGE,Govee - Netflix WIFI & Bluetooth Curtain Lighting,<p>Govee - Netflix WIFI & Bluetooth Curtain Lighting</p>,Govee,CE,"CE, Govee, import-ohne-bild",MERGE,draft,FALSE,global,Electronics,SHG0043,88.99,,62.18,shopify,deny,1,TRUE,TRUE,1.438,kg,6974316999881,,,,62.18,12.60,2026-06-17T21:20:08
,shg0044-govee-govee-gaming-wall-light,MERGE,Govee - Govee Gaming Wall light*,<p>Govee - Govee Gaming Wall light*</p>,Govee,CE,"CE, Govee, import-ohne-bild",MERGE,draft,FALSE,global,Electronics,SHG0044,103.99,,72.52,shopify,deny,110,TRUE,TRUE,2.431,kg,6974316999997,,,,72.52,14.87,2026-06-17T21:20:08
,shg0052-govee-neon-rope-light-2-bracket-20-pcs-white,MERGE,Govee - Neon Rope Light 2 Bracket - 20 pcs- White*,<p>Govee - Neon Rope Light 2 Bracket - 20 pcs- White*</p>,Govee,CE,"CE, Govee, import-ohne-bild",MERGE,draft,FALSE,global,Electronics,SHG0052,11.99,,4.97,shopify,deny,500,TRUE,TRUE,0.046,kg,6974316999386,,,,4.97,5.11,2026-06-17T21:20:08
,shg0053-govee-neon-rope-light-2-clips-5-pcs-white,MERGE,Govee - Neon Rope Light 2 Clips - 5 pcs - White*,<p>Govee - Neon Rope Light 2 Clips - 5 pcs - White*</p>,Govee,CE,"CE, Govee, import-ohne-bild",MERGE,draft,FALSE,global,Electronics,SHG0053,11.99,,4.97,shopify,deny,416,TRUE,TRUE,0.053,kg,6974316999393,,,,4.97,5.11,2026-06-17T21:20:08
,shg0054-govee-neon-rope-light-2-bracket-20-pcs-black,MERGE,Govee - Neon Rope Light 2 Bracket  - 20 pcs- Black*,<p>Govee - Neon Rope Light 2 Bracket  - 20 pcs- Black*</p>,Govee,CE,"CE, Govee, import-ohne-bild",MERGE,draft,FALSE,global,Electronics,SHG0054,11.99,,4.97,shopify,deny,107,TRUE,TRUE,0.048,kg,6974316999409,,,,4.97,5.11,2026-06-17T21:20:08
,shg0055-govee-neon-rope-light-2-clips-5-pcs-black,MERGE,Govee - Neon Rope Light 2 Clips - 5 pcs - Black *,<p>Govee - Neon Rope Light 2 Clips - 5 pcs - Black *</p>,Govee,CE,"CE, Govee, import-ohne-bild",MERGE,draft,FALSE,global,Electronics,SHG0055,11.99,,4.97,shopify,deny,189,TRUE,TRUE,0.053,kg,6974316999416,,,,4.97,5.11,2026-06-17T21:20:08
,shg0057-govee-rgbic-rgbic-tv-light-bars-for-45-70-inch-tvs,MERGE,Govee - RGBIC RGBIC TV Light Bars for 45-70 inch TVs*,<p>Govee - RGBIC RGBIC TV Light Bars for 45-70 inch TVs*</p>,Govee,CE,"CE, Govee, import-ohne-bild",MERGE,draft,FALSE,global,Electronics,SHG0057,57.99,,37.35,shopify,deny,368,TRUE,TRUE,1.169,kg,6974316995098,,,,37.35,11.38,2026-06-17T21:20:08
,shg0067-govee-rgbicww-outdoor-spotlights,MERGE,Govee RGBICWW Outdoor Spotlights,<p>Govee RGBICWW Outdoor Spotlights</p>,Govee,CE,"CE, Govee, import-ohne-bild",MERGE,draft,FALSE,global,Electronics,SHG0067,78.99,,54.71,shopify,deny,97,TRUE,TRUE,2.080,kg,6974316993353,,,,54.71,11.67,2026-06-17T21:20:08
,shg0074-govee-smart-wireless-meat-thermometer-2-probe,MERGE,Govee Smart Wireless Meat Thermometer (2-Probe),<p>Govee Smart Wireless Meat Thermometer (2-Probe)</p>,Govee,CE,"CE, Govee, import-ohne-bild",MERGE,draft,FALSE,global,Electronics,SHG0074,78.99,,54.81,shopify,deny,500,TRUE,TRUE,0.498,kg,6974316996798,,,,54.81,11.57,2026-06-17T21:20:08
,shg0078-govee-rgbww-smart-led-bulb-2packs-e14,MERGE,Govee RGBWW Smart LED Bulb (2Packs) E14,<p>Govee RGBWW Smart LED Bulb (2Packs) E14</p>,Govee,CE,"CE, Govee, import-ohne-bild",MERGE,draft,FALSE,global,Electronics,SHG0078,18.99,,10.35,shopify,deny,183,TRUE,TRUE,0.214,kg,6974316993360,,,,10.35,5.61,2026-06-17T21:20:08
,shg0091-govee-string-lights-2s-20m,MERGE,Govee - String Lights 2S - 20M,<p>Govee - String Lights 2S - 20M</p>,Govee,CE,"CE, Govee, import-ohne-bild",MERGE,draft,FALSE,global,Electronics,SHG0091,72.99,,50.65,shopify,deny,2,TRUE,TRUE,1.200,kg,6974316990642,,,,50.65,10.69,2026-06-17T21:20:08
,shg0094-govee-led-christmas-light-20-meter,MERGE,Govee - LED Christmas Light 20 Meter,<p>Govee - LED Christmas Light 20 Meter</p>,Govee,CE,"CE, Govee, import-ohne-bild",MERGE,draft,FALSE,global,Electronics,SHG0094,72.99,,50.65,shopify,deny,489,TRUE,TRUE,1.279,kg,6974316995784,,,,50.65,10.69,2026-06-17T21:20:08
,shg0098-govee-three-camera-tv-backlight-55-65inches,MERGE,Govee Three-camera TV Backlight 55-65inches,<p>Govee Three-camera TV Backlight 55-65inches</p>,Govee,CE,"CE, Govee, import-ohne-bild",MERGE,draft,FALSE,global,Electronics,SHG0098,160.99,,112.56,shopify,deny,1,TRUE,TRUE,1.358,kg,6974316993100,,,,112.56,22.73,2026-06-17T21:20:08
,shg0099-govee-three-camera-tv-backlight-75-85inches,MERGE,Govee Three-camera TV Backlight 75-85inches,<p>Govee Three-camera TV Backlight 75-85inches</p>,Govee,CE,"CE, Govee, import-ohne-bild",MERGE,draft,FALSE,global,Electronics,SHG0099,176.99,,123.73,shopify,deny,14,TRUE,TRUE,1.480,kg,6974316993117,,,,123.73,25.00,2026-06-17T21:20:08
,shp0012-philips-hue-bloom-gen4-eu-uk-black,MERGE,Philips Hue Bloom gen4 EU/UK black,<p>Philips Hue Bloom gen4 EU/UK black</p>,Philips,CE,"CE, Philips, import-ohne-bild",MERGE,draft,FALSE,global,Electronics,SHP0012,71.99,,50.24,shopify,deny,7,TRUE,TRUE,0.825,kg,8718699771126,,,,50.24,10.26,2026-06-17T21:20:08
,shp0016-philips-hue-gradient-lightstrip-ext-eu,MERGE,Philips Hue gradient lightstrip ext EU,<p>Philips Hue gradient lightstrip ext EU</p>,Philips,CE,"CE, Philips, import-ohne-bild",MERGE,draft,FALSE,global,Electronics,SHP0016,57.99,,37.25,shopify,deny,1,TRUE,TRUE,0.206,kg,8719514339989,,,,37.25,11.48,2026-06-17T21:20:08
,shp0050-philips-hue-white-and-color-ambiance-tischlampe-led-klasse-g,MERGE,Philips Hue - White and Color Ambiance - Tischlampe - LED - Klasse G,<p>Philips Hue - White and Color Ambiance - Tischlampe - LED - Klasse G</p>,Philips,CE,"CE, Philips, import-ohne-bild",MERGE,draft,FALSE,global,Electronics,SHP0050,139.99,,97.44,shopify,deny,18,TRUE,TRUE,1.852,kg,8719514404595,,,,97.44,20.20,2026-06-17T21:20:08
,shp0072-philips-hue-white-ambiance-led-spot-gluehbirne-gu10-4-2-w-klasse-e-warmw,MERGE,Philips Hue White ambiance - LED-Spot-Glühbirne - GU10 - 4.2 W - Klasse E - warmweißes bis kaltweiß,<p>Philips Hue White ambiance - LED-Spot-Glühbirne - GU10 - 4.2 W - Klasse E - warmweißes bis kaltweiß</p>,Philips,CE,"CE, Philips, import-ohne-bild",MERGE,draft,FALSE,global,Electronics,SHP0072,47.99,,30.96,shopify,deny,4,TRUE,TRUE,0.150,kg,8720169230033,,,,30.96,9.37,2026-06-17T21:20:08
,shp0126-philips-hue-white-ambiance-led-lampe-form-b39-e14-4-w-entsprechung-25-w,MERGE,Philips Hue White ambiance - LED-Lampe - Form: B39 - E14 - 4 W (Entsprechung 25 W),<p>Philips Hue White ambiance - LED-Lampe - Form: B39 - E14 - 4 W (Entsprechung 25 W)</p>,Philips,CE,"CE, Philips, import-ohne-bild",MERGE,draft,FALSE,global,Electronics,SHP0126,62.99,,40.60,shopify,deny,2,TRUE,TRUE,0.148,kg,8719514356733,,,,40.60,12.33,2026-06-17T21:20:08
,shp0127-philips-hue-white-and-colour-ambiance-led-lampe-form-b39-e14-4-w-entspre,MERGE,Philips Hue White and Colour Ambiance - LED-Lampe - Form: B39 - E14 - 4 W (Entsprechung 25 W),<p>Philips Hue White and Colour Ambiance - LED-Lampe - Form: B39 - E14 - 4 W (Entsprechung 25 W)</p>,Philips,CE,"CE, Philips, import-ohne-bild",MERGE,draft,FALSE,global,Electronics,SHP0127,70.99,,45.68,shopify,deny,4,TRUE,TRUE,0.116,kg,8719514356610,,,,45.68,13.98,2026-06-17T21:20:08
,shp0130-philips-hue-white-and-color-ambiance-led-lampe-form-b39-e14-4-w-entsprec,MERGE,Philips Hue White and Color Ambiance - LED-Lampe - Form: B39 - E14 - 4 W (Entsprechung 25 W),<p>Philips Hue White and Color Ambiance - LED-Lampe - Form: B39 - E14 - 4 W (Entsprechung 25 W)</p>,Philips,CE,"CE, Philips, import-ohne-bild",MERGE,draft,FALSE,global,Electronics,SHP0130,110.99,,77.14,shopify,deny,5,TRUE,TRUE,0.140,kg,8719514356719,,,,77.14,16.13,2026-06-17T21:20:08
,shp0131-philips-hue-white-led-lampe-form-p45-e14-5-7-w-entsprechung-40-w,MERGE,Philips Hue White - LED-Lampe - Form: P45 - E14 - 5.7 W (Entsprechung 40 W),<p>Philips Hue White - LED-Lampe - Form: P45 - E14 - 5.7 W (Entsprechung 40 W)</p>,Philips,CE,"CE, Philips, import-ohne-bild",MERGE,draft,FALSE,global,Electronics,SHP0131,44.99,,28.93,shopify,deny,3,TRUE,TRUE,0.140,kg,8719514356771,,,,28.93,8.88,2026-06-17T21:20:08
,shp0147-philips-hue-white-and-color-ambiance-play-extension,MERGE,Philips Hue White and Color Ambiance Play extension,<p>Philips Hue White and Color Ambiance Play extension</p>,Philips,CE,"CE, Philips, import-ohne-bild",MERGE,draft,FALSE,global,Electronics,SHP0147,70.99,,45.68,shopify,deny,3,TRUE,TRUE,0.546,kg,8718696170809,,,,45.68,13.98,2026-06-17T21:20:08
,sofm0091-microsoft-365-family-abonnement-lizenz-1-jahr-digital-key,MERGE,Microsoft 365 Family - Abonnement-Lizenz (1 Jahr) - Digital Key,<p>Microsoft 365 Family - Abonnement-Lizenz (1 Jahr) - Digital Key</p>,Microsoft,MICROSOFT,"MICROSOFT, Microsoft, import-ohne-bild",MERGE,draft,FALSE,global,Electronics > Computers > Input Devices,SOFM0091,110.99,,77.14,shopify,deny,39,TRUE,TRUE,0.000,kg,,,,,77.14,16.13,2026-06-17T21:20:08
,sofm0092-microsoft-365-single-abonnement-lizenz-1-jahr-digital-key,MERGE,Microsoft 365 Single - Abonnement-Lizenz (1 Jahr) - Digital Key,<p>Microsoft 365 Single - Abonnement-Lizenz (1 Jahr) - Digital Key</p>,Microsoft,MICROSOFT,"MICROSOFT, Microsoft, import-ohne-bild",MERGE,draft,FALSE,global,Electronics > Computers > Input Devices,SOFM0092,82.99,,57.86,shopify,deny,314,TRUE,TRUE,0.000,kg,4255809918346,,,,57.86,11.88,2026-06-17T21:20:08
,sofn0001-norton-360-for-gamers,MERGE,Norton 360 for Gamers,<p>Norton 360 for Gamers</p>,Norton,,"Norton, import-ohne-bild",MERGE,draft,FALSE,global,Electronics,SOFN0001,11.99,,4.90,shopify,deny,500,TRUE,TRUE,0.005,kg,5397231022495,,,,4.90,5.18,2026-06-17T21:20:08
,ssdc0070-hdssd-2-5-500-gb-crucial-bx500-box,MERGE,"HDSSD 2.5"" 500 GB Crucial BX500 Box","<p>HDSSD 2.5"" 500 GB Crucial BX500 Box</p>",Crucial,SSD,"SSD, Crucial, import-ohne-bild",MERGE,draft,FALSE,global,Electronics > Computers > Computer Components > Storage Devices,SSDC0070,107.99,,75.11,shopify,deny,13,TRUE,TRUE,0.081,kg,0649528929693,,,,75.11,15.64,2026-06-17T21:20:08
,ssdc0078-crucial-p310-gen4-2280-2tb-nvme-pcie-m-2-ssd-mit-heatsink,MERGE,Crucial P310 Gen4 2280 2TB NVMe PCIe M.2 SSD mit heatsink,<p>Crucial P310 Gen4 2280 2TB NVMe PCIe M.2 SSD mit heatsink</p>,Crucial,SSD,"SSD, Crucial, import-ohne-bild",MERGE,draft,FALSE,global,Electronics > Computers > Computer Components > Storage Devices,SSDC0078,272.99,,190.72,shopify,deny,15,TRUE,TRUE,0.070,kg,0649528944771,,,,190.72,38.68,2026-06-17T21:20:08
,ssdk0018-hdssd-2-5-sa400s37-960g-kingston-ssd-960gb-a400,MERGE,"HDSSD 2.5"" SA400S37/960G Kingston SSD 960GB A400","<p>HDSSD 2.5"" SA400S37/960G Kingston SSD 960GB A400</p>",Kingston,SSD,"SSD, Kingston, import-ohne-bild",MERGE,draft,FALSE,global,Electronics > Computers > Computer Components > Storage Devices,SSDK0018,156.99,,109.51,shopify,deny,27,TRUE,TRUE,0.053,kg,0740617277357,,,,109.51,22.41,2026-06-17T21:20:08
,ssdk1002-hdssd-2-5-480gb-kioxia-exceria-sata-6gbit-s,MERGE,"HDSSD 2,5"" 480GB Kioxia Exceria SATA 6Gbit/s","<p>HDSSD 2,5"" 480GB Kioxia Exceria SATA 6Gbit/s</p>",Kioxia,SSD,"SSD, Kioxia, import-ohne-bild",MERGE,draft,FALSE,global,Electronics > Computers > Computer Components > Storage Devices,SSDK1002,101.99,,71.12,shopify,deny,133,TRUE,TRUE,0.116,kg,4582563851856,,,,71.12,14.59,2026-06-17T21:20:08
,ssdk1003-hdssd-2-5-960gb-kioxia-exceria-sata-6gbit-s,MERGE,"HDSSD 2,5"" 960GB Kioxia Exceria SATA 6Gbit/s","<p>HDSSD 2,5"" 960GB Kioxia Exceria SATA 6Gbit/s</p>",Kioxia,SSD,"SSD, Kioxia, import-ohne-bild",MERGE,draft,FALSE,global,Electronics > Computers > Computer Components > Storage Devices,SSDK1003,166.99,,116.38,shopify,deny,2,TRUE,TRUE,0.115,kg,4582563851863,,,,116.38,23.95,2026-06-17T21:20:08
,ssdk1016-ssd-m-2-2280-kioxia-exceria-plus-g3-nvme-1tb,MERGE,SSD M.2 (2280) Kioxia Exceria Plus G3 NVMe 1TB,<p>SSD M.2 (2280) Kioxia Exceria Plus G3 NVMe 1TB</p>,Kioxia,SSD,"SSD, Kioxia, import-ohne-bild",MERGE,draft,FALSE,global,Electronics > Computers > Computer Components > Storage Devices,SSDK1016,196.99,,137.94,shopify,deny,40,TRUE,TRUE,0.060,kg,4582563857872,,,,137.94,27.60,2026-06-17T21:20:08
,ssdk1017-ssd-m-2-2280-kioxia-exceria-plus-g3-nvme-2tb,MERGE,SSD M.2 (2280) Kioxia Exceria Plus G3 NVMe 2TB,<p>SSD M.2 (2280) Kioxia Exceria Plus G3 NVMe 2TB</p>,Kioxia,SSD,"SSD, Kioxia, import-ohne-bild",MERGE,draft,FALSE,global,Electronics > Computers > Computer Components > Storage Devices,SSDK1017,270.99,,189.23,shopify,deny,71,TRUE,TRUE,0.055,kg,4582563857889,,,,189.23,38.49,2026-06-17T21:20:08
,ssdk1023-ssd-m-2-2280-kioxia-exceria-plus-g4-nvme-1tb,MERGE,SSD M.2 (2280) Kioxia Exceria Plus G4 NVMe 1TB,<p>SSD M.2 (2280) Kioxia Exceria Plus G4 NVMe 1TB</p>,Kioxia,SSD,"SSD, Kioxia, import-ohne-bild",MERGE,draft,FALSE,global,Electronics > Computers > Computer Components > Storage Devices,SSDK1023,210.99,,147.41,shopify,deny,33,TRUE,TRUE,0.056,kg,4582563859975,,,,147.41,29.89,2026-06-17T21:20:08
,ssdk1024-ssd-m-2-2280-kioxia-exceria-plus-g4-nvme-2tb,MERGE,SSD M.2 (2280) Kioxia Exceria Plus G4 NVMe 2TB,<p>SSD M.2 (2280) Kioxia Exceria Plus G4 NVMe 2TB</p>,Kioxia,SSD,"SSD, Kioxia, import-ohne-bild",MERGE,draft,FALSE,global,Electronics > Computers > Computer Components > Storage Devices,SSDK1024,279.99,,195.69,shopify,deny,112,TRUE,TRUE,0.057,kg,4582563859982,,,,195.69,39.60,2026-06-17T21:20:08
,ssdk1028-ssd-kioxia-exceria-plus-g2-portable-2tb-usb-3-2,MERGE,SSD Kioxia Exceria Plus G2 Portable 2TB USB 3.2,<p>SSD Kioxia Exceria Plus G2 Portable 2TB USB 3.2</p>,Kioxia,SSD,"SSD, Kioxia, import-ohne-bild",MERGE,draft,FALSE,global,Electronics > Computers > Computer Components > Storage Devices,SSDK1028,318.99,,223.27,shopify,deny,55,TRUE,TRUE,0.158,kg,4582563859630,,,,223.27,44.79,2026-06-17T21:20:08
,ssdk1029-ssd-m-2-2280-kioxia-exceria-basic-nvme-1tb,MERGE,SSD M.2 (2280) Kioxia Exceria Basic NVMe 1TB,<p>SSD M.2 (2280) Kioxia Exceria Basic NVMe 1TB</p>,Kioxia,SSD,"SSD, Kioxia, import-ohne-bild",MERGE,draft,FALSE,global,Electronics > Computers > Computer Components > Storage Devices,SSDK1029,178.99,,125.01,shopify,deny,226,TRUE,TRUE,0.051,kg,4582761161108,,,,125.01,25.40,2026-06-17T21:20:08
,ssdk1030-ssd-m-2-2280-kioxia-exceria-basic-nvme-2tb,MERGE,SSD M.2 (2280) Kioxia Exceria Basic NVMe 2TB,<p>SSD M.2 (2280) Kioxia Exceria Basic NVMe 2TB</p>,Kioxia,SSD,"SSD, Kioxia, import-ohne-bild",MERGE,draft,FALSE,global,Electronics > Computers > Computer Components > Storage Devices,SSDK1030,269.99,,188.79,shopify,deny,500,TRUE,TRUE,0.051,kg,4582761161115,,,,188.79,38.09,2026-06-17T21:20:08
,ssdk1033-ssd-kioxia-exceria-g3-1tb-pcie5-0-nvme,MERGE,SSD Kioxia Exceria G3 1TB (PCIe5.0/NVMe),<p>SSD Kioxia Exceria G3 1TB (PCIe5.0/NVMe)</p>,Kioxia,SSD,"SSD, Kioxia, import-ohne-bild",MERGE,draft,FALSE,global,Electronics > Computers > Computer Components > Storage Devices,SSDK1033,195.99,,137.07,shopify,deny,123,TRUE,TRUE,0.051,kg,4582761161504,,,,137.07,27.63,2026-06-17T21:20:08
,ssdk1034-ssd-kioxia-exceria-g3-2tb-pcie5-0-nvme,MERGE,SSD Kioxia Exceria G3 2TB (PCIe5.0/NVMe),<p>SSD Kioxia Exceria G3 2TB (PCIe5.0/NVMe)</p>,Kioxia,SSD,"SSD, Kioxia, import-ohne-bild",MERGE,draft,FALSE,global,Electronics > Computers > Computer Components > Storage Devices,SSDK1034,284.99,,198.97,shopify,deny,137,TRUE,TRUE,0.051,kg,4582761161511,,,,198.97,40.52,2026-06-17T21:20:08
,ssdk1035-ssd-kioxia-exceria-pro-g2-1tb-pcie5-0-nvme,MERGE,SSD Kioxia Exceria Pro G2 1TB (PCIe5.0/NVMe),<p>SSD Kioxia Exceria Pro G2 1TB (PCIe5.0/NVMe)</p>,Kioxia,SSD,"SSD, Kioxia, import-ohne-bild",MERGE,draft,FALSE,global,Electronics > Computers > Computer Components > Storage Devices,SSDK1035,237.99,,166.38,shopify,deny,118,TRUE,TRUE,0.060,kg,4582761160286,,,,166.38,33.61,2026-06-17T21:20:08
,ssdk1036-ssd-kioxia-exceria-pro-g2-2tb-pcie5-0-nvme,MERGE,SSD Kioxia Exceria Pro G2 2TB (PCIe5.0/NVMe),<p>SSD Kioxia Exceria Pro G2 2TB (PCIe5.0/NVMe)</p>,Kioxia,SSD,"SSD, Kioxia, import-ohne-bild",MERGE,draft,FALSE,global,Electronics > Computers > Computer Components > Storage Devices,SSDK1036,397.99,,278.46,shopify,deny,32,TRUE,TRUE,0.060,kg,4582761160293,,,,278.46,55.99,2026-06-17T21:20:08
,ssdl0010-ssd-m-2-lexar-nm620-256gb-nvme-pcie-gen-3,MERGE,SSD M.2 Lexar NM620 256GB NVME PCIe Gen. 3,<p>SSD M.2 Lexar NM620 256GB NVME PCIe Gen. 3</p>,Lexar,SSD,"SSD, Lexar, import-ohne-bild",MERGE,draft,FALSE,global,Electronics > Computers > Computer Components > Storage Devices,SSDL0010,87.99,,61.12,shopify,deny,22,TRUE,TRUE,0.057,kg,0843367123148,,,,61.12,12.82,2026-06-17T21:20:08
,ssdl0011-ssd-m-2-lexar-nm620-512gb-nvme-pcie-gen-3,MERGE,SSD M.2 Lexar NM620 512GB NVME PCIe Gen. 3,<p>SSD M.2 Lexar NM620 512GB NVME PCIe Gen. 3</p>,Lexar,SSD,"SSD, Lexar, import-ohne-bild",MERGE,draft,FALSE,global,Electronics > Computers > Computer Components > Storage Devices,SSDL0011,123.99,,86.63,shopify,deny,43,TRUE,TRUE,0.066,kg,0843367123155,,,,86.63,17.56,2026-06-17T21:20:08
,ssdl0012-ssd-m-2-lexar-nm620-1tb-nvme-pcie-gen-3,MERGE,SSD M.2 Lexar NM620 1TB NVME PCIe Gen. 3,<p>SSD M.2 Lexar NM620 1TB NVME PCIe Gen. 3</p>,Lexar,SSD,"SSD, Lexar, import-ohne-bild",MERGE,draft,FALSE,global,Electronics > Computers > Computer Components > Storage Devices,SSDL0012,163.99,,114.22,shopify,deny,81,TRUE,TRUE,0.070,kg,0843367123162,,,,114.22,23.59,2026-06-17T21:20:08
,ssdl0022-lexar-2tb-high-speed-nm620-pcie-gen3-with-4,MERGE,Lexar 2TB High Speed NM620 PCIe Gen3 with 4,<p>Lexar 2TB High Speed NM620 PCIe Gen3 with 4</p>,Lexar,SSD,"SSD, Lexar, import-ohne-bild",MERGE,draft,FALSE,global,Electronics > Computers > Computer Components > Storage Devices,SSDL0022,307.99,,215.53,shopify,deny,7,TRUE,TRUE,0.048,kg,0843367123179,,,,215.53,43.29,2026-06-17T21:20:08
,ssdl0024-ssd-m-2-lexar-1tb-nm710-pcie-gen4x4-nvme,MERGE,SSD M.2 Lexar 1TB NM710 PCIe Gen4x4 NVMe,<p>SSD M.2 Lexar 1TB NM710 PCIe Gen4x4 NVMe</p>,Lexar,SSD,"SSD, Lexar, import-ohne-bild",MERGE,draft,FALSE,global,Electronics > Computers > Computer Components > Storage Devices,SSDL0024,167.99,,117.51,shopify,deny,6,TRUE,TRUE,0.066,kg,0843367129706,,,,117.51,23.66,2026-06-17T21:20:08
,ssdl0031-ssd-m-2-lexar-1tb-pcie-gen-4x4-nm790-nvme,MERGE,SSD M.2 Lexar 1TB PCIe Gen 4X4 NM790 NVMe,<p>SSD M.2 Lexar 1TB PCIe Gen 4X4 NM790 NVMe</p>,Lexar,SSD,"SSD, Lexar, import-ohne-bild",MERGE,draft,FALSE,global,Electronics > Computers > Computer Components > Storage Devices,SSDL0031,193.99,,135.34,shopify,deny,479,TRUE,TRUE,0.068,kg,0843367130283,,,,135.34,27.68,2026-06-17T21:20:08
,ssdl0032-ssd-m-2-lexar-2tb-pcie-gen-4x4-nm790-nvme,MERGE,SSD M.2 Lexar 2TB PCIe Gen 4X4 NM790 NVMe,<p>SSD M.2 Lexar 2TB PCIe Gen 4X4 NM790 NVMe</p>,Lexar,SSD,"SSD, Lexar, import-ohne-bild",MERGE,draft,FALSE,global,Electronics > Computers > Computer Components > Storage Devices,SSDL0032,261.99,,183.19,shopify,deny,158,TRUE,TRUE,0.066,kg,0843367130290,,,,183.19,36.97,2026-06-17T21:20:08
,ssdl0040-ssd-m-2-lexar-1tb-pcie-gen-4x4-nq790-nvme,MERGE,SSD M.2 Lexar 1TB PCIe Gen 4X4 NQ790 NVMe,<p>SSD M.2 Lexar 1TB PCIe Gen 4X4 NQ790 NVMe</p>,Lexar,SSD,"SSD, Lexar, import-ohne-bild",MERGE,draft,FALSE,global,Electronics > Computers > Computer Components > Storage Devices,SSDL0040,164.99,,114.90,shopify,deny,30,TRUE,TRUE,0.068,kg,0843367132218,,,,114.90,23.75,2026-06-17T21:20:08
,ssdl0041-ssd-m-2-lexar-2tb-pcie-gen-4x4-nq790-nvme,MERGE,SSD M.2 Lexar 2TB PCIe Gen 4X4 NQ790 NVMe,<p>SSD M.2 Lexar 2TB PCIe Gen 4X4 NQ790 NVMe</p>,Lexar,SSD,"SSD, Lexar, import-ohne-bild",MERGE,draft,FALSE,global,Electronics > Computers > Computer Components > Storage Devices,SSDL0041,256.99,,179.31,shopify,deny,317,TRUE,TRUE,0.069,kg,0843367132225,,,,179.31,36.65,2026-06-17T21:20:08
,ssdl0042-ssd-m-2-lexar-4tb-pcie-gen-4x4-nq790-nvme,MERGE,SSD M.2 Lexar 4TB PCIe Gen 4X4 NQ790 NVMe,<p>SSD M.2 Lexar 4TB PCIe Gen 4X4 NQ790 NVMe</p>,Lexar,SSD,"SSD, Lexar, import-ohne-bild",MERGE,draft,FALSE,global,Electronics > Computers > Computer Components > Storage Devices,SSDL0042,424.99,,297.42,shopify,deny,22,TRUE,TRUE,0.069,kg,0843367132232,,,,297.42,59.71,2026-06-17T21:20:08
,ssdl0044-ssd-m-2-lexar-1tb-pcie-gen-5-nm1090-pro-nvme,MERGE,SSD M.2 Lexar 1TB PCIe Gen 5 NM1090 Pro NVMe,<p>SSD M.2 Lexar 1TB PCIe Gen 5 NM1090 Pro NVMe</p>,Lexar,SSD,"SSD, Lexar, import-ohne-bild",MERGE,draft,FALSE,global,Electronics > Computers > Computer Components > Storage Devices,SSDL0044,225.99,,157.76,shopify,deny,21,TRUE,TRUE,0.061,kg,0843367136780,,,,157.76,32.15,2026-06-17T21:20:08
,ssdl0045-ssd-m-2-lexar-2tb-pcie-gen-5-nm1090-pro-nvme,MERGE,SSD M.2 Lexar 2TB PCIe Gen 5 NM1090 Pro NVMe,<p>SSD M.2 Lexar 2TB PCIe Gen 5 NM1090 Pro NVMe</p>,Lexar,SSD,"SSD, Lexar, import-ohne-bild",MERGE,draft,FALSE,global,Electronics > Computers > Computer Components > Storage Devices,SSDL0045,360.99,,252.16,shopify,deny,5,TRUE,TRUE,0.061,kg,0843367136797,,,,252.16,51.19,2026-06-17T21:20:08
,ssdl0046-ssd-m-2-lexar-4tb-pcie-gen-5-nm1090-pro-nvme,MERGE,SSD M.2 Lexar 4TB PCIe Gen 5 NM1090 Pro NVMe,<p>SSD M.2 Lexar 4TB PCIe Gen 5 NM1090 Pro NVMe</p>,Lexar,SSD,"SSD, Lexar, import-ohne-bild",MERGE,draft,FALSE,global,Electronics > Computers > Computer Components > Storage Devices,SSDL0046,693.99,,485.34,shopify,deny,2,TRUE,TRUE,0.060,kg,0843367136803,,,,485.34,97.84,2026-06-17T21:20:08
,ssdl0047-ssd-m-2-lexar-1tb-pcie-gen-5-nm990-nvme,MERGE,SSD M.2 Lexar 1TB PCIe Gen 5 NM990 NVMe,<p>SSD M.2 Lexar 1TB PCIe Gen 5 NM990 NVMe</p>,Lexar,SSD,"SSD, Lexar, import-ohne-bild",MERGE,draft,FALSE,global,Electronics > Computers > Computer Components > Storage Devices,SSDL0047,215.99,,150.78,shopify,deny,25,TRUE,TRUE,0.068,kg,0843367136841,,,,150.78,30.72,2026-06-17T21:20:08
,ssdl0048-ssd-m-2-lexar-2tb-pcie-gen-5-nm990-nvme,MERGE,SSD M.2 Lexar 2TB PCIe Gen 5 NM990 NVMe,<p>SSD M.2 Lexar 2TB PCIe Gen 5 NM990 NVMe</p>,Lexar,SSD,"SSD, Lexar, import-ohne-bild",MERGE,draft,FALSE,global,Electronics > Computers > Computer Components > Storage Devices,SSDL0048,353.99,,247.42,shopify,deny,2,TRUE,TRUE,0.067,kg,0843367136858,,,,247.42,50.05,2026-06-17T21:20:08
,ssdl0050-ssd-m-2-lexar-1tb-pcie-gen-4x4-nq780-nvme,MERGE,SSD M.2 Lexar 1TB PCIe Gen 4X4 NQ780 NVMe,<p>SSD M.2 Lexar 1TB PCIe Gen 4X4 NQ780 NVMe</p>,Lexar,SSD,"SSD, Lexar, import-ohne-bild",MERGE,draft,FALSE,global,Electronics > Computers > Computer Components > Storage Devices,SSDL0050,178.99,,125.01,shopify,deny,149,TRUE,TRUE,0.066,kg,843367137008,,,,125.01,25.40,2026-06-17T21:20:08
,ssds0095-hdssd-2-5-sata-250gb-samsung-870-evo-basic,MERGE,HDSSD 2.5 (Sata) 250GB Samsung 870 EVO Basic,<p>HDSSD 2.5 (Sata) 250GB Samsung 870 EVO Basic</p>,Samsung,SSD,"SSD, Samsung, import-ohne-bild",MERGE,draft,FALSE,global,Electronics > Computers > Computer Components > Storage Devices,SSDS0095,154.99,,107.90,shopify,deny,40,TRUE,TRUE,0.128,kg,8806090545931,,,,107.90,22.34,2026-06-17T21:20:08
,ssds0096-hdssd-2-5-sata-500gb-samsung-870-evo-basic,MERGE,HDSSD 2.5 (Sata) 500GB Samsung 870 EVO Basic,<p>HDSSD 2.5 (Sata) 500GB Samsung 870 EVO Basic</p>,Samsung,SSD,"SSD, Samsung, import-ohne-bild",MERGE,draft,FALSE,global,Electronics > Computers > Computer Components > Storage Devices,SSDS0096,221.99,,154.90,shopify,deny,15,TRUE,TRUE,0.125,kg,8806090545924,,,,154.90,31.65,2026-06-17T21:20:08
,ssds0097-hdssd-2-5-sata-1tb-samsung-870-evo-basic,MERGE,HDSSD 2.5 (Sata) 1TB Samsung 870 EVO Basic,<p>HDSSD 2.5 (Sata) 1TB Samsung 870 EVO Basic</p>,Samsung,SSD,"SSD, Samsung, import-ohne-bild",MERGE,draft,FALSE,global,Electronics > Computers > Computer Components > Storage Devices,SSDS0097,346.99,,242.90,shopify,deny,200,TRUE,TRUE,0.127,kg,8806090545917,,,,242.90,48.69,2026-06-17T21:20:08
,ssds0110-ssd-m-2-2280-1tb-samsung-990-pro-pcie-nvme,MERGE,SSD M.2 (2280) 1TB Samsung 990 PRO (PCIe/NVMe),<p>SSD M.2 (2280) 1TB Samsung 990 PRO (PCIe/NVMe)</p>,Samsung,SSD,"SSD, Samsung, import-ohne-bild",MERGE,draft,FALSE,global,Electronics > Computers > Computer Components > Storage Devices,SSDS0110,254.99,,178.50,shopify,deny,141,TRUE,TRUE,0.122,kg,8806094215021,,,,178.50,35.78,2026-06-17T21:20:08
,ssds0111-ssd-m-2-2280-2tb-samsung-990-pro-pcie-nvme,MERGE,SSD M.2 (2280) 2TB Samsung 990 PRO (PCIe/NVMe),<p>SSD M.2 (2280) 2TB Samsung 990 PRO (PCIe/NVMe)</p>,Samsung,SSD,"SSD, Samsung, import-ohne-bild",MERGE,draft,FALSE,global,Electronics > Computers > Computer Components > Storage Devices,SSDS0111,396.99,,277.90,shopify,deny,139,TRUE,TRUE,0.109,kg,8806094215038,,,,277.90,55.71,2026-06-17T21:20:08
,ssds0113-ssd-m-2-2280-1tb-samsung-990-pro-heatsink-pcie-nvme,MERGE,SSD M.2 (2280) 1TB Samsung 990 PRO Heatsink (PCIe/NVMe),<p>SSD M.2 (2280) 1TB Samsung 990 PRO Heatsink (PCIe/NVMe)</p>,Samsung,SSD,"SSD, Samsung, import-ohne-bild",MERGE,draft,FALSE,global,Electronics > Computers > Computer Components > Storage Devices,SSDS0113,279.99,,195.90,shopify,deny,11,TRUE,TRUE,0.111,kg,8806094413748,,,,195.90,39.39,2026-06-17T21:20:08
,ssds0115-ssd-m-2-2280-4tb-samsung-990-pro-pcie-nvme,MERGE,SSD M.2 (2280) 4TB Samsung 990 PRO (PCIe/NVMe),<p>SSD M.2 (2280) 4TB Samsung 990 PRO (PCIe/NVMe)</p>,Samsung,SSD,"SSD, Samsung, import-ohne-bild",MERGE,draft,FALSE,global,Electronics > Computers > Computer Components > Storage Devices,SSDS0115,712.99,,499.00,shopify,deny,4,TRUE,TRUE,0.125,kg,8806094947205,,,,499.00,100.15,2026-06-17T21:20:08
,ssds0121-ssd-m-2-2280-1tb-samsung-990-evo-plus,MERGE,SSD M.2 (2280) 1TB Samsung 990 EVO Plus,<p>SSD M.2 (2280) 1TB Samsung 990 EVO Plus</p>,Samsung,SSD,"SSD, Samsung, import-ohne-bild",MERGE,draft,FALSE,global,Electronics > Computers > Computer Components > Storage Devices,SSDS0121,249.99,,174.90,shopify,deny,21,TRUE,TRUE,0.110,kg,8806095575674,,,,174.90,35.18,2026-06-17T21:20:08
,ssds0122-ssd-m-2-2280-2tb-samsung-990-evo-plus,MERGE,SSD M.2 (2280) 2TB Samsung 990 EVO Plus,<p>SSD M.2 (2280) 2TB Samsung 990 EVO Plus</p>,Samsung,SSD,"SSD, Samsung, import-ohne-bild",MERGE,draft,FALSE,global,Electronics > Computers > Computer Components > Storage Devices,SSDS0122,365.99,,255.90,shopify,deny,85,TRUE,TRUE,0.109,kg,8806095575650,,,,255.90,51.65,2026-06-17T21:20:08
,ssds0123-ssd-m-2-2280-4tb-samsung-990-evo-plus,MERGE,SSD M.2 (2280) 4TB Samsung 990 EVO Plus,<p>SSD M.2 (2280) 4TB Samsung 990 EVO Plus</p>,Samsung,SSD,"SSD, Samsung, import-ohne-bild",MERGE,draft,FALSE,global,Electronics > Computers > Computer Components > Storage Devices,SSDS0123,663.99,,464.90,shopify,deny,5,TRUE,TRUE,0.108,kg,8806095575667,,,,464.90,93.07,2026-06-17T21:20:08
,ssds0124-ssd-m-2-2280-1tb-samsung-9100-pro-pcie-5-0-nvme,MERGE,SSD M.2 (2280) 1TB Samsung 9100 PRO (PCIe 5.0/NVMe),<p>SSD M.2 (2280) 1TB Samsung 9100 PRO (PCIe 5.0/NVMe)</p>,Samsung,SSD,"SSD, Samsung, import-ohne-bild",MERGE,draft,FALSE,global,Electronics > Computers > Computer Components > Storage Devices,SSDS0124,279.99,,195.90,shopify,deny,4,TRUE,TRUE,0.088,kg,8806095811628,,,,195.90,39.39,2026-06-17T21:20:08
,ssdw0034-hdssd-m-2-500gb-wd-red-sa500-nas-ssd,MERGE,HDSSD M.2 500GB WD Red SA500 NAS SSD,<p>HDSSD M.2 500GB WD Red SA500 NAS SSD</p>,Western Digital,SSD,"SSD, Western Digital, import-ohne-bild",MERGE,draft,FALSE,global,Electronics > Computers > Computer Components > Storage Devices,SSDW0034,254.99,,178.45,shopify,deny,10,TRUE,TRUE,0.051,kg,0718037872353,,,,178.45,35.83,2026-06-17T21:20:08
,ssdw0036-hdssd-m-2-2tb-wd-red-sa500-nas-ssd,MERGE,HDSSD M.2 2TB WD Red SA500 NAS SSD,<p>HDSSD M.2 2TB WD Red SA500 NAS SSD</p>,Western Digital,SSD,"SSD, Western Digital, import-ohne-bild",MERGE,draft,FALSE,global,Electronics > Computers > Computer Components > Storage Devices,SSDW0036,480.99,,336.21,shopify,deny,9,TRUE,TRUE,0.060,kg,0718037872339,,,,336.21,67.98,2026-06-17T21:20:08
,ssdw0069-hdssd-2-5-1-tb-wd-blue-sa510-pc-3d-ssd-7mm,MERGE,"HDSSD 2.5"" 1 TB WD Blue™ SA510 PC 3D SSD 7mm","<p>HDSSD 2.5"" 1 TB WD Blue™ SA510 PC 3D SSD 7mm</p>",Western Digital,SSD,"SSD, Western Digital, import-ohne-bild",MERGE,draft,FALSE,global,Electronics > Computers > Computer Components > Storage Devices,SSDW0069,194.99,,136.21,shopify,deny,31,TRUE,TRUE,0.060,kg,0718037884653,,,,136.21,27.65,2026-06-17T21:20:08
,ssdw0070-hdssd-2-5-500-gb-wd-blue-sa510-3d-pc-ssd-7mm,MERGE,"HDSSD 2.5"" 500 GB WD Blue™ SA510 3D PC SSD 7mm","<p>HDSSD 2.5"" 500 GB WD Blue™ SA510 3D PC SSD 7mm</p>",Western Digital,SSD,"SSD, Western Digital, import-ohne-bild",MERGE,draft,FALSE,global,Electronics > Computers > Computer Components > Storage Devices,SSDW0070,156.99,,109.94,shopify,deny,20,TRUE,TRUE,0.066,kg,0718037884639,,,,109.94,21.98,2026-06-17T21:20:08
,ssdw0071-hdssd-m-2-1-tb-wd-black-sn850x-nvme,MERGE,HDSSD M.2 1 TB WD Black™ SN850X NVMe,<p>HDSSD M.2 1 TB WD Black™ SN850X NVMe</p>,Western Digital,SSD,"SSD, Western Digital, import-ohne-bild",MERGE,draft,FALSE,global,Electronics > Computers > Computer Components > Storage Devices,SSDW0071,220.99,,154.31,shopify,deny,100,TRUE,TRUE,0.044,kg,0718037891392,,,,154.31,31.40,2026-06-17T21:20:08
,ssdw0075-hdssd-m-2-4-tb-wd-black-sn850x-nvme,MERGE,HDSSD M.2 4 TB WD Black™ SN850X NVMe,<p>HDSSD M.2 4 TB WD Black™ SN850X NVMe</p>,Western Digital,SSD,"SSD, Western Digital, import-ohne-bild",MERGE,draft,FALSE,global,Electronics > Computers > Computer Components > Storage Devices,SSDW0075,640.99,,448.28,shopify,deny,1,TRUE,TRUE,0.048,kg,0718037891378,,,,448.28,90.37,2026-06-17T21:20:08
,ssdw0083-hdssd-m-2-500-gb-wd-blue-sn5000-nvme,MERGE,HDSSD M.2 500 GB WD Blue™ SN5000 NVMe,<p>HDSSD M.2 500 GB WD Blue™ SN5000 NVMe</p>,Western Digital,SSD,"SSD, Western Digital, import-ohne-bild",MERGE,draft,FALSE,global,Electronics > Computers > Computer Components > Storage Devices,SSDW0083,171.99,,119.83,shopify,deny,49,TRUE,TRUE,0.058,kg,0718037894850,,,,119.83,24.70,2026-06-17T21:20:08
,ssdw0084-hdssd-m-2-1tb-wd-blue-sn5000-nvme,MERGE,HDSSD M.2 1TB WD Blue™ SN5000 NVMe,<p>HDSSD M.2 1TB WD Blue™ SN5000 NVMe</p>,Western Digital,SSD,"SSD, Western Digital, import-ohne-bild",MERGE,draft,FALSE,global,Electronics > Computers > Computer Components > Storage Devices,SSDW0084,210.99,,147.41,shopify,deny,20,TRUE,TRUE,0.058,kg,0718037894843,,,,147.41,29.89,2026-06-17T21:20:08
,ssdw0085-hdssd-m-2-2tb-wd-blue-sn5000-nvme,MERGE,HDSSD M.2 2TB WD Blue™ SN5000 NVMe,<p>HDSSD M.2 2TB WD Blue™ SN5000 NVMe</p>,Western Digital,SSD,"SSD, Western Digital, import-ohne-bild",MERGE,draft,FALSE,global,Electronics > Computers > Computer Components > Storage Devices,SSDW0085,320.99,,224.14,shopify,deny,12,TRUE,TRUE,0.058,kg,0718037893228,,,,224.14,45.60,2026-06-17T21:20:08
,ssdw0088-hdssd-2-5-2tb-wd-red-sa500-nas-ssd,MERGE,"HDSSD 2,5"" 2TB WD Red SA500 NAS SSD","<p>HDSSD 2,5"" 2TB WD Red SA500 NAS SSD</p>",Western Digital,SSD,"SSD, Western Digital, import-ohne-bild",MERGE,draft,FALSE,global,Electronics > Computers > Computer Components > Storage Devices,SSDW0088,528.99,,369.83,shopify,deny,5,TRUE,TRUE,0.080,kg,0718037903613,,,,369.83,74.70,2026-06-17T21:20:08
,ssdw0089-hdssd-2-5-2-tb-wd-blue-sa510-pc-3d-ssd-7mm,MERGE,"HDSSD 2.5"" 2 TB WD Blue™ SA510 PC 3D SSD 7mm","<p>HDSSD 2.5"" 2 TB WD Blue™ SA510 PC 3D SSD 7mm</p>",Western Digital,SSD,"SSD, Western Digital, import-ohne-bild",MERGE,draft,FALSE,global,Electronics > Computers > Computer Components > Storage Devices,SSDW0089,368.99,,257.76,shopify,deny,10,TRUE,TRUE,0.081,kg,0718037884660,,,,257.76,52.32,2026-06-17T21:20:08
,ssdw0091-hdssd-m-2-1tb-wd-black-sn7100-nvme,MERGE,HDSSD M.2 1TB WD Black™ SN7100 NVMe,<p>HDSSD M.2 1TB WD Black™ SN7100 NVMe</p>,Western Digital,SSD,"SSD, Western Digital, import-ohne-bild",MERGE,draft,FALSE,global,Electronics > Computers > Computer Components > Storage Devices,SSDW0091,192.99,,134.91,shopify,deny,36,TRUE,TRUE,0.058,kg,0718037893204,,,,134.91,27.27,2026-06-17T21:20:08
,ssdw0092-hdssd-m-2-2tb-wd-black-sn7100-nvme,MERGE,HDSSD M.2 2TB WD Black™ SN7100 NVMe,<p>HDSSD M.2 2TB WD Black™ SN7100 NVMe</p>,Western Digital,SSD,"SSD, Western Digital, import-ohne-bild",MERGE,draft,FALSE,global,Electronics > Computers > Computer Components > Storage Devices,SSDW0092,318.99,,223.27,shopify,deny,40,TRUE,TRUE,0.060,kg,0718037893211,,,,223.27,44.79,2026-06-17T21:20:08
,ssdw0094-hdssd-m-2-1tb-wd-black-sn8100-nvme-pci5-0,MERGE,HDSSD M.2 1TB WD Black™ SN8100 NVMe PCI5.0,<p>HDSSD M.2 1TB WD Black™ SN8100 NVMe PCI5.0</p>,Western Digital,SSD,"SSD, Western Digital, import-ohne-bild",MERGE,draft,FALSE,global,Electronics > Computers > Computer Components > Storage Devices,SSDW0094,295.99,,206.90,shopify,deny,37,TRUE,TRUE,0.061,kg,0619659220884,,,,206.90,41.83,2026-06-17T21:20:08
,ssdw0095-hdssd-m-2-2tb-wd-black-sn8100-nvme-pci5-0,MERGE,HDSSD M.2 2TB WD Black™ SN8100 NVMe PCI5.0,<p>HDSSD M.2 2TB WD Black™ SN8100 NVMe PCI5.0</p>,Western Digital,SSD,"SSD, Western Digital, import-ohne-bild",MERGE,draft,FALSE,global,Electronics > Computers > Computer Components > Storage Devices,SSDW0095,483.99,,338.79,shopify,deny,16,TRUE,TRUE,0.058,kg,0619659220860,,,,338.79,67.92,2026-06-17T21:20:08
,ssdw0097-hdssd-m-2-1tb-wd-blue-sn5100-nvme,MERGE,HDSSD M.2 1TB WD Blue™ SN5100 NVMe,<p>HDSSD M.2 1TB WD Blue™ SN5100 NVMe</p>,Western Digital,SSD,"SSD, Western Digital, import-ohne-bild",MERGE,draft,FALSE,global,Electronics > Computers > Computer Components > Storage Devices,SSDW0097,183.99,,128.45,shopify,deny,104,TRUE,TRUE,0.059,kg,0718037906256,,,,128.45,26.16,2026-06-17T21:20:08
,ssdw0100-hdssd-m-2-2tb-wd-blue-sn5100-nvme,MERGE,HDSSD M.2 2TB WD Blue™ SN5100 NVMe,<p>HDSSD M.2 2TB WD Blue™ SN5100 NVMe</p>,Western Digital,SSD,"SSD, Western Digital, import-ohne-bild",MERGE,draft,FALSE,global,Electronics > Computers > Computer Components > Storage Devices,SSDW0100,298.99,,209.06,shopify,deny,20,TRUE,TRUE,0.057,kg,0718037906263,,,,209.06,42.19,2026-06-17T21:20:08
,ssdw0101-hdssd-m-2-500gb-wd-blue-sn5100-nvme,MERGE,HDSSD M.2 500GB WD Blue™ SN5100 NVMe,<p>HDSSD M.2 500GB WD Blue™ SN5100 NVMe</p>,Western Digital,SSD,"SSD, Western Digital, import-ohne-bild",MERGE,draft,FALSE,global,Electronics > Computers > Computer Components > Storage Devices,SSDW0101,124.99,,87.50,shopify,deny,153,TRUE,TRUE,0.055,kg,0718037906287,,,,87.50,17.53,2026-06-17T21:20:08
,ssdw0102-hdssd-m-2-1tb-wd-green-sn3000-nvme,MERGE,HDSSD M.2 1TB WD Green™ SN3000 NVMe,<p>HDSSD M.2 1TB WD Green™ SN3000 NVMe</p>,Western Digital,SSD,"SSD, Western Digital, import-ohne-bild",MERGE,draft,FALSE,global,Electronics > Computers > Computer Components > Storage Devices,SSDW0102,156.99,,109.94,shopify,deny,2,TRUE,TRUE,0.056,kg,0718037907154,,,,109.94,21.98,2026-06-17T21:20:08
,supa1046-amazon-echo-dot-max-sphaerisch-weiss,MERGE,Amazon Echo Dot Max - Sphärisch - Weiß,<p>Amazon Echo Dot Max - Sphärisch - Weiß</p>,Amazon,CE,"CE, Amazon, import-ohne-bild",MERGE,draft,FALSE,global,Electronics,SUPA1046,100.99,,70.04,shopify,deny,124,TRUE,TRUE,0.000,kg,0840414681804,,,,70.04,14.83,2026-06-17T21:20:08
,supb1045-bose-quietcomfort-ultra-weiss,MERGE,Bose QuietComfort Ultra weiß,<p>Bose QuietComfort Ultra weiß</p>,Bose,CE,"CE, Bose, import-ohne-bild",MERGE,draft,FALSE,global,Electronics,SUPB1045,321.99,,225.33,shopify,deny,32,TRUE,TRUE,0.693,kg,0017817846141,,,,225.33,45.25,2026-06-17T21:20:08
,supb1046-bose-quietcomfort-ultra-earbuds-black,MERGE,Bose QuietComfort Ultra Earbuds black,<p>Bose QuietComfort Ultra Earbuds black</p>,Bose,CE,"CE, Bose, import-ohne-bild",MERGE,draft,FALSE,global,Electronics,SUPB1046,205.99,,144.13,shopify,deny,23,TRUE,TRUE,0.179,kg,0017817847681,,,,144.13,28.97,2026-06-17T21:20:08
,supb1047-bose-quietcomfort-ultra-earbuds-white,MERGE,Bose QuietComfort Ultra Earbuds white,<p>Bose QuietComfort Ultra Earbuds white</p>,Bose,CE,"CE, Bose, import-ohne-bild",MERGE,draft,FALSE,global,Electronics,SUPB1047,206.99,,144.64,shopify,deny,31,TRUE,TRUE,0.180,kg,0017817847643,,,,144.64,29.30,2026-06-17T21:20:08
,supb1054-bose-ultra-open-earbuds-white,MERGE,Bose Ultra Open Earbuds | White,<p>Bose Ultra Open Earbuds | White</p>,Bose,CE,"CE, Bose, import-ohne-bild",MERGE,draft,FALSE,global,Electronics,SUPB1054,236.99,,165.45,shopify,deny,2,TRUE,TRUE,0.170,kg,0017817846912,,,,165.45,33.70,2026-06-17T21:20:08
,supb1057-bose-quietcomfort-ultra-earbuds-2-gen-black,MERGE,Bose QuietComfort Ultra Earbuds (2. Gen.) Black,<p>Bose QuietComfort Ultra Earbuds (2. Gen.) Black</p>,Bose,CE,"CE, Bose, import-ohne-bild",MERGE,draft,FALSE,global,Electronics,SUPB1057,275.99,,192.85,shopify,deny,20,TRUE,TRUE,0.250,kg,0017817861120,,,,192.85,39.07,2026-06-17T21:20:08
,supb1058-bose-quietcomfort-ultra-earbuds-2-gen-white,MERGE,Bose QuietComfort Ultra Earbuds (2. Gen.) White,<p>Bose QuietComfort Ultra Earbuds (2. Gen.) White</p>,Bose,CE,"CE, Bose, import-ohne-bild",MERGE,draft,FALSE,global,Electronics,SUPB1058,275.99,,192.85,shopify,deny,22,TRUE,TRUE,0.191,kg,0017817861076,,,,192.85,39.07,2026-06-17T21:20:08
,supb1059-bose-quietcomfort-ultra-earbuds-2-gen-purple,MERGE,Bose QuietComfort Ultra Earbuds (2. Gen.) Purple,<p>Bose QuietComfort Ultra Earbuds (2. Gen.) Purple</p>,Bose,CE,"CE, Bose, import-ohne-bild",MERGE,draft,FALSE,global,Electronics,SUPB1059,275.99,,192.85,shopify,deny,28,TRUE,TRUE,0.191,kg,0017817861151,,,,192.85,39.07,2026-06-17T21:20:08
,supb1060-bose-quietcomfort-ultra-2-gen-black,MERGE,Bose QuietComfort Ultra 2.Gen black,<p>Bose QuietComfort Ultra 2.Gen black</p>,Bose,CE,"CE, Bose, import-ohne-bild",MERGE,draft,FALSE,global,Electronics,SUPB1060,405.99,,284.20,shopify,deny,34,TRUE,TRUE,0.455,kg,0017817859585,,,,284.20,56.97,2026-06-17T21:20:08
,supb1061-bose-quietcomfort-ultra-2-gen-white,MERGE,Bose QuietComfort Ultra 2.Gen white,<p>Bose QuietComfort Ultra 2.Gen white</p>,Bose,CE,"CE, Bose, import-ohne-bild",MERGE,draft,FALSE,global,Electronics,SUPB1061,405.99,,284.20,shopify,deny,11,TRUE,TRUE,0.435,kg,0017817859561,,,,284.20,56.97,2026-06-17T21:20:08
,supb1062-bose-quietcomfort-ultra-2-gen-wuestengold,MERGE,Bose QuietComfort Ultra 2.Gen Wüstengold,<p>Bose QuietComfort Ultra 2.Gen Wüstengold</p>,Bose,CE,"CE, Bose, import-ohne-bild",MERGE,draft,FALSE,global,Electronics,SUPB1062,405.99,,284.20,shopify,deny,4,TRUE,TRUE,0.270,kg,0017817859516,,,,284.20,56.97,2026-06-17T21:20:08
,supb1065-bose-soundlink-flex-2nd-black,MERGE,Bose SoundLink Flex 2nd - Black,<p>Bose SoundLink Flex 2nd - Black</p>,Bose,CE,"CE, Bose, import-ohne-bild",MERGE,draft,FALSE,global,Electronics,SUPB1065,140.99,,98.46,shopify,deny,16,TRUE,TRUE,0.752,kg,0017817852470,,,,98.46,20.02,2026-06-17T21:20:08
,supb1066-bose-soundlink-micro-lautsprecher-tragbar,MERGE,Bose SoundLink Micro - Lautsprecher - tragbar,<p>Bose SoundLink Micro - Lautsprecher - tragbar</p>,Bose,CE,"CE, Bose, import-ohne-bild",MERGE,draft,FALSE,global,Electronics,SUPB1066,88.99,,61.92,shopify,deny,21,TRUE,TRUE,0.482,kg,0017817768429,,,,61.92,12.86,2026-06-17T21:20:08
,supb1067-bose-quietcomfort-ultra-earbuds-2-gen-midnight-violet,MERGE,Bose QuietComfort Ultra Earbuds (2. Gen.) Midnight Violet,<p>Bose QuietComfort Ultra Earbuds (2. Gen.) Midnight Violet</p>,Bose,CE,"CE, Bose, import-ohne-bild",MERGE,draft,FALSE,global,Electronics,SUPB1067,275.99,,192.85,shopify,deny,24,TRUE,TRUE,0.190,kg,0017817861083,,,,192.85,39.07,2026-06-17T21:20:08
,supb1068-bose-quietcomfort-ultra-earbuds-2-gen-desert-gold,MERGE,Bose QuietComfort Ultra Earbuds (2. Gen.) Desert Gold,<p>Bose QuietComfort Ultra Earbuds (2. Gen.) Desert Gold</p>,Bose,CE,"CE, Bose, import-ohne-bild",MERGE,draft,FALSE,global,Electronics,SUPB1068,275.99,,192.85,shopify,deny,24,TRUE,TRUE,0.168,kg,0017817861212,,,,192.85,39.07,2026-06-17T21:20:08
,supb1069-bose-quietcomfort-ultra-2nd-gen-kopfhoerer,MERGE,Bose QuietComfort Ultra - 2nd Gen - Kopfhörer,<p>Bose QuietComfort Ultra - 2nd Gen - Kopfhörer</p>,Bose,CE,"CE, Bose, import-ohne-bild",MERGE,draft,FALSE,global,Electronics,SUPB1069,405.99,,284.20,shopify,deny,6,TRUE,TRUE,0.733,kg,0017817859547,,,,284.20,56.97,2026-06-17T21:20:08
,supc0008-connect-it-battle-headset-usb-gh1000-w-mic,MERGE,Connect IT BATTLE headset USB GH1000 w/mic***,<p>Connect IT BATTLE headset USB GH1000 w/mic***</p>,Connect IT,CE,"CE, Connect IT, import-ohne-bild",MERGE,draft,FALSE,global,Electronics,SUPC0008,31.99,,19.29,shopify,deny,15,TRUE,TRUE,0.380,kg,8595610601256,,,,19.29,7.59,2026-06-17T21:20:08
,supc0009-connect-it-sniper-gh3300-usb-w-mic-black,MERGE,Connect IT SNIPER GH3300 USB w/mic black***,<p>Connect IT SNIPER GH3300 USB w/mic black***</p>,Connect IT,CE,"CE, Connect IT, import-ohne-bild",MERGE,draft,FALSE,global,Electronics,SUPC0009,86.99,,60.90,shopify,deny,36,TRUE,TRUE,0.660,kg,8595610601959,,,,60.90,12.20,2026-06-17T21:20:08
,supc0010-connect-it-pc-headset-black-silver-w-mic,MERGE,Connect IT PC headset black/silver w/mic***,<p>Connect IT PC headset black/silver w/mic***</p>,Connect IT,CE,"CE, Connect IT, import-ohne-bild",MERGE,draft,FALSE,global,Electronics,SUPC0010,14.99,,7.11,shopify,deny,25,TRUE,TRUE,0.310,kg,8594158528063,,,,7.11,5.49,2026-06-17T21:20:08
,supc0088-cherry-xtrfy-m42-maus-optisch-kabellos-schwarz,MERGE,CHERRY Xtrfy M42 - Maus - optisch - kabellos - Schwarz,<p>CHERRY Xtrfy M42 - Maus - optisch - kabellos - Schwarz</p>,Cherry,CHERRY,"CHERRY, Cherry, import-ohne-bild",MERGE,draft,FALSE,global,Electronics > Computers > Input Devices,SUPC0088,82.99,,57.86,shopify,deny,145,TRUE,TRUE,0.332,kg,7340086912839,,,,57.86,11.88,2026-06-17T21:20:08
,supc0089-cherry-um-9-0-pro-rgb-mikrofon-schwarz-bronze,MERGE,"CHERRY UM 9.0 PRO RGB - Mikrofon - Schwarz, Bronze","<p>CHERRY UM 9.0 PRO RGB - Mikrofon - Schwarz, Bronze</p>",Cherry,CHERRY,"CHERRY, Cherry, import-ohne-bild",MERGE,draft,FALSE,global,Electronics > Computers > Input Devices,SUPC0089,54.99,,35.53,shopify,deny,358,TRUE,TRUE,1.433,kg,4025112099915,,,,35.53,10.68,2026-06-17T21:20:08
,supc2016-chipolo-loop-4-pack-rechargeable-tracking-tag-charcoal-chalk-navy-coral,MERGE,"Chipolo LOOP 4 Pack – Rechargeable tracking tag (Charcoal, Chalk, Navy, Coral)","<p>Chipolo LOOP 4 Pack – Rechargeable tracking tag (Charcoal, Chalk, Navy, Coral)</p>",Chipolo,CE,"CE, Chipolo, import-ohne-bild",MERGE,draft,FALSE,global,Electronics,SUPC2016,130.99,,91.35,shopify,deny,30,TRUE,TRUE,0.168,kg,850070419314,,,,91.35,18.73,2026-06-17T21:20:08
,supd1020-dell-usb-c-ac-adapter-e5-kit-netzteil-65-watt,MERGE,Dell USB-C AC Adapter E5 - Kit - Netzteil - 65 Watt,<p>Dell USB-C AC Adapter E5 - Kit - Netzteil - 65 Watt</p>,Dell,DOCKING,"DOCKING, Dell, import-ohne-bild",MERGE,draft,FALSE,global,Electronics > Computers > Laptop Accessories > Laptop Docking Stations,SUPD1020,32.99,,20.30,shopify,deny,97,TRUE,TRUE,0.371,kg,5704174219279,,,,20.30,7.42,2026-06-17T21:20:08
,supd1021-dell-usb-c-ac-adapter-e5-kit-netzteil-65-watt,MERGE,Dell USB-C AC Adapter E5 - Kit - Netzteil - 65 Watt,<p>Dell USB-C AC Adapter E5 - Kit - Netzteil - 65 Watt</p>,Dell,DOCKING,"DOCKING, Dell, import-ohne-bild",MERGE,draft,FALSE,global,Electronics > Computers > Laptop Accessories > Laptop Docking Stations,SUPD1021,34.99,,21.32,shopify,deny,49,TRUE,TRUE,0.360,kg,5999056126534,,,,21.32,8.08,2026-06-17T21:20:08
,supd1024-dell-pro-dock-wd25-dockingstation-usb-c-hdmi-2-x-dp-usb-c,MERGE,"Dell Pro Dock WD25 - Dockingstation - USB-C - HDMI, 2 x DP, USB-C","<p>Dell Pro Dock WD25 - Dockingstation - USB-C - HDMI, 2 x DP, USB-C</p>",Dell,DOCKING,"DOCKING, Dell, import-ohne-bild",MERGE,draft,FALSE,global,Electronics > Computers > Laptop Accessories > Laptop Docking Stations,SUPD1024,185.99,,129.92,shopify,deny,500,TRUE,TRUE,1.442,kg,5397184961735,,,,129.92,26.37,2026-06-17T21:20:08
,supd1025-dell-pro-smart-dock-sd25-dockingstation-usb-c-hdmi-2-x-dp-usb-c-1gbe-2-,MERGE,"Dell Pro Smart Dock SD25 - Dockingstation - USB-C - HDMI, 2 x DP, USB-C - 1GbE, 2.5GbE - 180 Watt","<p>Dell Pro Smart Dock SD25 - Dockingstation - USB-C - HDMI, 2 x DP, USB-C - 1GbE, 2.5GbE - 180 Watt</p>",Dell,DOCKING,"DOCKING, Dell, import-ohne-bild",MERGE,draft,FALSE,global,Electronics > Computers > Laptop Accessories > Laptop Docking Stations,SUPD1025,202.99,,142.10,shopify,deny,484,TRUE,TRUE,1.640,kg,5397184961766,,,,142.10,28.48,2026-06-17T21:20:08
,supd1027-dell-ms116-maus-optisch-2-tasten-kabelgebunden,MERGE,Dell MS116 - Maus - optisch - 2 Tasten - kabelgebunden,<p>Dell MS116 - Maus - optisch - 2 Tasten - kabelgebunden</p>,Dell,DOCKING,"DOCKING, Dell, import-ohne-bild",MERGE,draft,FALSE,global,Electronics > Computers > Laptop Accessories > Laptop Docking Stations,SUPD1027,11.99,,4.52,shopify,deny,500,TRUE,TRUE,0.126,kg,5397063763610,,,,4.52,5.56,2026-06-17T21:20:08
,supd1030-dell-pro-dock-wd25z-dockingstation-usb-c,MERGE,Dell Pro Dock WD25Z - Dockingstation - USB-C,<p>Dell Pro Dock WD25Z - Dockingstation - USB-C</p>,Dell,MONITOR,"MONITOR, Dell, import-ohne-bild",MERGE,draft,FALSE,global,Electronics > Video > Video Components > Monitors,SUPD1030,191.99,,133.98,shopify,deny,49,TRUE,TRUE,1.662,kg,5397321029045,,,,133.98,27.36,2026-06-17T21:20:08
,supe2003-equip-adapter-hdmi-dvi-3m-black,MERGE,Equip Adapter - HDMI - DVI - 3m - Black,<p>Equip Adapter - HDMI - DVI - 3m - Black</p>,EQUIP,ZUBEHÖR,"ZUBEHÖR, EQUIP, import-ohne-bild",MERGE,draft,FALSE,global,Electronics > Electronics Accessories,SUPE2003,10.99,,3.92,shopify,deny,8,TRUE,TRUE,0.158,kg,4015867150511,,,,3.92,5.32,2026-06-17T21:20:08
,supe2008-equip-adapter-display-port-male-hdmi-5m-black,MERGE,Equip Adapter - Display Port Male - HDMI - 5m - Black,<p>Equip Adapter - Display Port Male - HDMI - 5m - Black</p>,EQUIP,ZUBEHÖR,"ZUBEHÖR, EQUIP, import-ohne-bild",MERGE,draft,FALSE,global,Electronics > Electronics Accessories,SUPE2008,20.99,,11.82,shopify,deny,3,TRUE,TRUE,0.212,kg,4015867222409,,,,11.82,5.82,2026-06-17T21:20:08
,supe2009-equip-usb-3-2-cable-usb-a-usb-c-1m-black,MERGE,Equip USB 3.2 Cable - USB-A - USB-C - 1m - Black,<p>Equip USB 3.2 Cable - USB-A - USB-C - 1m - Black</p>,EQUIP,ZUBEHÖR,"ZUBEHÖR, EQUIP, import-ohne-bild",MERGE,draft,FALSE,global,Electronics > Electronics Accessories,SUPE2009,9.99,,2.64,shopify,deny,22,TRUE,TRUE,0.048,kg,4015867198735,,,,2.64,5.75,2026-06-17T21:20:08
,supe2010-equip-usb-3-2-cable-usb-a-usb-c-0-25m-black,MERGE,"Equip USB 3.2 Cable - USB-A - USB-C - 0,25m - Black","<p>Equip USB 3.2 Cable - USB-A - USB-C - 0,25m - Black</p>",EQUIP,ZUBEHÖR,"ZUBEHÖR, EQUIP, import-ohne-bild",MERGE,draft,FALSE,global,Electronics > Electronics Accessories,SUPE2010,8.99,,2.44,shopify,deny,1,TRUE,TRUE,0.024,kg,4015867205341,,,,2.44,5.11,2026-06-17T21:20:08
,supe2019-equip-usb-3-0-extension-cable-usb-a-3m-black,MERGE,Equip USB 3.0 Extension Cable - USB-A - 3m - Black,<p>Equip USB 3.0 Extension Cable - USB-A - 3m - Black</p>,EQUIP,ZUBEHÖR,"ZUBEHÖR, EQUIP, import-ohne-bild",MERGE,draft,FALSE,global,Electronics > Electronics Accessories,SUPE2019,9.99,,3.10,shopify,deny,1,TRUE,TRUE,0.120,kg,4015867166703,,,,3.10,5.29,2026-06-17T21:20:08
,supe2020-equip-usb-2-0-cable-usb-a-mini-usb-1-8m-black,MERGE,"Equip USB 2.0 Cable- USB-A - Mini-USB - 1,8m - Black","<p>Equip USB 2.0 Cable- USB-A - Mini-USB - 1,8m - Black</p>",EQUIP,ZUBEHÖR,"ZUBEHÖR, EQUIP, import-ohne-bild",MERGE,draft,FALSE,global,Electronics > Electronics Accessories,SUPE2020,7.99,,1.02,shopify,deny,2,TRUE,TRUE,0.060,kg,4015867107829,,,,1.02,5.69,2026-06-17T21:20:08
,supe2021-equip-usb-2-0-cable-usb-a-micro-usb-1m-black,MERGE,Equip USB 2.0 Cable - USB-A - Micro-USB - 1m - Black,<p>Equip USB 2.0 Cable - USB-A - Micro-USB - 1m - Black</p>,EQUIP,ZUBEHÖR,"ZUBEHÖR, EQUIP, import-ohne-bild",MERGE,draft,FALSE,global,Electronics > Electronics Accessories,SUPE2021,6.99,,0.71,shopify,deny,57,TRUE,TRUE,0.038,kg,4015867173411,,,,0.71,5.16,2026-06-17T21:20:08
,supe2022-equip-usb-2-0-cable-usb-a-micro-usb-1m-black,MERGE,Equip USB 2.0 Cable - USB-A - Micro-USB - 1m - Black,<p>Equip USB 2.0 Cable - USB-A - Micro-USB - 1m - Black</p>,EQUIP,ZUBEHÖR,"ZUBEHÖR, EQUIP, import-ohne-bild",MERGE,draft,FALSE,global,Electronics > Electronics Accessories,SUPE2022,6.99,,0.84,shopify,deny,7,TRUE,TRUE,0.046,kg,4015867184547,,,,0.84,5.03,2026-06-17T21:20:08
,supe2023-equip-usb-2-0-extansion-cable-usb-m-usb-w-1-8m-black,MERGE,"Equip USB 2.0 Extansion Cable - USB (M) - USB (W) - 1,8m - Black","<p>Equip USB 2.0 Extansion Cable - USB (M) - USB (W) - 1,8m - Black</p>",EQUIP,ZUBEHÖR,"ZUBEHÖR, EQUIP, import-ohne-bild",MERGE,draft,FALSE,global,Electronics > Electronics Accessories,SUPE2023,6.99,,0.84,shopify,deny,41,TRUE,TRUE,0.060,kg,4015867164723,,,,0.84,5.03,2026-06-17T21:20:08
,supe2024-equip-usb-2-0-extansion-cable-usb-m-usb-w-3m-black,MERGE,Equip USB 2.0 Extansion Cable - USB (M) - USB (W) - 3m - Black,<p>Equip USB 2.0 Extansion Cable - USB (M) - USB (W) - 3m - Black</p>,EQUIP,ZUBEHÖR,"ZUBEHÖR, EQUIP, import-ohne-bild",MERGE,draft,FALSE,global,Electronics > Electronics Accessories,SUPE2024,7.99,,1.11,shopify,deny,27,TRUE,TRUE,0.086,kg,4015867164730,,,,1.11,5.60,2026-06-17T21:20:08
,supe2029-equip-usb-2-0-cable-usb-a-m-usb-b-m-1m-black,MERGE,Equip USB 2.0 Cable - USB-A (M) - USB-B (M) - 1m - Black,<p>Equip USB 2.0 Cable - USB-A (M) - USB-B (M) - 1m - Black</p>,EQUIP,ZUBEHÖR,"ZUBEHÖR, EQUIP, import-ohne-bild",MERGE,draft,FALSE,global,Electronics > Electronics Accessories,SUPE2029,6.99,,0.66,shopify,deny,38,TRUE,TRUE,0.040,kg,4015867164686,,,,0.66,5.21,2026-06-17T21:20:08
,supe2030-equip-usb-2-0-cable-usb-a-m-usb-b-m-2m-black,MERGE,Equip USB 2.0 Cable - USB-A (M) - USB-B (M) - 2m - Black,<p>Equip USB 2.0 Cable - USB-A (M) - USB-B (M) - 2m - Black</p>,EQUIP,ZUBEHÖR,"ZUBEHÖR, EQUIP, import-ohne-bild",MERGE,draft,FALSE,global,Electronics > Electronics Accessories,SUPE2030,7.99,,1.11,shopify,deny,28,TRUE,TRUE,0.066,kg,4015867239223,,,,1.11,5.60,2026-06-17T21:20:08
,supe2031-equip-usb-2-0-cable-usb-a-m-usb-a-m-1-8m-black,MERGE,"Equip USB 2.0 Cable - USB-A (M) - USB-A (M) - 1,8m - Black","<p>Equip USB 2.0 Cable - USB-A (M) - USB-A (M) - 1,8m - Black</p>",EQUIP,ZUBEHÖR,"ZUBEHÖR, EQUIP, import-ohne-bild",MERGE,draft,FALSE,global,Electronics > Electronics Accessories,SUPE2031,6.99,,0.84,shopify,deny,39,TRUE,TRUE,0.062,kg,4015867164754,,,,0.84,5.03,2026-06-17T21:20:08
,supe2032-equip-usb-2-0-cable-usb-c-m-usb-a-m-1m-black,MERGE,Equip USB 2.0 Cable - USB-C (M) - USB-A (M) - 1m - Black,<p>Equip USB 2.0 Cable - USB-C (M) - USB-A (M) - 1m - Black</p>,EQUIP,ZUBEHÖR,"ZUBEHÖR, EQUIP, import-ohne-bild",MERGE,draft,FALSE,global,Electronics > Electronics Accessories,SUPE2032,8.99,,1.73,shopify,deny,20,TRUE,TRUE,0.040,kg,4015867198698,,,,1.73,5.82,2026-06-17T21:20:08
,supe2033-equip-usb-2-0-cable-usb-c-m-usb-c-m-1m-black,MERGE,Equip USB 2.0 Cable - USB-C (M) - USB-C (M) - 1m - Black,<p>Equip USB 2.0 Cable - USB-C (M) - USB-C (M) - 1m - Black</p>,EQUIP,ZUBEHÖR,"ZUBEHÖR, EQUIP, import-ohne-bild",MERGE,draft,FALSE,global,Electronics > Electronics Accessories,SUPE2033,8.99,,1.83,shopify,deny,42,TRUE,TRUE,0.038,kg,4015867198711,,,,1.83,5.72,2026-06-17T21:20:08
,supe2034-equip-adapter-usb-3-0-usb-a-m-hdmi-w-black,MERGE,Equip Adapter USB 3.0 - USB-A (M) - HDMI (W) - Black,<p>Equip Adapter USB 3.0 - USB-A (M) - HDMI (W) - Black</p>,EQUIP,ZUBEHÖR,"ZUBEHÖR, EQUIP, import-ohne-bild",MERGE,draft,FALSE,global,Electronics > Electronics Accessories,SUPE2034,27.99,,17.26,shopify,deny,18,TRUE,TRUE,0.077,kg,4015867223994,,,,17.26,6.26,2026-06-17T21:20:08
,supe2041-equip-adapter-usb-c-m-displayport-m-3m-black,MERGE,Equip Adapter - USB-C (M) - DisplayPort (M) - 3m - Black,<p>Equip Adapter - USB-C (M) - DisplayPort (M) - 3m - Black</p>,EQUIP,ZUBEHÖR,"ZUBEHÖR, EQUIP, import-ohne-bild",MERGE,draft,FALSE,global,Electronics > Electronics Accessories,SUPE2041,17.99,,9.59,shopify,deny,12,TRUE,TRUE,0.114,kg,4015867228784,,,,9.59,5.53,2026-06-17T21:20:08
,supe2042-equip-adapter-displayport-m-dvi-v-w-black,MERGE,Equip Adapter - DisplayPort (M) - DVI-V (W) - Black,<p>Equip Adapter - DisplayPort (M) - DVI-V (W) - Black</p>,EQUIP,ZUBEHÖR,"ZUBEHÖR, EQUIP, import-ohne-bild",MERGE,draft,FALSE,global,Electronics > Electronics Accessories,SUPE2042,11.99,,4.57,shopify,deny,24,TRUE,TRUE,0.080,kg,4015867153123,,,,4.57,5.51,2026-06-17T21:20:08
,supe2044-equip-adapter-mini-displayport-m-hdmi-w-black,MERGE,Equip Adapter - Mini DisplayPort (M) - HDMI (W) - Black,<p>Equip Adapter - Mini DisplayPort (M) - HDMI (W) - Black</p>,EQUIP,ZUBEHÖR,"ZUBEHÖR, EQUIP, import-ohne-bild",MERGE,draft,FALSE,global,Electronics > Electronics Accessories,SUPE2044,10.99,,4.21,shopify,deny,21,TRUE,TRUE,0.068,kg,4015867157305,,,,4.21,5.03,2026-06-17T21:20:08
,supe2045-equip-adapter-displayport-m-hd-15-vga-w-black,MERGE,Equip Adapter - DisplayPort (M) - HD-15 VGA (W) - Black,<p>Equip Adapter - DisplayPort (M) - HD-15 VGA (W) - Black</p>,EQUIP,ZUBEHÖR,"ZUBEHÖR, EQUIP, import-ohne-bild",MERGE,draft,FALSE,global,Electronics > Electronics Accessories,SUPE2045,11.99,,4.52,shopify,deny,90,TRUE,TRUE,0.076,kg,4015867157503,,,,4.52,5.56,2026-06-17T21:20:08
,supe2046-equip-adapter-displayport-m-hdmi-w-black,MERGE,Equip Adapter - DisplayPort (M) - HDMI (W) - Black,<p>Equip Adapter - DisplayPort (M) - HDMI (W) - Black</p>,EQUIP,ZUBEHÖR,"ZUBEHÖR, EQUIP, import-ohne-bild",MERGE,draft,FALSE,global,Electronics > Electronics Accessories,SUPE2046,10.99,,4.21,shopify,deny,12,TRUE,TRUE,0.074,kg,4015867178065,,,,4.21,5.03,2026-06-17T21:20:08
,supe2049-equip-adapter-displayport-m-usb-c-m-1-8m-black,MERGE,"Equip Adapter - DisplayPort (M) - USB-C (M) - 1,8m - Black","<p>Equip Adapter - DisplayPort (M) - USB-C (M) - 1,8m - Black</p>",EQUIP,ZUBEHÖR,"ZUBEHÖR, EQUIP, import-ohne-bild",MERGE,draft,FALSE,global,Electronics > Electronics Accessories,SUPE2049,16.99,,8.53,shopify,deny,19,TRUE,TRUE,0.078,kg,4015867203736,,,,8.53,5.75,2026-06-17T21:20:08
,supe2053-equip-audiokabel-2-rca-w-mini-phone-3-5mm-m-2-5m-black,MERGE,"Equip Audiokabel - 2 RCA (W) - mini-phone 3.5mm (M) - 2,5m - Black","<p>Equip Audiokabel - 2 RCA (W) - mini-phone 3.5mm (M) - 2,5m - Black</p>",EQUIP,ZUBEHÖR,"ZUBEHÖR, EQUIP, import-ohne-bild",MERGE,draft,FALSE,global,Electronics > Electronics Accessories,SUPE2053,6.99,,0.82,shopify,deny,44,TRUE,TRUE,0.068,kg,4015867225172,,,,0.82,5.05,2026-06-17T21:20:08
,supe2054-equip-audiokabel-2-rca-m-2-rca-m-2-5m-black,MERGE,"Equip Audiokabel - 2 RCA (M) - 2 RCA (M) - 2,5m - Black","<p>Equip Audiokabel - 2 RCA (M) - 2 RCA (M) - 2,5m - Black</p>",EQUIP,ZUBEHÖR,"ZUBEHÖR, EQUIP, import-ohne-bild",MERGE,draft,FALSE,global,Electronics > Electronics Accessories,SUPE2054,7.99,,0.96,shopify,deny,36,TRUE,TRUE,0.068,kg,4015867225189,,,,0.96,5.75,2026-06-17T21:20:08
,supe2056-equip-patch-cable-cat6-s-ftp-1m-grey,MERGE,Equip Patch Cable - CAT6 S/FTP - 1m - Grey,<p>Equip Patch Cable - CAT6 S/FTP - 1m - Grey</p>,EQUIP,ZUBEHÖR,"ZUBEHÖR, EQUIP, import-ohne-bild",MERGE,draft,FALSE,global,Electronics > Electronics Accessories,SUPE2056,7.99,,1.02,shopify,deny,43,TRUE,TRUE,0.042,kg,4015867163085,,,,1.02,5.69,2026-06-17T21:20:08
,supe2057-equip-patch-cable-cat6-s-ftp-3m-grey,MERGE,Equip Patch Cable - CAT6 S/FTP - 3m - Grey,<p>Equip Patch Cable - CAT6 S/FTP - 3m - Grey</p>,EQUIP,ZUBEHÖR,"ZUBEHÖR, EQUIP, import-ohne-bild",MERGE,draft,FALSE,global,Electronics > Electronics Accessories,SUPE2057,8.99,,2.01,shopify,deny,13,TRUE,TRUE,0.094,kg,4015867163108,,,,2.01,5.54,2026-06-17T21:20:08
,supe2058-equip-patch-cable-cat6-s-ftp-2m-grey,MERGE,Equip Patch Cable - CAT6 S/FTP - 2m - Grey,<p>Equip Patch Cable - CAT6 S/FTP - 2m - Grey</p>,EQUIP,ZUBEHÖR,"ZUBEHÖR, EQUIP, import-ohne-bild",MERGE,draft,FALSE,global,Electronics > Electronics Accessories,SUPE2058,7.99,,1.52,shopify,deny,92,TRUE,TRUE,0.068,kg,4015867163092,,,,1.52,5.19,2026-06-17T21:20:08
,supe2059-equip-patch-cable-cat6-s-ftp-0-25m-grey,MERGE,"Equip Patch Cable - CAT6 S/FTP - 0,25m - Grey","<p>Equip Patch Cable - CAT6 S/FTP - 0,25m - Grey</p>",EQUIP,ZUBEHÖR,"ZUBEHÖR, EQUIP, import-ohne-bild",MERGE,draft,FALSE,global,Electronics > Electronics Accessories,SUPE2059,6.99,,0.73,shopify,deny,138,TRUE,TRUE,0.018,kg,4015867163115,,,,0.73,5.14,2026-06-17T21:20:08
,supe2060-equip-patch-cable-cat6-s-ftp-5m-grey,MERGE,Equip Patch Cable - CAT6 S/FTP - 5m - Grey,<p>Equip Patch Cable - CAT6 S/FTP - 5m - Grey</p>,EQUIP,ZUBEHÖR,"ZUBEHÖR, EQUIP, import-ohne-bild",MERGE,draft,FALSE,global,Electronics > Electronics Accessories,SUPE2060,9.99,,2.95,shopify,deny,5,TRUE,TRUE,0.144,kg,4015867163122,,,,2.95,5.44,2026-06-17T21:20:08
,supe2061-equip-patch-cable-cat6-s-ftp-7-5m-grey,MERGE,"Equip Patch Cable - CAT6 S/FTP - 7,5m - Grey","<p>Equip Patch Cable - CAT6 S/FTP - 7,5m - Grey</p>",EQUIP,ZUBEHÖR,"ZUBEHÖR, EQUIP, import-ohne-bild",MERGE,draft,FALSE,global,Electronics > Electronics Accessories,SUPE2061,10.99,,4.17,shopify,deny,12,TRUE,TRUE,0.212,kg,4015867166130,,,,4.17,5.07,2026-06-17T21:20:08
,supe2062-equip-patch-cable-cat6-s-ftp-10m-grey,MERGE,Equip Patch Cable - CAT6 S/FTP - 10m - Grey,<p>Equip Patch Cable - CAT6 S/FTP - 10m - Grey</p>,EQUIP,ZUBEHÖR,"ZUBEHÖR, EQUIP, import-ohne-bild",MERGE,draft,FALSE,global,Electronics > Electronics Accessories,SUPE2062,12.99,,5.28,shopify,deny,10,TRUE,TRUE,0.270,kg,4015867163139,,,,5.28,5.64,2026-06-17T21:20:08
,supe2063-equip-patch-cable-cat6-s-ftp-0-5m-grey,MERGE,"Equip Patch Cable - CAT6 S/FTP - 0,5m - Grey","<p>Equip Patch Cable - CAT6 S/FTP - 0,5m - Grey</p>",EQUIP,ZUBEHÖR,"ZUBEHÖR, EQUIP, import-ohne-bild",MERGE,draft,FALSE,global,Electronics > Electronics Accessories,SUPE2063,6.99,,0.83,shopify,deny,55,TRUE,TRUE,0.030,kg,4015867163146,,,,0.83,5.04,2026-06-17T21:20:08
,supe2065-equip-patch-cable-cat6-s-ftp-15m-grey,MERGE,Equip Patch Cable - CAT6 S/FTP - 15m - Grey,<p>Equip Patch Cable - CAT6 S/FTP - 15m - Grey</p>,EQUIP,ZUBEHÖR,"ZUBEHÖR, EQUIP, import-ohne-bild",MERGE,draft,FALSE,global,Electronics > Electronics Accessories,SUPE2065,17.99,,9.88,shopify,deny,3,TRUE,TRUE,0.528,kg,4015867166178,,,,9.88,5.24,2026-06-17T21:20:08
,supe2067-equip-patch-cable-cat6-s-ftp-2m-white,MERGE,Equip Patch Cable - CAT6 S/FTP - 2m - White,<p>Equip Patch Cable - CAT6 S/FTP - 2m - White</p>,EQUIP,ZUBEHÖR,"ZUBEHÖR, EQUIP, import-ohne-bild",MERGE,draft,FALSE,global,Electronics > Electronics Accessories,SUPE2067,7.99,,1.52,shopify,deny,24,TRUE,TRUE,0.068,kg,4015867594780,,,,1.52,5.19,2026-06-17T21:20:08
,supe2069-equip-patch-cable-cat6-s-ftp-25-cm-white,MERGE,Equip Patch Cable - CAT6 S/FTP - 25 cm - White,<p>Equip Patch Cable - CAT6 S/FTP - 25 cm - White</p>,EQUIP,ZUBEHÖR,"ZUBEHÖR, EQUIP, import-ohne-bild",MERGE,draft,FALSE,global,Electronics > Electronics Accessories,SUPE2069,6.99,,0.73,shopify,deny,125,TRUE,TRUE,0.020,kg,4015867102244,,,,0.73,5.14,2026-06-17T21:20:08
,supe2071-equip-patch-cable-cat6-s-ftp-7-5-m-grey,MERGE,"Equip Patch Cable - CAT6 S/FTP - 7,5 m - Grey","<p>Equip Patch Cable - CAT6 S/FTP - 7,5 m - Grey</p>",EQUIP,ZUBEHÖR,"ZUBEHÖR, EQUIP, import-ohne-bild",MERGE,draft,FALSE,global,Electronics > Electronics Accessories,SUPE2071,10.99,,4.11,shopify,deny,10,TRUE,TRUE,0.210,kg,4015867594810,,,,4.11,5.13,2026-06-17T21:20:08
,supe2076-equip-patch-cable-cat6-s-ftp-30-m-beige,MERGE,Equip Patch Cable - CAT6 S/FTP - 30 m - Beige,<p>Equip Patch Cable - CAT6 S/FTP - 30 m - Beige</p>,EQUIP,ZUBEHÖR,"ZUBEHÖR, EQUIP, import-ohne-bild",MERGE,draft,FALSE,global,Electronics > Electronics Accessories,SUPE2076,24.99,,14.82,shopify,deny,3,TRUE,TRUE,0.768,kg,4015867594865,,,,14.82,6.18,2026-06-17T21:20:08
,supe2079-equip-patch-cable-cat6-s-ftp-1-m-black,MERGE,Equip Patch Cable - CAT6 S/FTP - 1 m - Black,<p>Equip Patch Cable - CAT6 S/FTP - 1 m - Black</p>,EQUIP,ZUBEHÖR,"ZUBEHÖR, EQUIP, import-ohne-bild",MERGE,draft,FALSE,global,Electronics > Electronics Accessories,SUPE2079,7.99,,1.02,shopify,deny,30,TRUE,TRUE,0.040,kg,4015867151754,,,,1.02,5.69,2026-06-17T21:20:08
,supe2080-equip-patch-cable-cat6-s-ftp-2-m-black,MERGE,Equip Patch Cable - CAT6 S/FTP - 2 m - Black,<p>Equip Patch Cable - CAT6 S/FTP - 2 m - Black</p>,EQUIP,ZUBEHÖR,"ZUBEHÖR, EQUIP, import-ohne-bild",MERGE,draft,FALSE,global,Electronics > Electronics Accessories,SUPE2080,7.99,,1.52,shopify,deny,20,TRUE,TRUE,0.068,kg,4015867151785,,,,1.52,5.19,2026-06-17T21:20:08
,supe2081-equip-patch-cable-cat6-s-ftp-3-m-black,MERGE,Equip Patch Cable - CAT6 S/FTP - 3 m - Black,<p>Equip Patch Cable - CAT6 S/FTP - 3 m - Black</p>,EQUIP,ZUBEHÖR,"ZUBEHÖR, EQUIP, import-ohne-bild",MERGE,draft,FALSE,global,Electronics > Electronics Accessories,SUPE2081,8.99,,2.01,shopify,deny,13,TRUE,TRUE,0.094,kg,4015867151815,,,,2.01,5.54,2026-06-17T21:20:08
,supe2082-equip-patch-cable-cat6-s-ftp-5-m-black,MERGE,Equip Patch Cable - CAT6 S/FTP - 5 m - Black,<p>Equip Patch Cable - CAT6 S/FTP - 5 m - Black</p>,EQUIP,ZUBEHÖR,"ZUBEHÖR, EQUIP, import-ohne-bild",MERGE,draft,FALSE,global,Electronics > Electronics Accessories,SUPE2082,9.99,,2.95,shopify,deny,20,TRUE,TRUE,0.148,kg,4015867151846,,,,2.95,5.44,2026-06-17T21:20:08
,supe2083-equip-patch-cable-cat6-s-ftp-7-5-m-black,MERGE,"Equip Patch Cable - CAT6 S/FTP - 7,5 m - Black","<p>Equip Patch Cable - CAT6 S/FTP - 7,5 m - Black</p>",EQUIP,ZUBEHÖR,"ZUBEHÖR, EQUIP, import-ohne-bild",MERGE,draft,FALSE,global,Electronics > Electronics Accessories,SUPE2083,10.99,,4.11,shopify,deny,9,TRUE,TRUE,0.214,kg,4015867151877,,,,4.11,5.13,2026-06-17T21:20:08
,supe2085-equip-patch-cable-cat6-s-ftp-0-5-m-black,MERGE,"Equip Patch Cable - CAT6 S/FTP - 0,5 m - Black","<p>Equip Patch Cable - CAT6 S/FTP - 0,5 m - Black</p>",EQUIP,ZUBEHÖR,"ZUBEHÖR, EQUIP, import-ohne-bild",MERGE,draft,FALSE,global,Electronics > Electronics Accessories,SUPE2085,6.99,,0.82,shopify,deny,99,TRUE,TRUE,0.030,kg,4015867151723,,,,0.82,5.05,2026-06-17T21:20:08
,supe2086-equip-patch-cable-cat6-s-ftp-15-m-black,MERGE,Equip Patch Cable - CAT6 S/FTP - 15 m - Black,<p>Equip Patch Cable - CAT6 S/FTP - 15 m - Black</p>,EQUIP,ZUBEHÖR,"ZUBEHÖR, EQUIP, import-ohne-bild",MERGE,draft,FALSE,global,Electronics > Electronics Accessories,SUPE2086,14.99,,7.56,shopify,deny,2,TRUE,TRUE,0.390,kg,4015867151938,,,,7.56,5.04,2026-06-17T21:20:08
,supe2087-equip-patch-cable-cat6-s-ftp-20-m-black,MERGE,Equip Patch Cable - CAT6 S/FTP - 20 m - Black,<p>Equip Patch Cable - CAT6 S/FTP - 20 m - Black</p>,EQUIP,ZUBEHÖR,"ZUBEHÖR, EQUIP, import-ohne-bild",MERGE,draft,FALSE,global,Electronics > Electronics Accessories,SUPE2087,17.99,,9.87,shopify,deny,5,TRUE,TRUE,0.528,kg,4015867151969,,,,9.87,5.25,2026-06-17T21:20:08
,supe2089-equip-patch-cable-cat6a-s-ftp-0-25-m-white,MERGE,"Equip Patch Cable - CAT6A S/FTP - 0,25 m - White","<p>Equip Patch Cable - CAT6A S/FTP - 0,25 m - White</p>",EQUIP,ZUBEHÖR,"ZUBEHÖR, EQUIP, import-ohne-bild",MERGE,draft,FALSE,global,Electronics > Electronics Accessories,SUPE2089,6.99,,0.74,shopify,deny,63,TRUE,TRUE,0.016,kg,4015867204122,,,,0.74,5.13,2026-06-17T21:20:08
,supe2090-equip-patch-cable-cat6a-s-ftp-0-5-m-white,MERGE,"Equip Patch Cable - CAT6A S/FTP - 0,5 m - White","<p>Equip Patch Cable - CAT6A S/FTP - 0,5 m - White</p>",EQUIP,ZUBEHÖR,"ZUBEHÖR, EQUIP, import-ohne-bild",MERGE,draft,FALSE,global,Electronics > Electronics Accessories,SUPE2090,6.99,,0.87,shopify,deny,7,TRUE,TRUE,0.030,kg,4015867204139,,,,0.87,5.00,2026-06-17T21:20:08
,supe2091-equip-patch-cable-cat6a-s-ftp-1-m-white,MERGE,Equip Patch Cable - CAT6A S/FTP - 1 m - White,<p>Equip Patch Cable - CAT6A S/FTP - 1 m - White</p>,EQUIP,ZUBEHÖR,"ZUBEHÖR, EQUIP, import-ohne-bild",MERGE,draft,FALSE,global,Electronics > Electronics Accessories,SUPE2091,7.99,,1.09,shopify,deny,24,TRUE,TRUE,0.044,kg,4015867204146,,,,1.09,5.62,2026-06-17T21:20:08
,supe2092-equip-patch-cable-cat6a-s-ftp-2-m-white,MERGE,Equip Patch Cable - CAT6A S/FTP - 2 m - White,<p>Equip Patch Cable - CAT6A S/FTP - 2 m - White</p>,EQUIP,ZUBEHÖR,"ZUBEHÖR, EQUIP, import-ohne-bild",MERGE,draft,FALSE,global,Electronics > Electronics Accessories,SUPE2092,7.99,,1.58,shopify,deny,10,TRUE,TRUE,0.074,kg,4015867204153,,,,1.58,5.13,2026-06-17T21:20:08
,supe2094-equip-patch-cable-cat6a-s-ftp-5-m-white,MERGE,Equip Patch Cable - CAT6A S/FTP - 5 m - White,<p>Equip Patch Cable - CAT6A S/FTP - 5 m - White</p>,EQUIP,ZUBEHÖR,"ZUBEHÖR, EQUIP, import-ohne-bild",MERGE,draft,FALSE,global,Electronics > Electronics Accessories,SUPE2094,10.99,,3.74,shopify,deny,4,TRUE,TRUE,0.172,kg,4015867204177,,,,3.74,5.50,2026-06-17T21:20:08
,supe2095-equip-patch-cable-cat6a-s-ftp-7-5-m-white,MERGE,"Equip Patch Cable - CAT6A S/FTP - 7,5 m - White","<p>Equip Patch Cable - CAT6A S/FTP - 7,5 m - White</p>",EQUIP,ZUBEHÖR,"ZUBEHÖR, EQUIP, import-ohne-bild",MERGE,draft,FALSE,global,Electronics > Electronics Accessories,SUPE2095,12.99,,5.08,shopify,deny,5,TRUE,TRUE,0.246,kg,4015867204184,,,,5.08,5.84,2026-06-17T21:20:08
,supe2096-equip-patch-cable-cat6a-s-ftp-10-m-white,MERGE,Equip Patch Cable - CAT6A S/FTP - 10 m - White,<p>Equip Patch Cable - CAT6A S/FTP - 10 m - White</p>,EQUIP,ZUBEHÖR,"ZUBEHÖR, EQUIP, import-ohne-bild",MERGE,draft,FALSE,global,Electronics > Electronics Accessories,SUPE2096,13.99,,6.44,shopify,deny,5,TRUE,TRUE,0.314,kg,4015867204191,,,,6.44,5.32,2026-06-17T21:20:08
,supe2097-equip-patch-cable-cat6a-s-ftp-15-m-white,MERGE,Equip Patch Cable - CAT6A S/FTP - 15 m - White,<p>Equip Patch Cable - CAT6A S/FTP - 15 m - White</p>,EQUIP,ZUBEHÖR,"ZUBEHÖR, EQUIP, import-ohne-bild",MERGE,draft,FALSE,global,Electronics > Electronics Accessories,SUPE2097,16.99,,9.20,shopify,deny,1,TRUE,TRUE,0.460,kg,4015867204207,,,,9.20,5.08,2026-06-17T21:20:08
,supe2098-equip-patch-cable-cat6a-s-ftp-20-m-white,MERGE,Equip Patch Cable - CAT6A S/FTP - 20 m - White,<p>Equip Patch Cable - CAT6A S/FTP - 20 m - White</p>,EQUIP,ZUBEHÖR,"ZUBEHÖR, EQUIP, import-ohne-bild",MERGE,draft,FALSE,global,Electronics > Electronics Accessories,SUPE2098,20.99,,11.88,shopify,deny,3,TRUE,TRUE,0.606,kg,4015867204214,,,,11.88,5.76,2026-06-17T21:20:08
,supe2099-equip-patch-cable-cat6a-s-ftp-30-m-white,MERGE,Equip Patch Cable - CAT6A S/FTP - 30 m - White,<p>Equip Patch Cable - CAT6A S/FTP - 30 m - White</p>,EQUIP,ZUBEHÖR,"ZUBEHÖR, EQUIP, import-ohne-bild",MERGE,draft,FALSE,global,Electronics > Electronics Accessories,SUPE2099,28.99,,17.36,shopify,deny,2,TRUE,TRUE,0.938,kg,4015867204221,,,,17.36,7.00,2026-06-17T21:20:08
,supe2100-equip-patch-cable-cat6a-s-ftp-1-5-m-white,MERGE,"Equip Patch Cable - CAT6A S/FTP - 1,5 m - White","<p>Equip Patch Cable - CAT6A S/FTP - 1,5 m - White</p>",EQUIP,ZUBEHÖR,"ZUBEHÖR, EQUIP, import-ohne-bild",MERGE,draft,FALSE,global,Electronics > Electronics Accessories,SUPE2100,8.99,,1.76,shopify,deny,39,TRUE,TRUE,0.060,kg,4015867237076,,,,1.76,5.79,2026-06-17T21:20:08
,supe2101-equip-patch-cable-cat6a-s-ftp-25-m-white,MERGE,Equip Patch Cable - CAT6A S/FTP - 25 m - White,<p>Equip Patch Cable - CAT6A S/FTP - 25 m - White</p>,EQUIP,ZUBEHÖR,"ZUBEHÖR, EQUIP, import-ohne-bild",MERGE,draft,FALSE,global,Electronics > Electronics Accessories,SUPE2101,26.99,,16.06,shopify,deny,4,TRUE,TRUE,0.750,kg,4015867237083,,,,16.06,6.62,2026-06-17T21:20:08
,supe2102-equip-patch-cable-cat6a-s-ftp-15-cm-black,MERGE,Equip Patch Cable - CAT6A S/FTP - 15 cm - Black,<p>Equip Patch Cable - CAT6A S/FTP - 15 cm - Black</p>,EQUIP,ZUBEHÖR,"ZUBEHÖR, EQUIP, import-ohne-bild",MERGE,draft,FALSE,global,Electronics > Electronics Accessories,SUPE2102,6.99,,0.84,shopify,deny,116,TRUE,TRUE,0.016,kg,4015867237090,,,,0.84,5.03,2026-06-17T21:20:08
,supe2103-equip-patch-cable-cat6a-s-ftp-25-cm-black,MERGE,Equip Patch Cable - CAT6A S/FTP - 25 cm - Black,<p>Equip Patch Cable - CAT6A S/FTP - 25 cm - Black</p>,EQUIP,ZUBEHÖR,"ZUBEHÖR, EQUIP, import-ohne-bild",MERGE,draft,FALSE,global,Electronics > Electronics Accessories,SUPE2103,7.99,,0.93,shopify,deny,49,TRUE,TRUE,0.018,kg,4015867204238,,,,0.93,5.78,2026-06-17T21:20:08
,supe2109-equip-patch-cable-cat6a-s-ftp-7-5-m-black,MERGE,"Equip Patch Cable - CAT6A S/FTP - 7,5 m - Black","<p>Equip Patch Cable - CAT6A S/FTP - 7,5 m - Black</p>",EQUIP,ZUBEHÖR,"ZUBEHÖR, EQUIP, import-ohne-bild",MERGE,draft,FALSE,global,Electronics > Electronics Accessories,SUPE2109,12.99,,5.08,shopify,deny,6,TRUE,TRUE,0.236,kg,4015867204290,,,,5.08,5.84,2026-06-17T21:20:08
,supe2113-equip-patch-cable-cat6a-s-ftp-30-m-black,MERGE,Equip Patch Cable - CAT6A S/FTP - 30 m - Black,<p>Equip Patch Cable - CAT6A S/FTP - 30 m - Black</p>,EQUIP,ZUBEHÖR,"ZUBEHÖR, EQUIP, import-ohne-bild",MERGE,draft,FALSE,global,Electronics > Electronics Accessories,SUPE2113,28.99,,17.36,shopify,deny,4,TRUE,TRUE,0.884,kg,4015867204337,,,,17.36,7.00,2026-06-17T21:20:08
,supe2114-equip-slim-patch-cable-cat6a-f-ftp-0-25-m-beige,MERGE,"Equip Slim Patch Cable - CAT6A F/FTP - 0,25 m - Beige","<p>Equip Slim Patch Cable - CAT6A F/FTP - 0,25 m - Beige</p>",EQUIP,ZUBEHÖR,"ZUBEHÖR, EQUIP, import-ohne-bild",MERGE,draft,FALSE,global,Electronics > Electronics Accessories,SUPE2114,7.99,,1.62,shopify,deny,25,TRUE,TRUE,0.010,kg,4015867209547,,,,1.62,5.09,2026-06-17T21:20:08
,supe2115-equip-slim-patch-cable-cat6a-f-ftp-0-5-m-beige,MERGE,"Equip Slim Patch Cable - CAT6A F/FTP - 0,5 m - Beige","<p>Equip Slim Patch Cable - CAT6A F/FTP - 0,5 m - Beige</p>",EQUIP,ZUBEHÖR,"ZUBEHÖR, EQUIP, import-ohne-bild",MERGE,draft,FALSE,global,Electronics > Electronics Accessories,SUPE2115,7.99,,1.71,shopify,deny,105,TRUE,TRUE,0.014,kg,4015867209554,,,,1.71,5.00,2026-06-17T21:20:08
,supe2116-equip-slim-patch-cable-cat6a-f-ftp-1-m-beige,MERGE,Equip Slim Patch Cable - CAT6A F/FTP - 1 m - Beige,<p>Equip Slim Patch Cable - CAT6A F/FTP - 1 m - Beige</p>,EQUIP,ZUBEHÖR,"ZUBEHÖR, EQUIP, import-ohne-bild",MERGE,draft,FALSE,global,Electronics > Electronics Accessories,SUPE2116,8.99,,1.96,shopify,deny,80,TRUE,TRUE,0.026,kg,4015867209561,,,,1.96,5.59,2026-06-17T21:20:08
,supe2117-equip-slim-patch-cable-cat6a-f-ftp-2-m-beige,MERGE,Equip Slim Patch Cable - CAT6A F/FTP - 2 m - Beige,<p>Equip Slim Patch Cable - CAT6A F/FTP - 2 m - Beige</p>,EQUIP,ZUBEHÖR,"ZUBEHÖR, EQUIP, import-ohne-bild",MERGE,draft,FALSE,global,Electronics > Electronics Accessories,SUPE2117,8.99,,2.44,shopify,deny,5,TRUE,TRUE,0.040,kg,4015867209578,,,,2.44,5.11,2026-06-17T21:20:08
,supe2118-equip-slim-patch-cable-cat6a-f-ftp-3-m-beige,MERGE,Equip Slim Patch Cable - CAT6A F/FTP - 3 m - Beige,<p>Equip Slim Patch Cable - CAT6A F/FTP - 3 m - Beige</p>,EQUIP,ZUBEHÖR,"ZUBEHÖR, EQUIP, import-ohne-bild",MERGE,draft,FALSE,global,Electronics > Electronics Accessories,SUPE2118,9.99,,3.01,shopify,deny,40,TRUE,TRUE,0.054,kg,4015867209585,,,,3.01,5.38,2026-06-17T21:20:08
,supe2119-equip-slim-patch-cable-cat6a-f-ftp-5-m-beige,MERGE,Equip Slim Patch Cable - CAT6A F/FTP - 5 m - Beige,<p>Equip Slim Patch Cable - CAT6A F/FTP - 5 m - Beige</p>,EQUIP,ZUBEHÖR,"ZUBEHÖR, EQUIP, import-ohne-bild",MERGE,draft,FALSE,global,Electronics > Electronics Accessories,SUPE2119,10.99,,3.91,shopify,deny,12,TRUE,TRUE,0.077,kg,4015867209592,,,,3.91,5.33,2026-06-17T21:20:08
,supe2120-equip-slim-patch-cable-cat6a-f-ftp-7-5-m-beige,MERGE,"Equip Slim Patch Cable - CAT6A F/FTP - 7,5 m - Beige","<p>Equip Slim Patch Cable - CAT6A F/FTP - 7,5 m - Beige</p>",EQUIP,ZUBEHÖR,"ZUBEHÖR, EQUIP, import-ohne-bild",MERGE,draft,FALSE,global,Electronics > Electronics Accessories,SUPE2120,11.99,,4.90,shopify,deny,16,TRUE,TRUE,0.114,kg,4015867209608,,,,4.90,5.18,2026-06-17T21:20:08
,supe2121-equip-slim-patch-cable-cat6a-f-ftp-0-25-m-black,MERGE,"Equip Slim Patch Cable - CAT6A F/FTP - 0,25 m - Black","<p>Equip Slim Patch Cable - CAT6A F/FTP - 0,25 m - Black</p>",EQUIP,ZUBEHÖR,"ZUBEHÖR, EQUIP, import-ohne-bild",MERGE,draft,FALSE,global,Electronics > Electronics Accessories,SUPE2121,7.99,,1.62,shopify,deny,16,TRUE,TRUE,0.012,kg,4015867209646,,,,1.62,5.09,2026-06-17T21:20:08
,supe2122-equip-slim-patch-cable-cat6a-f-ftp-0-5-m-black,MERGE,"Equip Slim Patch Cable - CAT6A F/FTP - 0,5 m - Black","<p>Equip Slim Patch Cable - CAT6A F/FTP - 0,5 m - Black</p>",EQUIP,ZUBEHÖR,"ZUBEHÖR, EQUIP, import-ohne-bild",MERGE,draft,FALSE,global,Electronics > Electronics Accessories,SUPE2122,7.99,,1.71,shopify,deny,25,TRUE,TRUE,0.014,kg,4015867209653,,,,1.71,5.00,2026-06-17T21:20:08
,supe2123-equip-slim-patch-cable-cat6a-f-ftp-1-m-black,MERGE,Equip Slim Patch Cable - CAT6A F/FTP - 1 m - Black,<p>Equip Slim Patch Cable - CAT6A F/FTP - 1 m - Black</p>,EQUIP,ZUBEHÖR,"ZUBEHÖR, EQUIP, import-ohne-bild",MERGE,draft,FALSE,global,Electronics > Electronics Accessories,SUPE2123,8.99,,1.96,shopify,deny,79,TRUE,TRUE,0.026,kg,4015867209660,,,,1.96,5.59,2026-06-17T21:20:08
,supe2124-equip-slim-patch-cable-cat6a-f-ftp-2-m-black,MERGE,Equip Slim Patch Cable - CAT6A F/FTP - 2 m - Black,<p>Equip Slim Patch Cable - CAT6A F/FTP - 2 m - Black</p>,EQUIP,ZUBEHÖR,"ZUBEHÖR, EQUIP, import-ohne-bild",MERGE,draft,FALSE,global,Electronics > Electronics Accessories,SUPE2124,8.99,,2.44,shopify,deny,60,TRUE,TRUE,0.038,kg,4015867209677,,,,2.44,5.11,2026-06-17T21:20:08
,supe2125-equip-slim-patch-cable-cat6a-f-ftp-3-m-black,MERGE,Equip Slim Patch Cable - CAT6A F/FTP - 3 m - Black,<p>Equip Slim Patch Cable - CAT6A F/FTP - 3 m - Black</p>,EQUIP,ZUBEHÖR,"ZUBEHÖR, EQUIP, import-ohne-bild",MERGE,draft,FALSE,global,Electronics > Electronics Accessories,SUPE2125,9.99,,3.01,shopify,deny,35,TRUE,TRUE,0.052,kg,4015867209684,,,,3.01,5.38,2026-06-17T21:20:08
,supe2126-equip-slim-patch-cable-cat6a-f-ftp-5-m-black,MERGE,Equip Slim Patch Cable - CAT6A F/FTP - 5 m - Black,<p>Equip Slim Patch Cable - CAT6A F/FTP - 5 m - Black</p>,EQUIP,ZUBEHÖR,"ZUBEHÖR, EQUIP, import-ohne-bild",MERGE,draft,FALSE,global,Electronics > Electronics Accessories,SUPE2126,10.99,,3.91,shopify,deny,30,TRUE,TRUE,0.077,kg,4015867209691,,,,3.91,5.33,2026-06-17T21:20:08
,supe2127-equip-slim-patch-cable-cat6a-f-ftp-7-5-m-black,MERGE,"Equip Slim Patch Cable - CAT6A F/FTP - 7,5 m - Black","<p>Equip Slim Patch Cable - CAT6A F/FTP - 7,5 m - Black</p>",EQUIP,ZUBEHÖR,"ZUBEHÖR, EQUIP, import-ohne-bild",MERGE,draft,FALSE,global,Electronics > Electronics Accessories,SUPE2127,11.99,,4.90,shopify,deny,12,TRUE,TRUE,0.114,kg,4015867209707,,,,4.90,5.18,2026-06-17T21:20:08
,supe2128-equip-patch-cable-cat6a-s-ftp-1-5-m-black,MERGE,"Equip Patch Cable - CAT6A S/FTP - 1,5 m - Black","<p>Equip Patch Cable - CAT6A S/FTP - 1,5 m - Black</p>",EQUIP,ZUBEHÖR,"ZUBEHÖR, EQUIP, import-ohne-bild",MERGE,draft,FALSE,global,Electronics > Electronics Accessories,SUPE2128,8.99,,1.76,shopify,deny,2,TRUE,TRUE,0.060,kg,4015867237106,,,,1.76,5.79,2026-06-17T21:20:08
,supe2129-equip-patch-cable-cat6a-s-ftp-25-m-black,MERGE,Equip Patch Cable - CAT6A S/FTP - 25 m - Black,<p>Equip Patch Cable - CAT6A S/FTP - 25 m - Black</p>,EQUIP,ZUBEHÖR,"ZUBEHÖR, EQUIP, import-ohne-bild",MERGE,draft,FALSE,global,Electronics > Electronics Accessories,SUPE2129,26.99,,16.06,shopify,deny,3,TRUE,TRUE,0.758,kg,4015867237113,,,,16.06,6.62,2026-06-17T21:20:08
,supe2130-equip-patch-cable-cat6a-s-ftp-0-15-m-grey,MERGE,"Equip Patch Cable - CAT6A S/FTP - 0,15 m - Grey","<p>Equip Patch Cable - CAT6A S/FTP - 0,15 m - Grey</p>",EQUIP,ZUBEHÖR,"ZUBEHÖR, EQUIP, import-ohne-bild",MERGE,draft,FALSE,global,Electronics > Electronics Accessories,SUPE2130,6.99,,0.84,shopify,deny,17,TRUE,TRUE,0.014,kg,4015867237274,,,,0.84,5.03,2026-06-17T21:20:08
,supe2131-equip-patch-cable-cat6a-s-ftp-0-25-m-grey,MERGE,"Equip Patch Cable - CAT6A S/FTP - 0,25 m - Grey","<p>Equip Patch Cable - CAT6A S/FTP - 0,25 m - Grey</p>",EQUIP,ZUBEHÖR,"ZUBEHÖR, EQUIP, import-ohne-bild",MERGE,draft,FALSE,global,Electronics > Electronics Accessories,SUPE2131,7.99,,0.93,shopify,deny,104,TRUE,TRUE,0.019,kg,4015867229583,,,,0.93,5.78,2026-06-17T21:20:08
,supe2134-equip-patch-cable-cat6a-s-ftp-2-m-grey,MERGE,Equip Patch Cable - CAT6A S/FTP - 2 m - Grey,<p>Equip Patch Cable - CAT6A S/FTP - 2 m - Grey</p>,EQUIP,ZUBEHÖR,"ZUBEHÖR, EQUIP, import-ohne-bild",MERGE,draft,FALSE,global,Electronics > Electronics Accessories,SUPE2134,8.99,,2.00,shopify,deny,15,TRUE,TRUE,0.080,kg,4015867229613,,,,2.00,5.55,2026-06-17T21:20:08
,supe2135-equip-patch-cable-cat6a-s-ftp-3-m-grey,MERGE,Equip Patch Cable - CAT6A S/FTP - 3 m - Grey,<p>Equip Patch Cable - CAT6A S/FTP - 3 m - Grey</p>,EQUIP,ZUBEHÖR,"ZUBEHÖR, EQUIP, import-ohne-bild",MERGE,draft,FALSE,global,Electronics > Electronics Accessories,SUPE2135,9.99,,2.58,shopify,deny,17,TRUE,TRUE,0.104,kg,4015867229620,,,,2.58,5.81,2026-06-17T21:20:08
,supe2136-equip-patch-cable-cat6a-s-ftp-5-m-grey,MERGE,Equip Patch Cable - CAT6A S/FTP - 5 m - Grey,<p>Equip Patch Cable - CAT6A S/FTP - 5 m - Grey</p>,EQUIP,ZUBEHÖR,"ZUBEHÖR, EQUIP, import-ohne-bild",MERGE,draft,FALSE,global,Electronics > Electronics Accessories,SUPE2136,10.99,,3.74,shopify,deny,4,TRUE,TRUE,0.164,kg,4015867229637,,,,3.74,5.50,2026-06-17T21:20:08
,supe2137-equip-patch-cable-cat6a-s-ftp-7-5-m-grey,MERGE,"Equip Patch Cable - CAT6A S/FTP - 7,5 m - Grey","<p>Equip Patch Cable - CAT6A S/FTP - 7,5 m - Grey</p>",EQUIP,ZUBEHÖR,"ZUBEHÖR, EQUIP, import-ohne-bild",MERGE,draft,FALSE,global,Electronics > Electronics Accessories,SUPE2137,12.99,,5.08,shopify,deny,8,TRUE,TRUE,0.236,kg,4015867229644,,,,5.08,5.84,2026-06-17T21:20:08
,supe2138-equip-patch-cable-cat6a-s-ftp-10-m-grey,MERGE,Equip Patch Cable - CAT6A S/FTP - 10 m - Grey,<p>Equip Patch Cable - CAT6A S/FTP - 10 m - Grey</p>,EQUIP,ZUBEHÖR,"ZUBEHÖR, EQUIP, import-ohne-bild",MERGE,draft,FALSE,global,Electronics > Electronics Accessories,SUPE2138,13.99,,6.44,shopify,deny,3,TRUE,TRUE,0.305,kg,4015867229651,,,,6.44,5.32,2026-06-17T21:20:08
,supe2139-equip-patch-cable-cat6a-s-ftp-15-m-grey,MERGE,Equip Patch Cable - CAT6A S/FTP - 15 m - Grey,<p>Equip Patch Cable - CAT6A S/FTP - 15 m - Grey</p>,EQUIP,ZUBEHÖR,"ZUBEHÖR, EQUIP, import-ohne-bild",MERGE,draft,FALSE,global,Electronics > Electronics Accessories,SUPE2139,16.99,,9.20,shopify,deny,3,TRUE,TRUE,0.446,kg,4015867229668,,,,9.20,5.08,2026-06-17T21:20:08
,supe2140-equip-patch-cable-cat6a-s-ftp-20-m-grey,MERGE,Equip Patch Cable - CAT6A S/FTP - 20 m - Grey,<p>Equip Patch Cable - CAT6A S/FTP - 20 m - Grey</p>,EQUIP,ZUBEHÖR,"ZUBEHÖR, EQUIP, import-ohne-bild",MERGE,draft,FALSE,global,Electronics > Electronics Accessories,SUPE2140,20.99,,11.88,shopify,deny,2,TRUE,TRUE,0.638,kg,4015867229675,,,,11.88,5.76,2026-06-17T21:20:08
,supe2141-equip-patch-cable-cat6a-s-ftp-30-m-grey,MERGE,Equip Patch Cable - CAT6A S/FTP - 30 m - Grey,<p>Equip Patch Cable - CAT6A S/FTP - 30 m - Grey</p>,EQUIP,ZUBEHÖR,"ZUBEHÖR, EQUIP, import-ohne-bild",MERGE,draft,FALSE,global,Electronics > Electronics Accessories,SUPE2141,28.99,,17.36,shopify,deny,1,TRUE,TRUE,0.890,kg,4015867229682,,,,17.36,7.00,2026-06-17T21:20:08
,supe2142-equip-patch-cable-cat6a-s-ftp-1-5-m-grey,MERGE,"Equip Patch Cable - CAT6A S/FTP - 1,5 m - Grey","<p>Equip Patch Cable - CAT6A S/FTP - 1,5 m - Grey</p>",EQUIP,ZUBEHÖR,"ZUBEHÖR, EQUIP, import-ohne-bild",MERGE,draft,FALSE,global,Electronics > Electronics Accessories,SUPE2142,8.99,,1.76,shopify,deny,49,TRUE,TRUE,0.060,kg,4015867237281,,,,1.76,5.79,2026-06-17T21:20:08
,supe2143-equip-patch-cable-cat6a-s-ftp-25-m-grey,MERGE,Equip Patch Cable - CAT6A S/FTP - 25 m - Grey,<p>Equip Patch Cable - CAT6A S/FTP - 25 m - Grey</p>,EQUIP,ZUBEHÖR,"ZUBEHÖR, EQUIP, import-ohne-bild",MERGE,draft,FALSE,global,Electronics > Electronics Accessories,SUPE2143,26.99,,16.06,shopify,deny,3,TRUE,TRUE,0.728,kg,4015867237298,,,,16.06,6.62,2026-06-17T21:20:08
,supg4000-grandstream-wp810-schnurloses-voip-telefon,MERGE,Grandstream WP810 - schnurloses VoIP-Telefon,<p>Grandstream WP810 - schnurloses VoIP-Telefon</p>,Grandstream,CE,"CE, Grandstream, import-ohne-bild",MERGE,draft,FALSE,global,Electronics,SUPG4000,86.99,,60.49,shopify,deny,37,TRUE,TRUE,0.404,kg,6947273702993,,,,60.49,12.61,2026-06-17T21:20:08
,supg4001-grandstream-wp820-schnurloses-voip-telefon-mit-bluetooth-schnittstelle,MERGE,Grandstream WP820 - schnurloses VoIP-Telefon - mit Bluetooth-Schnittstelle,<p>Grandstream WP820 - schnurloses VoIP-Telefon - mit Bluetooth-Schnittstelle</p>,Grandstream,CE,"CE, Grandstream, import-ohne-bild",MERGE,draft,FALSE,global,Electronics,SUPG4001,128.99,,90.23,shopify,deny,72,TRUE,TRUE,0.494,kg,6947273702672,,,,90.23,18.16,2026-06-17T21:20:08
,supg4002-grandstream-wp822-schnurloses-voip-telefon,MERGE,Grandstream WP822 - schnurloses VoIP-Telefon,<p>Grandstream WP822 - schnurloses VoIP-Telefon</p>,Grandstream,CE,"CE, Grandstream, import-ohne-bild",MERGE,draft,FALSE,global,Electronics,SUPG4002,105.99,,73.69,shopify,deny,56,TRUE,TRUE,0.440,kg,6947273703853,,,,73.69,15.38,2026-06-17T21:20:08
,supg4003-grandstream-wp825-schnurloses-voip-telefon-mit-bluetooth-schnittstelle,MERGE,Grandstream WP825 - schnurloses VoIP-Telefon - mit Bluetooth-Schnittstelle,<p>Grandstream WP825 - schnurloses VoIP-Telefon - mit Bluetooth-Schnittstelle</p>,Grandstream,CE,"CE, Grandstream, import-ohne-bild",MERGE,draft,FALSE,global,Electronics,SUPG4003,133.99,,93.28,shopify,deny,28,TRUE,TRUE,0.488,kg,6947273703761,,,,93.28,19.32,2026-06-17T21:20:08
,supg4004-grandstream-ht801-v2-voip-telefonadapter,MERGE,Grandstream HT801 - V2 - VoIP-Telefonadapter,<p>Grandstream HT801 - V2 - VoIP-Telefonadapter</p>,Grandstream,CE,"CE, Grandstream, import-ohne-bild",MERGE,draft,FALSE,global,Electronics,SUPG4004,45.99,,29.44,shopify,deny,128,TRUE,TRUE,0.351,kg,6947273705383,,,,29.44,9.21,2026-06-17T21:20:08
,supg4006-grandstream-wp816-schnurloses-voip-telefon-mit-bluetooth-schnittstelle-,MERGE,Grandstream WP816 - schnurloses VoIP-Telefon - mit Bluetooth-Schnittstelle - IEEE 802.11a/b/g/n/ac/a,<p>Grandstream WP816 - schnurloses VoIP-Telefon - mit Bluetooth-Schnittstelle - IEEE 802.11a/b/g/n/ac/a</p>,Grandstream,CE,"CE, Grandstream, import-ohne-bild",MERGE,draft,FALSE,global,Electronics,SUPG4006,71.99,,46.18,shopify,deny,166,TRUE,TRUE,0.422,kg,6947273705093,,,,46.18,14.32,2026-06-17T21:20:08
,supg4007-grandstream-wp826-schnurloses-voip-telefon-mit-bluetooth-schnittstelle-,MERGE,Grandstream WP826 - schnurloses VoIP-Telefon - mit Bluetooth-Schnittstelle - IEEE 802.11a/b/g/n/ac/a,<p>Grandstream WP826 - schnurloses VoIP-Telefon - mit Bluetooth-Schnittstelle - IEEE 802.11a/b/g/n/ac/a</p>,Grandstream,CE,"CE, Grandstream, import-ohne-bild",MERGE,draft,FALSE,global,Electronics,SUPG4007,83.99,,58.21,shopify,deny,30,TRUE,TRUE,0.517,kg,6947273705147,,,,58.21,12.37,2026-06-17T21:20:08
,supg4011-grandstream-gwn7665-accesspoint-wi-fi-6-wi-fi-6e,MERGE,Grandstream GWN7665 - Accesspoint - Wi-Fi 6 - Wi-Fi 6E,<p>Grandstream GWN7665 - Accesspoint - Wi-Fi 6 - Wi-Fi 6E</p>,Grandstream,CE,"CE, Grandstream, import-ohne-bild",MERGE,draft,FALSE,global,Electronics,SUPG4011,126.99,,88.31,shopify,deny,3,TRUE,TRUE,1.238,kg,6947273704874,,,,88.31,18.40,2026-06-17T21:20:08
,supg4014-grandstream-ht814-v2-voip-gateway-mit-gigabit,MERGE,Grandstream HT814 V2 - VoIP-Gateway - mit Gigabit,<p>Grandstream HT814 V2 - VoIP-Gateway - mit Gigabit</p>,Grandstream,CE,"CE, Grandstream, import-ohne-bild",MERGE,draft,FALSE,global,Electronics,SUPG4014,84.99,,59.07,shopify,deny,32,TRUE,TRUE,0.447,kg,6947273705338,,,,59.07,12.35,2026-06-17T21:20:08
,suph0029-hp-thunderbolt-g4-dock-dockingstation,MERGE,HP Thunderbolt G4 Dock - Dockingstation,<p>HP Thunderbolt G4 Dock - Dockingstation</p>,Hewlett Packard,DOCKING,"DOCKING, Hewlett Packard, import-ohne-bild",MERGE,draft,FALSE,global,Electronics > Computers > Laptop Accessories > Laptop Docking Stations,SUPH0029,207.99,,145.65,shopify,deny,175,TRUE,TRUE,1.572,kg,0196068757403,,,,145.65,29.13,2026-06-17T21:20:08
,suph0049-hp-thunderbolt-dock-g6-dockingstation-thunderbolt-4,MERGE,HP Thunderbolt Dock G6 - Dockingstation - Thunderbolt 4,<p>HP Thunderbolt Dock G6 - Dockingstation - Thunderbolt 4</p>,Hewlett Packard,DOCKING,"DOCKING, Hewlett Packard, import-ohne-bild",MERGE,draft,FALSE,global,Electronics > Computers > Laptop Accessories > Laptop Docking Stations,SUPH0049,243.99,,170.52,shopify,deny,159,TRUE,TRUE,1.940,kg,0198415314925,,,,170.52,34.51,2026-06-17T21:20:08
,suph0050-hp-thunderbolt-dock-g6-dockingstation-thunderbolt-4,MERGE,HP Thunderbolt Dock G6 - Dockingstation - Thunderbolt 4,<p>HP Thunderbolt Dock G6 - Dockingstation - Thunderbolt 4</p>,Hewlett Packard,DOCKING,"DOCKING, Hewlett Packard, import-ohne-bild",MERGE,draft,FALSE,global,Electronics > Computers > Laptop Accessories > Laptop Docking Stations,SUPH0050,185.99,,129.92,shopify,deny,109,TRUE,TRUE,1.600,kg,0198415233004,,,,129.92,26.37,2026-06-17T21:20:08
,suph0051-hp-usb-c-100w-g6-dockingstation,MERGE,HP USB-C 100W G6 - Dockingstation,<p>HP USB-C 100W G6 - Dockingstation</p>,Hewlett Packard,DOCKING,"DOCKING, Hewlett Packard, import-ohne-bild",MERGE,draft,FALSE,global,Electronics > Computers > Laptop Accessories > Laptop Docking Stations,SUPH0051,136.99,,95.92,shopify,deny,500,TRUE,TRUE,1.542,kg,0198415314048,,,,95.92,19.20,2026-06-17T21:20:08
,suph3013-honeywell-genesis-xp-7680g-barcode-scanner,MERGE,HONEYWELL Genesis XP 7680g - Barcode-Scanner,<p>HONEYWELL Genesis XP 7680g - Barcode-Scanner</p>,HONEYWELL,,"HONEYWELL, import-ohne-bild",MERGE,draft,FALSE,global,Electronics,SUPH3013,140.99,,98.46,shopify,deny,33,TRUE,TRUE,0.600,kg,5704174522720,,,,98.46,20.02,2026-06-17T21:20:08
,suph3021-honeywell-ms5145-eclipse-barcode-scanner,MERGE,HONEYWELL MS5145 Eclipse - Barcode-Scanner,<p>HONEYWELL MS5145 Eclipse - Barcode-Scanner</p>,HONEYWELL,,"HONEYWELL, import-ohne-bild",MERGE,draft,FALSE,global,Electronics,SUPH3021,56.99,,36.54,shopify,deny,26,TRUE,TRUE,0.280,kg,4015867104675,,,,36.54,11.35,2026-06-17T21:20:08
,suph4049-hp-poly-cs540a-headset-with-handset-lifter-euro,MERGE,HP Poly CS540A - Headset with handset lifter-EURO,<p>HP Poly CS540A - Headset with handset lifter-EURO</p>,Hewlett Packard,CE,"CE, Hewlett Packard, import-ohne-bild",MERGE,draft,FALSE,global,Electronics,SUPH4049,136.99,,95.92,shopify,deny,89,TRUE,TRUE,0.658,kg,0197498152394,,,,95.92,19.20,2026-06-17T21:20:08
,supj0121-jabra-evolve2-75-headset,MERGE,JABRA Evolve2 75 - Headset,<p>JABRA Evolve2 75 - Headset</p>,Jabra,CE,"CE, Jabra, import-ohne-bild",MERGE,draft,FALSE,global,Electronics,SUPJ0121,238.99,,166.87,shopify,deny,83,TRUE,TRUE,0.522,kg,5706991024302,,,,166.87,33.96,2026-06-17T21:20:08
,supj0124-jabra-evolve2-75-ms-duo-headset,MERGE,JABRA Evolve2 75 MS Duo - Headset,<p>JABRA Evolve2 75 MS Duo - Headset</p>,Jabra,CE,"CE, Jabra, import-ohne-bild",MERGE,draft,FALSE,global,Electronics,SUPJ0124,238.99,,166.97,shopify,deny,14,TRUE,TRUE,0.516,kg,5706991024340,,,,166.97,33.86,2026-06-17T21:20:08
,supj0153-jabra-evolve2-65-uc-stereo-headset-mit-ladestation-usb-a-kabellos-bt,MERGE,JABRA  Evolve2 65 UC Stereo - Headset - mit Ladestation - USB-A - Kabellos BT,<p>JABRA  Evolve2 65 UC Stereo - Headset - mit Ladestation - USB-A - Kabellos BT</p>,Jabra,CE,"CE, Jabra, import-ohne-bild",MERGE,draft,FALSE,global,Electronics,SUPJ0153,202.99,,141.59,shopify,deny,372,TRUE,TRUE,0.941,kg,5706991022902,,,,141.59,28.99,2026-06-17T21:20:08
,supj0161-jabra-engage-65-se-stereo-headset-on-ear,MERGE,JABRA Engage 65 SE Stereo - Headset - On-Ear,<p>JABRA Engage 65 SE Stereo - Headset - On-Ear</p>,Jabra,CE,"CE, Jabra, import-ohne-bild",MERGE,draft,FALSE,global,Electronics,SUPJ0161,286.99,,200.77,shopify,deny,95,TRUE,TRUE,0.625,kg,5706991031256,,,,200.77,40.40,2026-06-17T21:20:08
,supj0168-jabra-evolve2-85-uc-stereo-headset-bluetooth-kabellos-kabelgebunden-3-5,MERGE,"JABRA Evolve2 85 UC Stereo - Headset - Bluetooth - kabellos, kabelgebunden - 3,5 mm Stecker","<p>JABRA Evolve2 85 UC Stereo - Headset - Bluetooth - kabellos, kabelgebunden - 3,5 mm Stecker</p>",Jabra,CE,"CE, Jabra, import-ohne-bild",MERGE,draft,FALSE,global,Electronics,SUPJ0168,397.99,,278.11,shopify,deny,27,TRUE,TRUE,1.033,kg,5706991023213,,,,278.11,56.34,2026-06-17T21:20:08
,supj0170-jabra-evolve-65-te-stereo-headset-bluetooth-kabellos-adapter-usb-a-via-,MERGE,JABRA Evolve 65 TE Stereo - Headset -Bluetooth - kabellos - Adapter USB-A via Bluetooth,<p>JABRA Evolve 65 TE Stereo - Headset -Bluetooth - kabellos - Adapter USB-A via Bluetooth</p>,Jabra,CE,"CE, Jabra, import-ohne-bild",MERGE,draft,FALSE,global,Electronics,SUPJ0170,171.99,,119.77,shopify,deny,5,TRUE,TRUE,0.602,kg,5706991031539,,,,119.77,24.76,2026-06-17T21:20:08
,supj0171-jabra-engage-65-se-mono-headset-on-ear-dect,MERGE,JABRA - Engage 65 SE Mono - Headset - On-Ear - DECT,<p>JABRA - Engage 65 SE Mono - Headset - On-Ear - DECT</p>,Jabra,CE,"CE, Jabra, import-ohne-bild",MERGE,draft,FALSE,global,Electronics,SUPJ0171,283.99,,198.43,shopify,deny,30,TRUE,TRUE,0.608,kg,5706991030778,,,,198.43,40.22,2026-06-17T21:20:08
,supj0173-jabra-evolve2-75-headset,MERGE,JABRA Evolve2 75 - Headset,<p>JABRA Evolve2 75 - Headset</p>,Jabra,CE,"CE, Jabra, import-ohne-bild",MERGE,draft,FALSE,global,Electronics,SUPJ0173,278.99,,194.68,shopify,deny,16,TRUE,TRUE,0.782,kg,5706991024364,,,,194.68,39.77,2026-06-17T21:20:08
,supj0180-jabra-evolve2-85-ms-duo-headset,MERGE,JABRA Evolve2 85 MS Duo Headset,<p>JABRA Evolve2 85 MS Duo Headset</p>,Jabra,CE,"CE, Jabra, import-ohne-bild",MERGE,draft,FALSE,global,Electronics,SUPJ0180,410.99,,287.25,shopify,deny,3,TRUE,TRUE,0.894,kg,5706991023299,,,,287.25,58.12,2026-06-17T21:20:08
,supj0183-jabra-evolve2-40-se-mono-headset,MERGE,JABRA Evolve2 40 SE - Mono Headset,<p>JABRA Evolve2 40 SE - Mono Headset</p>,Jabra,CE,"CE, Jabra, import-ohne-bild",MERGE,draft,FALSE,global,Electronics,SUPJ0183,89.99,,62.93,shopify,deny,142,TRUE,TRUE,0.299,kg,5706991034530,,,,62.93,12.69,2026-06-17T21:20:08
,supj0184-jabra-evolve2-55-mono-headset,MERGE,JABRA Evolve2 55 - Mono Headset,<p>JABRA Evolve2 55 - Mono Headset</p>,Jabra,CE,"CE, Jabra, import-ohne-bild",MERGE,draft,FALSE,global,Electronics,SUPJ0184,143.99,,100.49,shopify,deny,125,TRUE,TRUE,0.267,kg,5706991027501,,,,100.49,20.51,2026-06-17T21:20:08
,supj0188-jabra-headset-evolve-30-ii-ms-duo-usb-c-a-schnurgebunden,MERGE,Jabra Headset Evolve 30 II MS Duo USB-C/A schnurgebunden,<p>Jabra Headset Evolve 30 II MS Duo USB-C/A schnurgebunden</p>,Jabra,CE,"CE, Jabra, import-ohne-bild",MERGE,draft,FALSE,global,Electronics,SUPJ0188,64.99,,41.72,shopify,deny,54,TRUE,TRUE,0.219,kg,5706991034318,,,,41.72,12.89,2026-06-17T21:20:08
,supj1004-jabra-speak-510-ms,MERGE,JABRA SPEAK 510 MS,<p>JABRA SPEAK 510 MS</p>,Jabra,CE,"CE, Jabra, import-ohne-bild",MERGE,draft,FALSE,global,Electronics,SUPJ1004,92.99,,64.45,shopify,deny,347,TRUE,TRUE,0.297,kg,5706991014839,,,,64.45,13.69,2026-06-17T21:20:08
,supj1049-jabra-evolve2-75-headset,MERGE,JABRA Evolve2 75 - Headset,<p>JABRA Evolve2 75 - Headset</p>,Jabra,CE,"CE, Jabra, import-ohne-bild",MERGE,draft,FALSE,global,Electronics,SUPJ1049,248.99,,173.67,shopify,deny,177,TRUE,TRUE,0.448,kg,5706991024425,,,,173.67,35.57,2026-06-17T21:20:08
,supj1054-jabra-evolve2-65-flex-uc-stereo-headset,MERGE,JABRA Evolve2 65 Flex UC Stereo Headset,<p>JABRA Evolve2 65 Flex UC Stereo Headset</p>,Jabra,CE,"CE, Jabra, import-ohne-bild",MERGE,draft,FALSE,global,Electronics,SUPJ1054,179.99,,125.86,shopify,deny,238,TRUE,TRUE,0.296,kg,5706991029109,,,,125.86,25.39,2026-06-17T21:20:08
,supj1056-jabra-evolve2-65-ms-stereo-headset,MERGE,JABRA Evolve2 65 MS Stereo Headset,<p>JABRA Evolve2 65 MS Stereo Headset</p>,Jabra,CE,"CE, Jabra, import-ohne-bild",MERGE,draft,FALSE,global,Electronics,SUPJ1056,208.99,,146.16,shopify,deny,31,TRUE,TRUE,0.920,kg,5706991022865,,,,146.16,29.46,2026-06-17T21:20:08
,supj1061-jabra-evolve2-55-ms-mono-headset,MERGE,JABRA Evolve2 55 MS Mono Headset,<p>JABRA Evolve2 55 MS Mono Headset</p>,Jabra,CE,"CE, Jabra, import-ohne-bild",MERGE,draft,FALSE,global,Electronics,SUPJ1061,188.99,,131.95,shopify,deny,3,TRUE,TRUE,0.550,kg,5706991027518,,,,131.95,26.87,2026-06-17T21:20:08
,supj1069-jabra-evolve2-85-uc-stereo,MERGE,JABRA Evolve2 85 UC Stereo,<p>JABRA Evolve2 85 UC Stereo</p>,Jabra,CE,"CE, Jabra, import-ohne-bild",MERGE,draft,FALSE,global,Electronics,SUPJ1069,386.99,,270.50,shopify,deny,3,TRUE,TRUE,0.719,kg,5706991023190,,,,270.50,54.70,2026-06-17T21:20:08
,supj1077-jabra-engage-75-se-mono-headset-on-ear,MERGE,JABRA Engage 75 SE Mono - Headset - On-Ear,<p>JABRA Engage 75 SE Mono - Headset - On-Ear</p>,Jabra,CE,"CE, Jabra, import-ohne-bild",MERGE,draft,FALSE,global,Electronics,SUPJ1077,311.99,,218.12,shopify,deny,50,TRUE,TRUE,0.625,kg,5706991030976,,,,218.12,44.06,2026-06-17T21:20:08
,supj1079-jabra-engage-40-stereo-headset-on-ear-kabelgebunden,MERGE,JABRA Engage 40 Stereo - Headset - On-Ear - kabelgebunden,<p>JABRA Engage 40 Stereo - Headset - On-Ear - kabelgebunden</p>,Jabra,CE,"CE, Jabra, import-ohne-bild",MERGE,draft,FALSE,global,Electronics,SUPJ1079,131.99,,92.37,shopify,deny,22,TRUE,TRUE,0.303,kg,5706991026146,,,,92.37,18.55,2026-06-17T21:20:08
,supj1082-jabra-evolve-30-ii-uc-mono-headset-on-ear,MERGE,JABRA Evolve 30 II UC Mono - Headset - On-Ear,<p>JABRA Evolve 30 II UC Mono - Headset - On-Ear</p>,Jabra,CE,"CE, Jabra, import-ohne-bild",MERGE,draft,FALSE,global,Electronics,SUPJ1082,52.99,,33.80,shopify,deny,18,TRUE,TRUE,0.160,kg,5706991019957,,,,33.80,10.73,2026-06-17T21:20:08
,supj1085-jabra-evolve-65-te-stereo-headset-on-ear,MERGE,JABRA Evolve 65 TE Stereo - Headset - On-Ear,<p>JABRA Evolve 65 TE Stereo - Headset - On-Ear</p>,Jabra,CE,"CE, Jabra, import-ohne-bild",MERGE,draft,FALSE,global,Electronics,SUPJ1085,141.99,,99.27,shopify,deny,55,TRUE,TRUE,0.605,kg,5706991031522,,,,99.27,20.05,2026-06-17T21:20:08
,supl0006-logitech-mouse-b100-optical-corded-black-oem,MERGE,Logitech Mouse B100 Optical Corded Black OEM,<p>Logitech Mouse B100 Optical Corded Black OEM</p>,Logitech,LOGITECH,"LOGITECH, Logitech, import-ohne-bild",MERGE,draft,FALSE,global,Electronics > Computers > Input Devices,SUPL0006,9.99,,2.89,shopify,deny,500,TRUE,TRUE,0.121,kg,5099206041271,,,,2.89,5.50,2026-06-17T21:20:08
,supl0027-logitech-mouse-m185-wireless-swift-grey,MERGE,Logitech Mouse M185 Wireless Swift Grey,<p>Logitech Mouse M185 Wireless Swift Grey</p>,Logitech,LOGITECH,"LOGITECH, Logitech, import-ohne-bild",MERGE,draft,FALSE,global,Electronics > Computers > Input Devices,SUPL0027,12.99,,5.84,shopify,deny,387,TRUE,TRUE,0.140,kg,5099206027282,,,,5.84,5.08,2026-06-17T21:20:08
,supl0057-logitech-headset-960-wired,MERGE,Logitech Headset 960 Wired,<p>Logitech Headset 960 Wired</p>,Logitech,LOGITECH,"LOGITECH, Logitech, import-ohne-bild",MERGE,draft,FALSE,global,Electronics > Computers > Input Devices,SUPL0057,19.99,,11.42,shopify,deny,65,TRUE,TRUE,0.163,kg,5099206008441,,,,11.42,5.38,2026-06-17T21:20:08
,supl0059-logitech-desktop-mk330-wireless-black,MERGE,Logitech Desktop MK330 Wireless Black,<p>Logitech Desktop MK330 Wireless Black</p>,Logitech,LOGITECH,"LOGITECH, Logitech, import-ohne-bild",MERGE,draft,FALSE,global,Electronics > Computers > Input Devices,SUPL0059,35.99,,22.43,shopify,deny,195,TRUE,TRUE,0.929,kg,5099206073173,,,,22.43,7.81,2026-06-17T21:20:08
,supl0060-logitech-presenter-spotlight-wireless-grey,MERGE,Logitech Presenter Spotlight Wireless Grey,<p>Logitech Presenter Spotlight Wireless Grey</p>,Logitech,LOGITECH,"LOGITECH, Logitech, import-ohne-bild",MERGE,draft,FALSE,global,Electronics > Computers > Input Devices,SUPL0060,86.99,,60.90,shopify,deny,25,TRUE,TRUE,0.222,kg,5099206070011,,,,60.90,12.20,2026-06-17T21:20:08
,supl0094-logitech-desktop-mk235-wireless-black,MERGE,Logitech Desktop MK235 Wireless Black,<p>Logitech Desktop MK235 Wireless Black</p>,Logitech,LOGITECH,"LOGITECH, Logitech, import-ohne-bild",MERGE,draft,FALSE,global,Electronics > Computers > Input Devices,SUPL0094,28.99,,17.56,shopify,deny,51,TRUE,TRUE,0.738,kg,5099206063846,,,,17.56,6.80,2026-06-17T21:20:08
,supl0095-logitech-desktop-mk540-advanced-wireless-black-white,MERGE,Logitech Desktop MK540 Advanced Wireless Black/White,<p>Logitech Desktop MK540 Advanced Wireless Black/White</p>,Logitech,LOGITECH,"LOGITECH, Logitech, import-ohne-bild",MERGE,draft,FALSE,global,Electronics > Computers > Input Devices,SUPL0095,45.99,,29.64,shopify,deny,39,TRUE,TRUE,0.979,kg,5099206077379,,,,29.64,9.01,2026-06-17T21:20:08
,supl0125-logitech-mouse-mx-vertical-wireless-grey,MERGE,Logitech Mouse MX Vertical Wireless Grey,<p>Logitech Mouse MX Vertical Wireless Grey</p>,Logitech,LOGITECH,"LOGITECH, Logitech, import-ohne-bild",MERGE,draft,FALSE,global,Electronics > Computers > Input Devices,SUPL0125,69.99,,44.66,shopify,deny,500,TRUE,TRUE,0.391,kg,5099206081901,,,,44.66,14.16,2026-06-17T21:20:08
,supl0127-logitech-mouse-b170-optical-wireless-black,MERGE,Logitech Mouse B170 Optical Wireless Black,<p>Logitech Mouse B170 Optical Wireless Black</p>,Logitech,LOGITECH,"LOGITECH, Logitech, import-ohne-bild",MERGE,draft,FALSE,global,Electronics > Computers > Input Devices,SUPL0127,12.99,,5.63,shopify,deny,500,TRUE,TRUE,0.100,kg,5099206065062,,,,5.63,5.29,2026-06-17T21:20:08
,supl0183-logitech-keyboard-k270-wireless-black-white,MERGE,Logitech Keyboard K270 Wireless Black/White,<p>Logitech Keyboard K270 Wireless Black/White</p>,Logitech,LOGITECH,"LOGITECH, Logitech, import-ohne-bild",MERGE,draft,FALSE,global,Electronics > Computers > Input Devices,SUPL0183,33.99,,20.60,shopify,deny,295,TRUE,TRUE,0.663,kg,5099206033139,,,,20.60,7.96,2026-06-17T21:20:08
,supl0187-logitech-desktop-mk850-performance-wireless-black,MERGE,Logitech Desktop MK850 Performance Wireless Black,<p>Logitech Desktop MK850 Performance Wireless Black</p>,Logitech,LOGITECH,"LOGITECH, Logitech, import-ohne-bild",MERGE,draft,FALSE,global,Electronics > Computers > Input Devices,SUPL0187,75.99,,48.72,shopify,deny,500,TRUE,TRUE,1.400,kg,5099206066823,,,,48.72,15.14,2026-06-17T21:20:08
,supl0192-logitech-headset-h340-wired,MERGE,Logitech Headset H340 Wired,<p>Logitech Headset H340 Wired</p>,Logitech,LOGITECH,"LOGITECH, Logitech, import-ohne-bild",MERGE,draft,FALSE,global,Electronics > Computers > Input Devices,SUPL0192,21.99,,13.39,shopify,deny,179,TRUE,TRUE,0.247,kg,5099206038844,,,,13.39,5.09,2026-06-17T21:20:08
,supl0233-logitech-mouse-m220-silent-wireless-black,MERGE,Logitech Mouse M220 Silent Wireless Black,<p>Logitech Mouse M220 Silent Wireless Black</p>,Logitech,LOGITECH,"LOGITECH, Logitech, import-ohne-bild",MERGE,draft,FALSE,global,Electronics > Computers > Input Devices,SUPL0233,16.99,,8.84,shopify,deny,500,TRUE,TRUE,0.147,kg,5099206066199,,,,8.84,5.44,2026-06-17T21:20:08
,supl0264-logitech-conferencecam-video-conference-kit-connect,MERGE,Logitech ConferenceCam Video conference kit Connect,<p>Logitech ConferenceCam Video conference kit Connect</p>,Logitech,LOGITECH,"LOGITECH, Logitech, import-ohne-bild",MERGE,draft,FALSE,global,Electronics > Computers > Input Devices,SUPL0264,389.99,,273.00,shopify,deny,287,TRUE,TRUE,1.613,kg,5099206059030,,,,273.00,54.72,2026-06-17T21:20:08
,supl0266-logitech-keyboard-ergo-k860-wireless-black,MERGE,Logitech Keyboard ERGO K860 Wireless Black,<p>Logitech Keyboard ERGO K860 Wireless Black</p>,Logitech,LOGITECH,"LOGITECH, Logitech, import-ohne-bild",MERGE,draft,FALSE,global,Electronics > Computers > Input Devices,SUPL0266,96.99,,67.29,shopify,deny,200,TRUE,TRUE,1.700,kg,5099206085855,,,,67.29,14.21,2026-06-17T21:20:08
,supl0279-logitech-mouse-m330-silent-plus-wireless-blue,MERGE,Logitech Mouse M330 SILENT PLUS Wireless Blue,<p>Logitech Mouse M330 SILENT PLUS Wireless Blue</p>,Logitech,LOGITECH,"LOGITECH, Logitech, import-ohne-bild",MERGE,draft,FALSE,global,Electronics > Computers > Input Devices,SUPL0279,19.99,,11.77,shopify,deny,29,TRUE,TRUE,0.169,kg,5099206066687,,,,11.77,5.03,2026-06-17T21:20:08
,supl0283-logitech-headset-h570e-wired-type-binaural,MERGE,Logitech Headset H570e Wired / Type Binaural,<p>Logitech Headset H570e Wired / Type Binaural</p>,Logitech,LOGITECH,"LOGITECH, Logitech, import-ohne-bild",MERGE,draft,FALSE,global,Electronics > Computers > Input Devices,SUPL0283,49.99,,31.77,shopify,deny,186,TRUE,TRUE,0.160,kg,5099206053304,,,,31.77,10.24,2026-06-17T21:20:08
,supl0285-logitech-conferencecam-group-expansion-microphones,MERGE,Logitech ConferenceCam GROUP Expansion Microphones,<p>Logitech ConferenceCam GROUP Expansion Microphones</p>,Logitech,LOGITECH,"LOGITECH, Logitech, import-ohne-bild",MERGE,draft,FALSE,global,Electronics > Computers > Input Devices,SUPL0285,205.99,,143.62,shopify,deny,17,TRUE,TRUE,0.572,kg,0097855119551,,,,143.62,29.48,2026-06-17T21:20:08
,supl0293-logitech-gaming-mouse-g502-hero-corded-black,MERGE,Logitech Gaming Mouse G502 HERO Corded Black,<p>Logitech Gaming Mouse G502 HERO Corded Black</p>,Logitech,LOGITECH,"LOGITECH, Logitech, import-ohne-bild",MERGE,draft,FALSE,global,Electronics > Computers > Input Devices,SUPL0293,42.99,,27.20,shopify,deny,167,TRUE,TRUE,0.248,kg,5099206080270,,,,27.20,8.93,2026-06-17T21:20:08
,supl0299-logitech-keyboard-k400-plus-touch-wireless-black-us-layout,MERGE,Logitech Keyboard K400 Plus Touch Wireless Black - US Layout,<p>Logitech Keyboard K400 Plus Touch Wireless Black - US Layout</p>,Logitech,LOGITECH,"LOGITECH, Logitech, import-ohne-bild",MERGE,draft,FALSE,global,Electronics > Computers > Input Devices,SUPL0299,35.99,,22.33,shopify,deny,32,TRUE,TRUE,0.515,kg,5099206059429,,,,22.33,7.91,2026-06-17T21:20:08
,supl0301-logitech-desktop-mk540-advanced-wireless-black-white-us-layout,MERGE,Logitech Desktop MK540 Advanced Wireless Black/White - US Layout,<p>Logitech Desktop MK540 Advanced Wireless Black/White - US Layout</p>,Logitech,LOGITECH,"LOGITECH, Logitech, import-ohne-bild",MERGE,draft,FALSE,global,Electronics > Computers > Input Devices,SUPL0301,45.99,,29.64,shopify,deny,132,TRUE,TRUE,1.160,kg,5099206077461,,,,29.64,9.01,2026-06-17T21:20:08
,supl0312-logitech-desktop-mk470-slim-wireless-combo-black,MERGE,Logitech Desktop MK470 Slim Wireless Combo Black,<p>Logitech Desktop MK470 Slim Wireless Combo Black</p>,Logitech,LOGITECH,"LOGITECH, Logitech, import-ohne-bild",MERGE,draft,FALSE,global,Electronics > Computers > Input Devices,SUPL0312,45.99,,29.23,shopify,deny,97,TRUE,TRUE,0.900,kg,5099206086449,,,,29.23,9.42,2026-06-17T21:20:08
,supl0328-logitech-conferencecam-rally-mic-pod-hub-microphone-interface-adapter,MERGE,Logitech ConferenceCam Rally Mic Pod Hub microphone Interface adapter,<p>Logitech ConferenceCam Rally Mic Pod Hub microphone Interface adapter</p>,Logitech,LOGITECH,"LOGITECH, Logitech, import-ohne-bild",MERGE,draft,FALSE,global,Electronics > Computers > Input Devices,SUPL0328,229.99,,160.37,shopify,deny,2,TRUE,TRUE,0.314,kg,0097855143143,,,,160.37,32.90,2026-06-17T21:20:08
,supl0329-logitech-conferencecam-meetup-expansion-microphone,MERGE,Logitech ConferenceCam MeetUp Expansion Microphone,<p>Logitech ConferenceCam MeetUp Expansion Microphone</p>,Logitech,LOGITECH,"LOGITECH, Logitech, import-ohne-bild",MERGE,draft,FALSE,global,Electronics > Computers > Input Devices,SUPL0329,177.99,,124.34,shopify,deny,124,TRUE,TRUE,0.471,kg,0097855131171,,,,124.34,25.23,2026-06-17T21:20:08
,supl0344-logitech-desktop-mk295-silent-wireless-combo-black,MERGE,Logitech Desktop MK295 Silent Wireless Combo Black,<p>Logitech Desktop MK295 Silent Wireless Combo Black</p>,Logitech,LOGITECH,"LOGITECH, Logitech, import-ohne-bild",MERGE,draft,FALSE,global,Electronics > Computers > Input Devices,SUPL0344,35.99,,22.33,shopify,deny,251,TRUE,TRUE,0.750,kg,5099206092372,,,,22.33,7.91,2026-06-17T21:20:08
,supl0395-logitech-slim-folio-keyboard-black,MERGE,Logitech Slim Folio Keyboard black,<p>Logitech Slim Folio Keyboard black</p>,Logitech,LOGITECH,"LOGITECH, Logitech, import-ohne-bild",MERGE,draft,FALSE,global,Electronics > Computers > Input Devices,SUPL0395,82.99,,57.96,shopify,deny,103,TRUE,TRUE,0.750,kg,5099206088252,,,,57.96,11.78,2026-06-17T21:20:08
,supl0402-logitech-hd-pro-webcam-c920e,MERGE,Logitech HD Pro Webcam C920e,<p>Logitech HD Pro Webcam C920e</p>,Logitech,LOGITECH,"LOGITECH, Logitech, import-ohne-bild",MERGE,draft,FALSE,global,Electronics > Computers > Input Devices,SUPL0402,67.99,,43.67,shopify,deny,500,TRUE,TRUE,0.244,kg,0097855162045,,,,43.67,13.46,2026-06-17T21:20:08
,supl0438-logitech-rally-table-and-ceiling-mount-for-rally-mic-pod,MERGE,Logitech Rally Table and Ceiling Mount for Rally Mic Pod,<p>Logitech Rally Table and Ceiling Mount for Rally Mic Pod</p>,Logitech,LOGITECH,"LOGITECH, Logitech, import-ohne-bild",MERGE,draft,FALSE,global,Electronics > Computers > Input Devices,SUPL0438,77.99,,54.51,shopify,deny,11,TRUE,TRUE,0.343,kg,0097855166067,,,,54.51,11.03,2026-06-17T21:20:08
,supl0439-logitech-rally-mic-pod-mount,MERGE,Logitech Rally Mic Pod Mount,<p>Logitech Rally Mic Pod Mount</p>,Logitech,LOGITECH,"LOGITECH, Logitech, import-ohne-bild",MERGE,draft,FALSE,global,Electronics > Computers > Input Devices,SUPL0439,72.99,,50.75,shopify,deny,45,TRUE,TRUE,0.340,kg,0097855153197,,,,50.75,10.59,2026-06-17T21:20:08
,supl0446-logitech-brio-500-webcam-black,MERGE,Logitech Brio 500 Webcam Black,<p>Logitech Brio 500 Webcam Black</p>,Logitech,LOGITECH,"LOGITECH, Logitech, import-ohne-bild",MERGE,draft,FALSE,global,Electronics > Computers > Input Devices,SUPL0446,90.99,,63.64,shopify,deny,148,TRUE,TRUE,0.223,kg,5099206104914,,,,63.64,12.82,2026-06-17T21:20:08
,supl0453-logitech-desktop-mk650-wireless-black,MERGE,Logitech Desktop MK650 Wireless Black,<p>Logitech Desktop MK650 Wireless Black</p>,Logitech,LOGITECH,"LOGITECH, Logitech, import-ohne-bild",MERGE,draft,FALSE,global,Electronics > Computers > Input Devices,SUPL0453,58.99,,37.76,shopify,deny,71,TRUE,TRUE,1.045,kg,5099206105140,,,,37.76,11.81,2026-06-17T21:20:08
,supl0458-logitech-presenter-wireless-r500s-black,MERGE,Logitech Presenter Wireless R500s Black,<p>Logitech Presenter Wireless R500s Black</p>,Logitech,LOGITECH,"LOGITECH, Logitech, import-ohne-bild",MERGE,draft,FALSE,global,Electronics > Computers > Input Devices,SUPL0458,34.99,,21.72,shopify,deny,19,TRUE,TRUE,0.102,kg,5099206090828,,,,21.72,7.68,2026-06-17T21:20:08
,supl0459-logitech-lift-vertical-ergonomic-mouse,MERGE,Logitech Lift Vertical Ergonomic Mouse,<p>Logitech Lift Vertical Ergonomic Mouse</p>,Logitech,LOGITECH,"LOGITECH, Logitech, import-ohne-bild",MERGE,draft,FALSE,global,Electronics > Computers > Input Devices,SUPL0459,54.99,,35.53,shopify,deny,10,TRUE,TRUE,0.217,kg,5099206099784,,,,35.53,10.68,2026-06-17T21:20:08
,supl0464-logitech-keyboard-master-series-mx-mechanical,MERGE,Logitech Keyboard Master Series MX Mechanical,<p>Logitech Keyboard Master Series MX Mechanical</p>,Logitech,LOGITECH,"LOGITECH, Logitech, import-ohne-bild",MERGE,draft,FALSE,global,Electronics > Computers > Input Devices,SUPL0464,140.99,,98.35,shopify,deny,63,TRUE,TRUE,1.245,kg,5099206103016,,,,98.35,20.13,2026-06-17T21:20:08
,supl0480-logitech-mouse-signature-m650-graphite,MERGE,Logitech Mouse Signature M650 Graphite,<p>Logitech Mouse Signature M650 Graphite</p>,Logitech,LOGITECH,"LOGITECH, Logitech, import-ohne-bild",MERGE,draft,FALSE,global,Electronics > Computers > Input Devices,SUPL0480,36.99,,22.63,shopify,deny,15,TRUE,TRUE,0.168,kg,5099206097223,,,,22.63,8.45,2026-06-17T21:20:08
,supl0490-logitech-mx-keys-combo-for-business-keyboard-and-mouse-set-graphite,MERGE,Logitech MX Keys Combo for Business - Keyboard and Mouse Set - Graphite,<p>Logitech MX Keys Combo for Business - Keyboard and Mouse Set - Graphite</p>,Logitech,LOGITECH,"LOGITECH, Logitech, import-ohne-bild",MERGE,draft,FALSE,global,Electronics > Computers > Input Devices,SUPL0490,164.99,,115.10,shopify,deny,39,TRUE,TRUE,1.770,kg,5099206104419,,,,115.10,23.55,2026-06-17T21:20:08
,supl0492-logitech-mouse-signature-m650-l-for-business-graphit,MERGE,Logitech Mouse Signature M650 L for Business Graphit,<p>Logitech Mouse Signature M650 L for Business Graphit</p>,Logitech,LOGITECH,"LOGITECH, Logitech, import-ohne-bild",MERGE,draft,FALSE,global,Electronics > Computers > Input Devices,SUPL0492,36.99,,22.74,shopify,deny,235,TRUE,TRUE,0.197,kg,5099206097278,,,,22.74,8.34,2026-06-17T21:20:08
,supl0501-logitech-zone-wired-ms-teams-headseat,MERGE,Logitech Zone Wired MS-Teams Headseat,<p>Logitech Zone Wired MS-Teams Headseat</p>,Logitech,LOGITECH,"LOGITECH, Logitech, import-ohne-bild",MERGE,draft,FALSE,global,Electronics > Computers > Input Devices,SUPL0501,103.99,,72.62,shopify,deny,132,TRUE,TRUE,0.550,kg,5099206090347,,,,72.62,14.77,2026-06-17T21:20:08
,supl0504-logitech-signature-k650-keyboard-black,MERGE,Logitech Signature K650 Keyboard Black,<p>Logitech Signature K650 Keyboard Black</p>,Logitech,LOGITECH,"LOGITECH, Logitech, import-ohne-bild",MERGE,draft,FALSE,global,Electronics > Computers > Input Devices,SUPL0504,43.99,,28.01,shopify,deny,398,TRUE,TRUE,0.986,kg,5099206105508,,,,28.01,8.96,2026-06-17T21:20:08
,supl0509-logitech-lift-vertical-ergonomic-mouse,MERGE,Logitech Lift Vertical Ergonomic Mouse,<p>Logitech Lift Vertical Ergonomic Mouse</p>,Logitech,LOGITECH,"LOGITECH, Logitech, import-ohne-bild",MERGE,draft,FALSE,global,Electronics > Computers > Input Devices,SUPL0509,69.99,,44.66,shopify,deny,2,TRUE,TRUE,0.230,kg,5099206099876,,,,44.66,14.16,2026-06-17T21:20:08
,supl0538-logitech-signature-mk650-off-white,MERGE,Logitech Signature MK650 Off-White,<p>Logitech Signature MK650 Off-White</p>,Logitech,LOGITECH,"LOGITECH, Logitech, import-ohne-bild",MERGE,draft,FALSE,global,Electronics > Computers > Input Devices,SUPL0538,59.99,,38.67,shopify,deny,283,TRUE,TRUE,1.153,kg,5099206105324,,,,38.67,11.74,2026-06-17T21:20:08
,supl0546-logitech-mouse-mx-anywhere-3s-wireless-graphite,MERGE,Logitech Mouse MX Anywhere 3S Wireless Graphite,<p>Logitech Mouse MX Anywhere 3S Wireless Graphite</p>,Logitech,LOGITECH,"LOGITECH, Logitech, import-ohne-bild",MERGE,draft,FALSE,global,Electronics > Computers > Input Devices,SUPL0546,72.99,,46.59,shopify,deny,374,TRUE,TRUE,0.186,kg,5099206112490,,,,46.59,14.75,2026-06-17T21:20:08
,supl0574-logitech-slim-folio-keyboard-black,MERGE,Logitech Slim Folio Keyboard black,<p>Logitech Slim Folio Keyboard black</p>,Logitech,LOGITECH,"LOGITECH, Logitech, import-ohne-bild",MERGE,draft,FALSE,global,Electronics > Computers > Input Devices,SUPL0574,79.99,,55.52,shopify,deny,98,TRUE,TRUE,0.650,kg,5099206107427,,,,55.52,11.70,2026-06-17T21:20:08
,supl0575-logitech-combo-touch-keyboard-for-ipad-air-11,MERGE,Logitech Combo Touch Keyboard for iPad Air 11,<p>Logitech Combo Touch Keyboard for iPad Air 11</p>,Logitech,LOGITECH,"LOGITECH, Logitech, import-ohne-bild",MERGE,draft,FALSE,global,Electronics > Computers > Input Devices,SUPL0575,174.99,,122.51,shopify,deny,25,TRUE,TRUE,0.877,kg,5099206121942,,,,122.51,24.54,2026-06-17T21:20:08
,supl0583-logitech-combo-slim-wireless-mk370-keyboard-graphite,MERGE,Logitech Combo Slim Wireless MK370 Keyboard Graphite,<p>Logitech Combo Slim Wireless MK370 Keyboard Graphite</p>,Logitech,LOGITECH,"LOGITECH, Logitech, import-ohne-bild",MERGE,draft,FALSE,global,Electronics > Computers > Input Devices,SUPL0583,34.99,,21.62,shopify,deny,89,TRUE,TRUE,0.852,kg,5099206113053,,,,21.62,7.78,2026-06-17T21:20:08
,supl0591-logitech-mouse-ergo-series-trackball-wireless-black,MERGE,Logitech Mouse Ergo Series Trackball Wireless Black,<p>Logitech Mouse Ergo Series Trackball Wireless Black</p>,Logitech,LOGITECH,"LOGITECH, Logitech, import-ohne-bild",MERGE,draft,FALSE,global,Electronics > Computers > Input Devices,SUPL0591,48.99,,31.67,shopify,deny,277,TRUE,TRUE,0.259,kg,5099206096547,,,,31.67,9.50,2026-06-17T21:20:08
,supl0598-logitech-ultimate-ears-wonderboom-play-active-black,MERGE,Logitech Ultimate Ears WONDERBOOM Play Active Black,<p>Logitech Ultimate Ears WONDERBOOM Play Active Black</p>,Logitech,CE,"CE, Logitech, import-ohne-bild",MERGE,draft,FALSE,global,Electronics,SUPL0598,57.99,,37.45,shopify,deny,171,TRUE,TRUE,0.494,kg,5099206122017,,,,37.45,11.28,2026-06-17T21:20:08
,supl0599-logitech-ultimate-ears-miniroll-sanftes-schwarz,MERGE,Logitech Ultimate Ears MINIROLL Sanftes Schwarz,<p>Logitech Ultimate Ears MINIROLL Sanftes Schwarz</p>,Logitech,CE,"CE, Logitech, import-ohne-bild",MERGE,draft,FALSE,global,Electronics,SUPL0599,73.99,,47.81,shopify,deny,133,TRUE,TRUE,0.361,kg,5099206127128,,,,47.81,14.37,2026-06-17T21:20:08
,supl0600-logitech-ultimate-ears-miniroll-majestaetisches-blau,MERGE,Logitech Ultimate Ears MINIROLL majestätisches blau,<p>Logitech Ultimate Ears MINIROLL majestätisches blau</p>,Logitech,CE,"CE, Logitech, import-ohne-bild",MERGE,draft,FALSE,global,Electronics,SUPL0600,74.99,,48.01,shopify,deny,39,TRUE,TRUE,0.366,kg,5099206127098,,,,48.01,15.01,2026-06-17T21:20:08
,supl0601-logitech-ultimate-ears-miniroll-revive-grey,MERGE,Logitech Ultimate Ears MINIROLL Revive Grey,<p>Logitech Ultimate Ears MINIROLL Revive Grey</p>,Logitech,CE,"CE, Logitech, import-ohne-bild",MERGE,draft,FALSE,global,Electronics,SUPL0601,73.99,,47.81,shopify,deny,53,TRUE,TRUE,0.366,kg,5099206127104,,,,47.81,14.37,2026-06-17T21:20:08
,supl0603-logitech-combo-touch-keyboard-for-ipad-10-9,MERGE,Logitech Combo Touch Keyboard for iPad 10.9,<p>Logitech Combo Touch Keyboard for iPad 10.9</p>,Logitech,LOGITECH,"LOGITECH, Logitech, import-ohne-bild",MERGE,draft,FALSE,global,Electronics > Computers > Input Devices,SUPL0603,104.99,,73.18,shopify,deny,167,TRUE,TRUE,0.894,kg,5099206106710,,,,73.18,15.05,2026-06-17T21:20:08
,supl0604-logitech-desktop-mk850-performance-tastatur-und-maus-set-us-layout,MERGE,Logitech Desktop MK850 Performance - Tastatur-und-Maus-Set - US-Layout,<p>Logitech Desktop MK850 Performance - Tastatur-und-Maus-Set - US-Layout</p>,Logitech,LOGITECH,"LOGITECH, Logitech, import-ohne-bild",MERGE,draft,FALSE,global,Electronics > Computers > Input Devices,SUPL0604,112.99,,78.46,shopify,deny,97,TRUE,TRUE,1.400,kg,5099206066878,,,,78.46,16.49,2026-06-17T21:20:08
,supl0605-logitech-bluetooth-combo-touch-ipad-pro-13-m4,MERGE,"Logitech Bluetooth Combo Touch iPad Pro 13"" M4","<p>Logitech Bluetooth Combo Touch iPad Pro 13"" M4</p>",Logitech,LOGITECH,"LOGITECH, Logitech, import-ohne-bild",MERGE,draft,FALSE,global,Electronics > Computers > Input Devices,SUPL0605,215.99,,150.73,shopify,deny,57,TRUE,TRUE,1.231,kg,5099206123069,,,,150.73,30.77,2026-06-17T21:20:08
,supl0606-logitech-mouse-mx-master-4-graphite,MERGE,Logitech Mouse MX Master 4 Graphite,<p>Logitech Mouse MX Master 4 Graphite</p>,Logitech,LOGITECH,"LOGITECH, Logitech, import-ohne-bild",MERGE,draft,FALSE,global,Electronics > Computers > Input Devices,SUPL0606,131.99,,91.86,shopify,deny,199,TRUE,TRUE,0.348,kg,5099206133082,,,,91.86,19.06,2026-06-17T21:20:08
,supl0607-logitech-mouse-mx-master-4-pale-grey,MERGE,Logitech Mouse MX Master 4 Pale Grey,<p>Logitech Mouse MX Master 4 Pale Grey</p>,Logitech,LOGITECH,"LOGITECH, Logitech, import-ohne-bild",MERGE,draft,FALSE,global,Electronics > Computers > Input Devices,SUPL0607,134.99,,93.89,shopify,deny,176,TRUE,TRUE,0.348,kg,5099206133099,,,,93.89,19.55,2026-06-17T21:20:08
,supl0608-logitech-mouse-mx-master-4-space-black,MERGE,Logitech Mouse MX Master 4 Space Black,<p>Logitech Mouse MX Master 4 Space Black</p>,Logitech,LOGITECH,"LOGITECH, Logitech, import-ohne-bild",MERGE,draft,FALSE,global,Electronics > Computers > Input Devices,SUPL0608,132.99,,92.57,shopify,deny,199,TRUE,TRUE,0.345,kg,5099206133112,,,,92.57,19.19,2026-06-17T21:20:08
,supl1002-libratone-zipp-cover-mesh-schutzhuelle-grau,MERGE,Libratone Zipp Cover Mesh Schutzhülle grau,<p>Libratone Zipp Cover Mesh Schutzhülle grau</p>,Libratone,CE,"CE, Libratone, import-ohne-bild",MERGE,draft,FALSE,global,Electronics,SUPL1002,8.99,,2.03,shopify,deny,164,TRUE,TRUE,0.103,kg,5710957010476,,,,2.03,5.52,2026-06-17T21:20:08
,supl2002-lenovo-thinkpad-universal-usb-c-dock-dockingstation,MERGE,Lenovo ThinkPad Universal USB-C Dock - Dockingstation,<p>Lenovo ThinkPad Universal USB-C Dock - Dockingstation</p>,Lenovo,DOCKING,"DOCKING, Lenovo, import-ohne-bild",MERGE,draft,FALSE,global,Electronics > Computers > Laptop Accessories > Laptop Docking Stations,SUPL2002,159.99,,111.65,shopify,deny,500,TRUE,TRUE,0.987,kg,0195348192095,,,,111.65,22.80,2026-06-17T21:20:08
,supl2003-lenovo-thinkpad-hybrid-usb-c-with-usb-a-dock-dockingstation,MERGE,Lenovo ThinkPad Hybrid USB-C with USB-A Dock - Dockingstation,<p>Lenovo ThinkPad Hybrid USB-C with USB-A Dock - Dockingstation</p>,Lenovo,DOCKING,"DOCKING, Lenovo, import-ohne-bild",MERGE,draft,FALSE,global,Electronics > Computers > Laptop Accessories > Laptop Docking Stations,SUPL2003,184.99,,128.91,shopify,deny,134,TRUE,TRUE,1.337,kg,0191999788403,,,,128.91,26.54,2026-06-17T21:20:08
,supl2008-lenovo-thinkpad-thunderbolt-4-dock-dockingstation,MERGE,Lenovo ThinkPad Thunderbolt 4 Dock - Dockingstation,<p>Lenovo ThinkPad Thunderbolt 4 Dock - Dockingstation</p>,Lenovo,DOCKING,"DOCKING, Lenovo, import-ohne-bild",MERGE,draft,FALSE,global,Electronics > Computers > Laptop Accessories > Laptop Docking Stations,SUPL2008,311.99,,218.23,shopify,deny,277,TRUE,TRUE,1.811,kg,0195348677295,,,,218.23,43.95,2026-06-17T21:20:08
,supl2024-lenovo-dockingstation-usb-c-hdmi,MERGE,Lenovo Dockingstation - USB-C - HDMI,<p>Lenovo Dockingstation - USB-C - HDMI</p>,Lenovo,DOCKING,"DOCKING, Lenovo, import-ohne-bild",MERGE,draft,FALSE,global,Electronics > Computers > Laptop Accessories > Laptop Docking Stations,SUPL2024,56.99,,36.54,shopify,deny,74,TRUE,TRUE,0.822,kg,0195892052982,,,,36.54,11.35,2026-06-17T21:20:08
,supl2027-lenovo-thinkpad-smart-dock-5500-dockingstation,MERGE,Lenovo ThinkPad Smart Dock 5500 - Dockingstation,<p>Lenovo ThinkPad Smart Dock 5500 - Dockingstation</p>,Lenovo,DOCKING,"DOCKING, Lenovo, import-ohne-bild",MERGE,draft,FALSE,global,Electronics > Computers > Laptop Accessories > Laptop Docking Stations,SUPL2027,207.99,,145.15,shopify,deny,91,TRUE,TRUE,1.188,kg,0195892120551,,,,145.15,29.63,2026-06-17T21:20:08
,supl2028-lenovo-thinkpad-smart-dock-7500-gen-2-dockingstation,MERGE,Lenovo ThinkPad Smart Dock 7500 Gen 2 - Dockingstation,<p>Lenovo ThinkPad Smart Dock 7500 Gen 2 - Dockingstation</p>,Lenovo,DOCKING,"DOCKING, Lenovo, import-ohne-bild",MERGE,draft,FALSE,global,Electronics > Computers > Laptop Accessories > Laptop Docking Stations,SUPL2028,268.99,,187.78,shopify,deny,300,TRUE,TRUE,1.363,kg,0195892121305,,,,187.78,38.26,2026-06-17T21:20:08
,supl2029-lenovo-thinkpad-smart-dock-7500-dockingstation,MERGE,Lenovo ThinkPad Smart Dock 7500 - Dockingstation,<p>Lenovo ThinkPad Smart Dock 7500 - Dockingstation</p>,Lenovo,DOCKING,"DOCKING, Lenovo, import-ohne-bild",MERGE,draft,FALSE,global,Electronics > Computers > Laptop Accessories > Laptop Docking Stations,SUPL2029,373.99,,261.87,shopify,deny,300,TRUE,TRUE,1.856,kg,0195892112907,,,,261.87,52.41,2026-06-17T21:20:08
,supl2030-lenovo-thinkpad-smart-dock-5500-dockingstation,MERGE,Lenovo - ThinkPad Smart Dock 5500 - Dockingstation,<p>Lenovo - ThinkPad Smart Dock 5500 - Dockingstation</p>,Lenovo,DOCKING,"DOCKING, Lenovo, import-ohne-bild",MERGE,draft,FALSE,global,Electronics > Computers > Laptop Accessories > Laptop Docking Stations,SUPL2030,227.99,,159.36,shopify,deny,205,TRUE,TRUE,1.250,kg,0195892130499,,,,159.36,32.23,2026-06-17T21:20:08
,supm3004-mitel-622dt-set,MERGE,Mitel 622dt Set,<p>Mitel 622dt Set</p>,Mitel,CE,"CE, Mitel, import-ohne-bild",MERGE,draft,FALSE,global,Electronics,SUPM3004,220.99,,154.28,shopify,deny,4,TRUE,TRUE,0.404,kg,7109806197006,,,,154.28,31.43,2026-06-17T21:20:08
,supm3006-mitel-632dt-handset,MERGE,Mitel 632dt Handset,<p>Mitel 632dt Handset</p>,Mitel,CE,"CE, Mitel, import-ohne-bild",MERGE,draft,FALSE,global,Electronics,SUPM3006,369.99,,258.83,shopify,deny,9,TRUE,TRUE,0.218,kg,7109806196986,,,,258.83,52.09,2026-06-17T21:20:08
,supm3007-mitel-712dt-set,MERGE,Mitel 712dt Set,<p>Mitel 712dt Set</p>,Mitel,CE,"CE, Mitel, import-ohne-bild",MERGE,draft,FALSE,global,Electronics,SUPM3007,139.99,,97.44,shopify,deny,15,TRUE,TRUE,0.414,kg,7109806202564,,,,97.44,20.20,2026-06-17T21:20:08
,supm3008-mitel-722dt-set,MERGE,Mitel 722dt Set,<p>Mitel 722dt Set</p>,Mitel,CE,"CE, Mitel, import-ohne-bild",MERGE,draft,FALSE,global,Electronics,SUPM3008,227.99,,159.36,shopify,deny,13,TRUE,TRUE,0.418,kg,7109806202571,,,,159.36,32.23,2026-06-17T21:20:08
,supn0001-networx-hdmi-kabel-hdmi-auf-hdmi-2m,MERGE,Networx HDMI Kabel (HDMI auf HDMI) 2m,<p>Networx HDMI Kabel (HDMI auf HDMI) 2m</p>,Networx,,"Networx, import-ohne-bild",MERGE,draft,FALSE,global,Electronics,SUPN0001,7.99,,1.52,shopify,deny,165,TRUE,TRUE,0.117,kg,4043972191389,,,,1.52,5.19,2026-06-17T21:20:08
,supn4000-needit-park-lite-elektrische-parkscheibe-blau,MERGE,Needit PARK LITE (elektrische Parkscheibe) Blau,<p>Needit PARK LITE (elektrische Parkscheibe) Blau</p>,Needit,CE,"CE, Needit, import-ohne-bild",MERGE,draft,FALSE,global,Electronics,SUPN4000,25.99,,15.48,shopify,deny,118,TRUE,TRUE,0.150,kg,5711157014110,,,,15.48,6.36,2026-06-17T21:20:08
,supn4001-needit-park-lite-elektrische-parkscheibe-schwarz,MERGE,Needit PARK LITE (elektrische Parkscheibe) Schwarz,<p>Needit PARK LITE (elektrische Parkscheibe) Schwarz</p>,Needit,CE,"CE, Needit, import-ohne-bild",MERGE,draft,FALSE,global,Electronics,SUPN4001,24.99,,14.87,shopify,deny,28,TRUE,TRUE,0.168,kg,5711157014127,,,,14.87,6.13,2026-06-17T21:20:08
,supn4002-needit-park-mini-elektrische-parkscheibe-blau,MERGE,Needit Park Mini (elektrische Parkscheibe) Blau,<p>Needit Park Mini (elektrische Parkscheibe) Blau</p>,Needit,CE,"CE, Needit, import-ohne-bild",MERGE,draft,FALSE,global,Electronics,SUPN4002,25.99,,15.48,shopify,deny,39,TRUE,TRUE,0.090,kg,5711157030141,,,,15.48,6.36,2026-06-17T21:20:08
,supn4003-needit-park-mini-elektrische-parkscheibe-schwarz,MERGE,Needit Park Mini (elektrische Parkscheibe) Schwarz,<p>Needit Park Mini (elektrische Parkscheibe) Schwarz</p>,Needit,CE,"CE, Needit, import-ohne-bild",MERGE,draft,FALSE,global,Electronics,SUPN4003,25.99,,15.99,shopify,deny,177,TRUE,TRUE,0.094,kg,5711157030110,,,,15.99,5.85,2026-06-17T21:20:08
,supn4006-needit-park-lite-one-elektrische-parkscheibe-schwarz,MERGE,Needit PARK LITE One (elektrische Parkscheibe) Schwarz,<p>Needit PARK LITE One (elektrische Parkscheibe) Schwarz</p>,Needit,CE,"CE, Needit, import-ohne-bild",MERGE,draft,FALSE,global,Electronics,SUPN4006,25.99,,15.53,shopify,deny,51,TRUE,TRUE,0.153,kg,5711157080412,,,,15.53,6.31,2026-06-17T21:20:08
,supn4007-needit-park-lite-one-elektrische-parkscheibe-blau,MERGE,Needit PARK LITE One (elektrische Parkscheibe) Blau,<p>Needit PARK LITE One (elektrische Parkscheibe) Blau</p>,Needit,CE,"CE, Needit, import-ohne-bild",MERGE,draft,FALSE,global,Electronics,SUPN4007,25.99,,15.68,shopify,deny,37,TRUE,TRUE,0.150,kg,5711157080382,,,,15.68,6.16,2026-06-17T21:20:08
,supn4009-needit-park-micro-elektrische-parkscheibe-schwarz-blau,MERGE,Needit PARK Micro (elektrische Parkscheibe) Schwarz/Blau,<p>Needit PARK Micro (elektrische Parkscheibe) Schwarz/Blau</p>,Needit,CE,"CE, Needit, import-ohne-bild",MERGE,draft,FALSE,global,Electronics,SUPN4009,21.99,,13.35,shopify,deny,113,TRUE,TRUE,0.076,kg,5711157001578,,,,13.35,5.13,2026-06-17T21:20:08
,supn4010-needit-park-micro-solar-elektrische-parkscheibe-schwarz-blau,MERGE,Needit PARK Micro Solar (elektrische Parkscheibe) Schwarz/Blau,<p>Needit PARK Micro Solar (elektrische Parkscheibe) Schwarz/Blau</p>,Needit,CE,"CE, Needit, import-ohne-bild",MERGE,draft,FALSE,global,Electronics,SUPN4010,30.99,,19.03,shopify,deny,104,TRUE,TRUE,0.172,kg,5711157090206,,,,19.03,7.01,2026-06-17T21:20:08
,supn4011-needit-park-micro-solar-elektrische-parkscheibe-blau,MERGE,Needit PARK Micro Solar (elektrische Parkscheibe) Blau,<p>Needit PARK Micro Solar (elektrische Parkscheibe) Blau</p>,Needit,CE,"CE, Needit, import-ohne-bild",MERGE,draft,FALSE,global,Electronics,SUPN4011,30.99,,18.93,shopify,deny,27,TRUE,TRUE,0.171,kg,5711157090107,,,,18.93,7.11,2026-06-17T21:20:08
,supn4012-needit-parkone-elektrische-parkscheibe-schwarz,MERGE,Needit ParkOne (elektrische Parkscheibe) Schwarz,<p>Needit ParkOne (elektrische Parkscheibe) Schwarz</p>,Needit,CE,"CE, Needit, import-ohne-bild",MERGE,draft,FALSE,global,Electronics,SUPN4012,30.99,,18.78,shopify,deny,33,TRUE,TRUE,0.181,kg,5711157057100,,,,18.78,7.26,2026-06-17T21:20:08
,supn4013-needit-parkone-elektrische-parkscheibe-blau,MERGE,Needit ParkOne (elektrische Parkscheibe) Blau,<p>Needit ParkOne (elektrische Parkscheibe) Blau</p>,Needit,CE,"CE, Needit, import-ohne-bild",MERGE,draft,FALSE,global,Electronics,SUPN4013,30.99,,18.78,shopify,deny,38,TRUE,TRUE,0.180,kg,5711157057346,,,,18.78,7.26,2026-06-17T21:20:08
,supn4014-needit-drive-one-2-blitzerwarner,MERGE,Needit Drive One 2 (Blitzerwarner),<p>Needit Drive One 2 (Blitzerwarner)</p>,Needit,CE,"CE, Needit, import-ohne-bild",MERGE,draft,FALSE,global,Electronics,SUPN4014,31.99,,19.79,shopify,deny,108,TRUE,TRUE,0.044,kg,5711157075104,,,,19.79,7.09,2026-06-17T21:20:08
,supn5000-neewer-gl1-pro-keylight-15-5,MERGE,"NEEWER GL1 Pro Keylight 15,5""","<p>NEEWER GL1 Pro Keylight 15,5""</p>",Neewer,CE,"CE, Neewer, import-ohne-bild",MERGE,draft,FALSE,global,Electronics,SUPN5000,131.99,,91.86,shopify,deny,3,TRUE,TRUE,3.113,kg,6976831830168,,,,91.86,19.06,2026-06-17T21:20:08
,supn5002-neewer-pl81-kamera-licht-fuer-handy-laptop,MERGE,NEEWER PL81 Kamera-Licht für Handy & Laptop,<p>NEEWER PL81 Kamera-Licht für Handy & Laptop</p>,Neewer,CE,"CE, Neewer, import-ohne-bild",MERGE,draft,FALSE,global,Electronics,SUPN5002,43.99,,28.32,shopify,deny,12,TRUE,TRUE,0.370,kg,6976831830205,,,,28.32,8.65,2026-06-17T21:20:08
,supn5004-neewer-nk800-rgb-softbox-2-pack,MERGE,NEEWER NK800 RGB Softbox | 2-Pack,<p>NEEWER NK800 RGB Softbox | 2-Pack</p>,Neewer,CE,"CE, Neewer, import-ohne-bild",MERGE,draft,FALSE,global,Electronics,SUPN5004,163.99,,114.59,shopify,deny,4,TRUE,TRUE,5.060,kg,6976831830144,,,,114.59,23.22,2026-06-17T21:20:08
,supr0004-razer-mamba-elite-usb-gaming-maus,MERGE,Razer Mamba Elite USB - Gaming-Maus,<p>Razer Mamba Elite USB - Gaming-Maus</p>,Razer,CE,"CE, Razer, import-ohne-bild",MERGE,draft,FALSE,global,Electronics,SUPR0004,72.99,,46.69,shopify,deny,82,TRUE,TRUE,0.238,kg,8886419332565,,,,46.69,14.65,2026-06-17T21:20:08
,supr1009-razer-deathadder-essential-gaming-maus-black,MERGE,Razer DeathAdder Essential - Gaming Maus - black,<p>Razer DeathAdder Essential - Gaming Maus - black</p>,Razer,CE,"CE, Razer, import-ohne-bild",MERGE,draft,FALSE,global,Electronics,SUPR1009,24.99,,14.88,shopify,deny,500,TRUE,TRUE,0.232,kg,8886419333265,,,,14.88,6.12,2026-06-17T21:20:08
,supr1011-razer-barracuda-x-wireless-headset-white,MERGE,Razer Barracuda X - Wireless Headset - white,<p>Razer Barracuda X - Wireless Headset - white</p>,Razer,CE,"CE, Razer, import-ohne-bild",MERGE,draft,FALSE,global,Electronics,SUPR1011,87.99,,61.25,shopify,deny,33,TRUE,TRUE,0.825,kg,8886419379874,,,,61.25,12.69,2026-06-17T21:20:08
,supr1013-razer-mouse-razer-deathadder-v3-pro-white,MERGE,Razer Mouse Razer DeathAdder V3 Pro White,<p>Razer Mouse Razer DeathAdder V3 Pro White</p>,Razer,CE,"CE, Razer, import-ohne-bild",MERGE,draft,FALSE,global,Electronics,SUPR1013,110.99,,77.24,shopify,deny,33,TRUE,TRUE,0.448,kg,8886419334163,,,,77.24,16.03,2026-06-17T21:20:08
,supr1014-razer-cobra-maus-black,MERGE,Razer Cobra - Maus - Black,<p>Razer Cobra - Maus - Black</p>,Razer,CE,"CE, Razer, import-ohne-bild",MERGE,draft,FALSE,global,Electronics,SUPR1014,38.99,,24.07,shopify,deny,1,TRUE,TRUE,0.186,kg,8886419334095,,,,24.07,8.69,2026-06-17T21:20:08
,supr1017-razer-barracuda-x-wireless-headset-black,MERGE,Razer Barracuda X - Wireless Headset - black,<p>Razer Barracuda X - Wireless Headset - black</p>,Razer,CE,"CE, Razer, import-ohne-bild",MERGE,draft,FALSE,global,Electronics,SUPR1017,84.99,,59.50,shopify,deny,51,TRUE,TRUE,0.855,kg,8886419379850,,,,59.50,11.92,2026-06-17T21:20:08
,supr1018-razer-kraken-x-lite-headset-black,MERGE,Razer Kraken X Lite - Headset - black,<p>Razer Kraken X Lite - Headset - black</p>,Razer,CE,"CE, Razer, import-ohne-bild",MERGE,draft,FALSE,global,Electronics,SUPR1018,31.99,,19.69,shopify,deny,178,TRUE,TRUE,0.744,kg,8886419378082,,,,19.69,7.19,2026-06-17T21:20:08
,supr1019-razer-blackshark-v2-x-headset-black,MERGE,Razer BlackShark V2 X - Headset - Black,<p>Razer BlackShark V2 X - Headset - Black</p>,Razer,CE,"CE, Razer, import-ohne-bild",MERGE,draft,FALSE,global,Electronics,SUPR1019,43.99,,27.91,shopify,deny,500,TRUE,TRUE,0.790,kg,8886419378396,,,,27.91,9.06,2026-06-17T21:20:08
,supr1021-razer-ornata-v3-tastatur-qwertz-kabelgebunden,MERGE,Razer Ornata V3 - Tastatur - QWERTZ - Kabelgebunden,<p>Razer Ornata V3 - Tastatur - QWERTZ - Kabelgebunden</p>,Razer,CE,"CE, Razer, import-ohne-bild",MERGE,draft,FALSE,global,Electronics,SUPR1021,62.99,,40.60,shopify,deny,33,TRUE,TRUE,1.226,kg,8887910073063,,,,40.60,12.33,2026-06-17T21:20:08
,supr1027-razer-deathadder-essential-gaming-maus-white,MERGE,Razer DeathAdder Essential - Gaming Maus - white,<p>Razer DeathAdder Essential - Gaming Maus - white</p>,Razer,CE,"CE, Razer, import-ohne-bild",MERGE,draft,FALSE,global,Electronics,SUPR1027,24.99,,15.32,shopify,deny,368,TRUE,TRUE,0.226,kg,8886419333326,,,,15.32,5.68,2026-06-17T21:20:08
,supr1037-razer-kraken-v3-x-headset-black,MERGE,Razer Kraken V3 X - Headset - Black,<p>Razer Kraken V3 X - Headset - Black</p>,Razer,CE,"CE, Razer, import-ohne-bild",MERGE,draft,FALSE,global,Electronics,SUPR1037,52.99,,34.00,shopify,deny,12,TRUE,TRUE,0.832,kg,8886419379362,,,,34.00,10.53,2026-06-17T21:20:08
,supr1038-razer-basilisk-v3-pro-maus-white,MERGE,Razer Basilisk V3 Pro - Maus - White,<p>Razer Basilisk V3 Pro - Maus - White</p>,Razer,CE,"CE, Razer, import-ohne-bild",MERGE,draft,FALSE,global,Electronics,SUPR1038,110.99,,77.14,shopify,deny,34,TRUE,TRUE,0.510,kg,8886419333937,,,,77.14,16.13,2026-06-17T21:20:08
,supr1039-razer-blackshark-v2-x-headset-green,MERGE,Razer BlackShark V2 X - Headset - Green,<p>Razer BlackShark V2 X - Headset - Green</p>,Razer,CE,"CE, Razer, import-ohne-bild",MERGE,draft,FALSE,global,Electronics,SUPR1039,51.99,,33.25,shopify,deny,2,TRUE,TRUE,0.775,kg,8886419379522,,,,33.25,10.44,2026-06-17T21:20:08
,supr1040-razer-blackshark-v2-x-headset-quartz,MERGE,Razer BlackShark V2 X - Headset - Quartz,<p>Razer BlackShark V2 X - Headset - Quartz</p>,Razer,CE,"CE, Razer, import-ohne-bild",MERGE,draft,FALSE,global,Electronics,SUPR1040,45.99,,29.44,shopify,deny,192,TRUE,TRUE,0.772,kg,8887910060421,,,,29.44,9.21,2026-06-17T21:20:08
,supr1044-razer-deathadder-v3-hyperspeed-maus-ergonomisch-5-tasten-kabellos-kabel,MERGE,"Razer DeathAdder V3 HyperSpeed - Maus - ergonomisch - 5 Tasten - kabellos, kabelgebunden","<p>Razer DeathAdder V3 HyperSpeed - Maus - ergonomisch - 5 Tasten - kabellos, kabelgebunden</p>",Razer,CE,"CE, Razer, import-ohne-bild",MERGE,draft,FALSE,global,Electronics,SUPR1044,88.99,,62.13,shopify,deny,4,TRUE,TRUE,0.278,kg,8886419334552,,,,62.13,12.65,2026-06-17T21:20:08
,supr1047-razer-leviathan-v2-x-soundbar-schwarz,MERGE,Razer Leviathan V2 X - Soundbar - Schwarz,<p>Razer Leviathan V2 X - Soundbar - Schwarz</p>,Razer,CE,"CE, Razer, import-ohne-bild",MERGE,draft,FALSE,global,Electronics,SUPR1047,106.99,,74.38,shopify,deny,16,TRUE,TRUE,1.440,kg,8886419379645,,,,74.38,15.53,2026-06-17T21:20:08
,supr1049-razer-kraken-v4-x-headset-ohrumschliessend,MERGE,Razer Kraken V4 X - Headset - ohrumschließend,<p>Razer Kraken V4 X - Headset - ohrumschließend</p>,Razer,CE,"CE, Razer, import-ohne-bild",MERGE,draft,FALSE,global,Electronics,SUPR1049,72.99,,50.75,shopify,deny,1,TRUE,TRUE,0.812,kg,8887910060766,,,,50.75,10.59,2026-06-17T21:20:08
,supr1051-razer-viper-v3-pro-maus-fuer-rechtshaender,MERGE,Razer Viper V3 Pro - Maus - Für Rechtshänder,<p>Razer Viper V3 Pro - Maus - Für Rechtshänder</p>,Razer,CE,"CE, Razer, import-ohne-bild",MERGE,draft,FALSE,global,Electronics,SUPR1051,137.99,,96.25,shopify,deny,10,TRUE,TRUE,0.314,kg,8886419334521,,,,96.25,19.71,2026-06-17T21:20:08
,supr1052-razer-wolverine-v3-tournament-edition-game-pad,MERGE,Razer Wolverine V3 - Tournament Edition - Game Pad,<p>Razer Wolverine V3 - Tournament Edition - Game Pad</p>,Razer,CE,"CE, Razer, import-ohne-bild",MERGE,draft,FALSE,global,Electronics,SUPR1052,94.99,,66.50,shopify,deny,16,TRUE,TRUE,0.600,kg,8886419351450,,,,66.50,13.32,2026-06-17T21:20:08
,supr1053-razer-viper-v3-pro-se-schwarz,MERGE,Razer Viper V3 Pro SE schwarz,<p>Razer Viper V3 Pro SE schwarz</p>,Razer,CE,"CE, Razer, import-ohne-bild",MERGE,draft,FALSE,global,Electronics,SUPR1053,102.99,,71.75,shopify,deny,32,TRUE,TRUE,0.375,kg,8886419334347,,,,71.75,14.80,2026-06-17T21:20:08
,supr1054-razer-basilisk-v3-35k-maus-schwarz,MERGE,Razer Basilisk V3 35K - Maus - Schwarz,<p>Razer Basilisk V3 35K - Maus - Schwarz</p>,Razer,CE,"CE, Razer, import-ohne-bild",MERGE,draft,FALSE,global,Electronics,SUPR1054,74.99,,52.06,shopify,deny,4,TRUE,TRUE,0.192,kg,8886419334576,,,,52.06,10.96,2026-06-17T21:20:08
,supr1055-razer-huntsman-mini-tastatur-quecksilber,MERGE,Razer Huntsman Mini - Tastatur - Quecksilber,<p>Razer Huntsman Mini - Tastatur - Quecksilber</p>,Razer,CE,"CE, Razer, import-ohne-bild",MERGE,draft,FALSE,global,Electronics,SUPR1055,104.99,,73.06,shopify,deny,30,TRUE,TRUE,0.708,kg,8886419345763,,,,73.06,15.17,2026-06-17T21:20:08
,supr1056-razer-blackwidow-v3-tenkeyless-tastatur-schwarz,MERGE,Razer Blackwidow V3 Tenkeyless - Tastatur - Schwarz,<p>Razer Blackwidow V3 Tenkeyless - Tastatur - Schwarz</p>,Razer,CE,"CE, Razer, import-ohne-bild",MERGE,draft,FALSE,global,Electronics,SUPR1056,114.99,,80.50,shopify,deny,15,TRUE,TRUE,1.280,kg,8886419346012,,,,80.50,16.13,2026-06-17T21:20:08
,supr1059-razer-kraken-kitty-v3-x-headset-quartz,MERGE,Razer Kraken Kitty V3 X - Headset - Quartz,<p>Razer Kraken Kitty V3 X - Headset - Quartz</p>,Razer,CE,"CE, Razer, import-ohne-bild",MERGE,draft,FALSE,global,Electronics,SUPR1059,71.99,,46.38,shopify,deny,7,TRUE,TRUE,0.835,kg,8887910061091,,,,46.38,14.12,2026-06-17T21:20:08
,supr1060-razer-kraken-kitty-v3-x-headset-schwarz,MERGE,Razer Kraken Kitty V3 X - Headset - Schwarz,<p>Razer Kraken Kitty V3 X - Headset - Schwarz</p>,Razer,CE,"CE, Razer, import-ohne-bild",MERGE,draft,FALSE,global,Electronics,SUPR1060,73.99,,47.68,shopify,deny,17,TRUE,TRUE,0.634,kg,8887910061114,,,,47.68,14.50,2026-06-17T21:20:08
,supr1063-razer-kishi-v3-gamepad-black,MERGE,Razer Kishi V3 - Gamepad - Black,<p>Razer Kishi V3 - Gamepad - Black</p>,Razer,CE,"CE, Razer, import-ohne-bild",MERGE,draft,FALSE,global,Electronics,SUPR1063,111.99,,78.32,shopify,deny,9,TRUE,TRUE,0.568,kg,8887910082058,,,,78.32,15.79,2026-06-17T21:20:08
,supr1065-razer-barracuda-x-chroma-headset,MERGE,Razer Barracuda X Chroma - Headset,<p>Razer Barracuda X Chroma - Headset</p>,Razer,CE,"CE, Razer, import-ohne-bild",MERGE,draft,FALSE,global,Electronics,SUPR1065,111.99,,78.16,shopify,deny,35,TRUE,TRUE,0.807,kg,8887910060889,,,,78.16,15.95,2026-06-17T21:20:08
,sups0205-sony-wh-1000xm5-true-wireless-headset-black,MERGE,Sony WH-1000XM5 - True Wireless Headset - Black,<p>Sony WH-1000XM5 - True Wireless Headset - Black</p>,Sony,CE,"CE, Sony, import-ohne-bild",MERGE,draft,FALSE,global,Electronics,SUPS0205,239.99,,167.48,shopify,deny,43,TRUE,TRUE,0.750,kg,4548736132580,,,,167.48,34.19,2026-06-17T21:20:08
,sups0253-samsung-schnellladegeraet-ohne-datenkabel-usb-c-25w-schwarz,MERGE,Samsung Schnellladegerät - ohne Datenkabel - USB-C 25W - schwarz,<p>Samsung Schnellladegerät - ohne Datenkabel - USB-C 25W - schwarz</p>,Samsung,CE,"CE, Samsung, import-ohne-bild",MERGE,draft,FALSE,global,Electronics,SUPS0253,14.99,,6.80,shopify,deny,500,TRUE,TRUE,0.078,kg,8806094912128,,,,6.80,5.80,2026-06-17T21:20:08
,sups0254-samsung-schnellladegeraet-ohne-datenkabel-usb-c-25w-weiss,MERGE,Samsung Schnellladegerät -  ohne Datenkabel - USB-C 25W - weiß,<p>Samsung Schnellladegerät -  ohne Datenkabel - USB-C 25W - weiß</p>,Samsung,CE,"CE, Samsung, import-ohne-bild",MERGE,draft,FALSE,global,Electronics,SUPS0254,14.99,,6.80,shopify,deny,500,TRUE,TRUE,0.078,kg,8806094912081,,,,6.80,5.80,2026-06-17T21:20:08
,sups0256-samsung-schnellladegeraet-mit-datenkabel-usb-c-25w-weiss,MERGE,Samsung Schnellladegerät - mit Datenkabel - USB-C 25W - weiß,<p>Samsung Schnellladegerät - mit Datenkabel - USB-C 25W - weiß</p>,Samsung,CE,"CE, Samsung, import-ohne-bild",MERGE,draft,FALSE,global,Electronics,SUPS0256,17.99,,9.64,shopify,deny,401,TRUE,TRUE,0.106,kg,8806094911985,,,,9.64,5.48,2026-06-17T21:20:08
,sups0259-samsung-fast-charging-wall-charger-ep-ta800-netzteil-ultra-fast-charge-,MERGE,Samsung Fast Charging Wall Charger EP-TA800 - Netzteil - Ultra Fast Charge  - USB-C 25W - weiß,<p>Samsung Fast Charging Wall Charger EP-TA800 - Netzteil - Ultra Fast Charge  - USB-C 25W - weiß</p>,Samsung,CE,"CE, Samsung, import-ohne-bild",MERGE,draft,FALSE,global,Electronics,SUPS0259,16.99,,9.24,shopify,deny,500,TRUE,TRUE,0.116,kg,8801643979379,,,,9.24,5.04,2026-06-17T21:20:08
,sups0260-samsung-fast-charging-wall-charger-ep-ta800-netzteil-usb-c-25w-schwarz,MERGE,Samsung Fast Charging Wall Charger EP-TA800 - Netzteil - USB-C 25W - schwarz,<p>Samsung Fast Charging Wall Charger EP-TA800 - Netzteil - USB-C 25W - schwarz</p>,Samsung,CE,"CE, Samsung, import-ohne-bild",MERGE,draft,FALSE,global,Electronics,SUPS0260,17.99,,9.64,shopify,deny,444,TRUE,TRUE,0.116,kg,8801643979393,,,,9.64,5.48,2026-06-17T21:20:08
,sups0261-samsung-ep-t1510-netzteil-usb-c-15w-schwarz,MERGE,Samsung EP-T1510 - Netzteil - USB-C 15W - schwarz,<p>Samsung EP-T1510 - Netzteil - USB-C 15W - schwarz</p>,Samsung,CE,"CE, Samsung, import-ohne-bild",MERGE,draft,FALSE,global,Electronics,SUPS0261,11.99,,4.67,shopify,deny,440,TRUE,TRUE,0.067,kg,8806092709874,,,,4.67,5.41,2026-06-17T21:20:08
,sups0262-samsung-ep-t1510-netzteil-usb-c-15w-weiss,MERGE,Samsung EP-T1510 - Netzteil - USB-C 15W - weiß,<p>Samsung EP-T1510 - Netzteil - USB-C 15W - weiß</p>,Samsung,CE,"CE, Samsung, import-ohne-bild",MERGE,draft,FALSE,global,Electronics,SUPS0262,11.99,,4.77,shopify,deny,173,TRUE,TRUE,0.067,kg,8806092709850,,,,4.77,5.31,2026-06-17T21:20:08
,sups0263-samsung-ep-t1510-netzteil-usb-c-15w-weiss,MERGE,Samsung EP-T1510 - Netzteil - USB-C 15W - weiß,<p>Samsung EP-T1510 - Netzteil - USB-C 15W - weiß</p>,Samsung,CE,"CE, Samsung, import-ohne-bild",MERGE,draft,FALSE,global,Electronics,SUPS0263,14.99,,6.80,shopify,deny,43,TRUE,TRUE,0.099,kg,8806092709904,,,,6.80,5.80,2026-06-17T21:20:08
,sups0264-samsung-ep-t1510-netzteil-usb-c-15w-schwarz,MERGE,Samsung EP-T1510 - Netzteil - USB-C 15W - schwarz,<p>Samsung EP-T1510 - Netzteil - USB-C 15W - schwarz</p>,Samsung,CE,"CE, Samsung, import-ohne-bild",MERGE,draft,FALSE,global,Electronics,SUPS0264,14.99,,7.00,shopify,deny,25,TRUE,TRUE,0.100,kg,8806092709843,,,,7.00,5.60,2026-06-17T21:20:08
,sups0267-samsung-ef-qs916-hintere-abdeckung-fuer-mobiltelefon-clear,MERGE,Samsung EF-QS916 - hintere Abdeckung für Mobiltelefon - clear,<p>Samsung EF-QS916 - hintere Abdeckung für Mobiltelefon - clear</p>,Samsung,CE,"CE, Samsung, import-ohne-bild",MERGE,draft,FALSE,global,Electronics,SUPS0267,12.99,,5.08,shopify,deny,500,TRUE,TRUE,0.057,kg,8806094768831,,,,5.08,5.84,2026-06-17T21:20:08
,sups0269-samsung-eo-ic100-ohrhoerer-mit-mikrofon-kabelgebunden-usb-c-weiss,MERGE,Samsung EO-IC100 - Ohrhörer mit Mikrofon kabelgebunden - USB-C - weiß,<p>Samsung EO-IC100 - Ohrhörer mit Mikrofon kabelgebunden - USB-C - weiß</p>,Samsung,CE,"CE, Samsung, import-ohne-bild",MERGE,draft,FALSE,global,Electronics,SUPS0269,15.99,,8.42,shopify,deny,500,TRUE,TRUE,0.055,kg,8806090270062,,,,8.42,5.02,2026-06-17T21:20:08
,sups0272-samsung-ef-xs921-galaxy-s24-gadget-case-fuer-mobiltelefon-clear,MERGE,Samsung EF-XS921- Galaxy S24 - Gadget Case für Mobiltelefon - clear,<p>Samsung EF-XS921- Galaxy S24 - Gadget Case für Mobiltelefon - clear</p>,Samsung,CE,"CE, Samsung, import-ohne-bild",MERGE,draft,FALSE,global,Electronics,SUPS0272,11.99,,4.62,shopify,deny,37,TRUE,TRUE,0.094,kg,8806095426785,,,,4.62,5.46,2026-06-17T21:20:08
,sups0279-samsung-ef-ms921-s24-klapphuelle-fuer-mobiltelefon-white,MERGE,Samsung EF-MS921- S24 - Klapphülle für Mobiltelefon - white,<p>Samsung EF-MS921- S24 - Klapphülle für Mobiltelefon - white</p>,Samsung,CE,"CE, Samsung, import-ohne-bild",MERGE,draft,FALSE,global,Electronics,SUPS0279,7.99,,1.02,shopify,deny,58,TRUE,TRUE,0.083,kg,8806095498522,,,,1.02,5.69,2026-06-17T21:20:08
,sups0283-sony-wh-ch720n-true-wireless-headset-black,MERGE,Sony WH-CH720N - True Wireless Headset - Black,<p>Sony WH-CH720N - True Wireless Headset - Black</p>,Sony,CE,"CE, Sony, import-ohne-bild",MERGE,draft,FALSE,global,Electronics,SUPS0283,72.99,,50.75,shopify,deny,51,TRUE,TRUE,0.520,kg,4548736142428,,,,50.75,10.59,2026-06-17T21:20:08
,sups0286-samsung-ep-t4511-netzteil-45-watt-5-a-fast-charge-schwarz,MERGE,Samsung EP-T4511 - Netzteil - 45 Watt - 5 A - Fast Charge - schwarz,<p>Samsung EP-T4511 - Netzteil - 45 Watt - 5 A - Fast Charge - schwarz</p>,Samsung,CE,"CE, Samsung, import-ohne-bild",MERGE,draft,FALSE,global,Electronics,SUPS0286,25.99,,15.94,shopify,deny,89,TRUE,TRUE,0.208,kg,8806095510002,,,,15.94,5.90,2026-06-17T21:20:08
,sups0291-sony-ht-an7-nackenlautsprecher,MERGE,Sony HT-AN7 - Nackenlautsprecher,<p>Sony HT-AN7 - Nackenlautsprecher</p>,Sony,CE,"CE, Sony, import-ohne-bild",MERGE,draft,FALSE,global,Electronics,SUPS0291,217.99,,152.25,shopify,deny,41,TRUE,TRUE,0.694,kg,4548736158283,,,,152.25,30.93,2026-06-17T21:20:08
,sups0296-sony-wh-ult900n-kopfhoerer-schwarz,MERGE,Sony WH-ULT900N - Kopfhörer - Schwarz,<p>Sony WH-ULT900N - Kopfhörer - Schwarz</p>,Sony,CE,"CE, Sony, import-ohne-bild",MERGE,draft,FALSE,global,Electronics,SUPS0296,122.99,,85.77,shopify,deny,81,TRUE,TRUE,0.823,kg,4548736156432,,,,85.77,17.58,2026-06-17T21:20:08
,sups0297-sony-wh-ult900n-kopfhoerer-off-white,MERGE,Sony WH-ULT900N - Kopfhörer - Off White,<p>Sony WH-ULT900N - Kopfhörer - Off White</p>,Sony,CE,"CE, Sony, import-ohne-bild",MERGE,draft,FALSE,global,Electronics,SUPS0297,124.99,,87.29,shopify,deny,63,TRUE,TRUE,0.824,kg,4548736158337,,,,87.29,17.74,2026-06-17T21:20:08
,sups0328-sony-wh-1000xm5l-true-wireless-headset-night-blue,MERGE,Sony WH-1000XM5L True Wireless Headset | Night Blue,<p>Sony WH-1000XM5L True Wireless Headset | Night Blue</p>,Sony,CE,"CE, Sony, import-ohne-bild",MERGE,draft,FALSE,global,Electronics,SUPS0328,250.99,,175.60,shopify,deny,93,TRUE,TRUE,0.760,kg,4548736134294,,,,175.60,35.32,2026-06-17T21:20:08
,sups0329-sony-wh-1000xm5s-true-wireless-headset-silver,MERGE,Sony WH-1000XM5S True Wireless Headset | Silver,<p>Sony WH-1000XM5S True Wireless Headset | Silver</p>,Sony,CE,"CE, Sony, import-ohne-bild",MERGE,draft,FALSE,global,Electronics,SUPS0329,242.99,,169.51,shopify,deny,66,TRUE,TRUE,0.764,kg,4548736132597,,,,169.51,34.68,2026-06-17T21:20:08
,sups0341-samsung-powerbank-battery-pack-25w-10-000-mah-beige,MERGE,Samsung Powerbank - Battery Pack  - 25W 10.000 mAh - Beige,<p>Samsung Powerbank - Battery Pack  - 25W 10.000 mAh - Beige</p>,Samsung,CE,"CE, Samsung, import-ohne-bild",MERGE,draft,FALSE,global,Electronics,SUPS0341,26.99,,16.24,shopify,deny,500,TRUE,TRUE,0.264,kg,8806094682748,,,,16.24,6.44,2026-06-17T21:20:08
,sups0342-samsung-powerbank-20000-mah-25-watt-fast-charge,MERGE,Samsung Powerbank - 20000 mAh - 25 Watt - Fast Charge,<p>Samsung Powerbank - 20000 mAh - 25 Watt - Fast Charge</p>,Samsung,CE,"CE, Samsung, import-ohne-bild",MERGE,draft,FALSE,global,Electronics,SUPS0342,39.99,,25.38,shopify,deny,500,TRUE,TRUE,0.524,kg,8806095312187,,,,25.38,8.23,2026-06-17T21:20:08
,sups0343-samsung-ep-dg930-datenkabel-usb-c-zu-usb-typ-a-1-5-m-schwarz,MERGE,"Samsung EP-DG930 Datenkabel USB-C zu USB Typ-A 1,5 m schwarz","<p>Samsung EP-DG930 Datenkabel USB-C zu USB Typ-A 1,5 m schwarz</p>",Samsung,CE,"CE, Samsung, import-ohne-bild",MERGE,draft,FALSE,global,Electronics,SUPS0343,10.99,,3.55,shopify,deny,199,TRUE,TRUE,0.050,kg,8806088938141,,,,3.55,5.69,2026-06-17T21:20:08
,sups0345-samsung-usb-c-zu-usb-c-kabel-ep-dx510-5a-1-8m-schwarz,MERGE,"Samsung USB-C zu USB-C Kabel EP-DX510 (5A) 1,8m Schwarz","<p>Samsung USB-C zu USB-C Kabel EP-DX510 (5A) 1,8m Schwarz</p>",Samsung,CE,"CE, Samsung, import-ohne-bild",MERGE,draft,FALSE,global,Electronics,SUPS0345,14.99,,7.11,shopify,deny,43,TRUE,TRUE,0.080,kg,8806094257540,,,,7.11,5.49,2026-06-17T21:20:08
,sups0355-sony-wh1000xm5p-true-wireless-headset-pink,MERGE,Sony WH1000XM5P True Wireless Headset | Pink,<p>Sony WH1000XM5P True Wireless Headset | Pink</p>,Sony,CE,"CE, Sony, import-ohne-bild",MERGE,draft,FALSE,global,Electronics,SUPS0355,260.99,,182.70,shopify,deny,44,TRUE,TRUE,0.950,kg,4548736163591,,,,182.70,36.62,2026-06-17T21:20:08
,sups0366-samsung-usb-c-45w-travel-charger-ep-t4511nwe-white,MERGE,"Samsung USB-C 45W Travel Charger  EP-T4511NWE , White","<p>Samsung USB-C 45W Travel Charger  EP-T4511NWE , White</p>",Samsung,CE,"CE, Samsung, import-ohne-bild",MERGE,draft,FALSE,global,Electronics,SUPS0366,22.99,,13.70,shopify,deny,500,TRUE,TRUE,0.130,kg,8806097740599,,,,13.70,5.62,2026-06-17T21:20:08
,sups0368-samsung-ep-t6010-netzteil-without-cable-60-watt-schwarz,MERGE,Samsung EP-T6010 - Netzteil - without cable - 60 Watt - Schwarz,<p>Samsung EP-T6010 - Netzteil - without cable - 60 Watt - Schwarz</p>,Samsung,CE,"CE, Samsung, import-ohne-bild",MERGE,draft,FALSE,global,Electronics,SUPS0368,33.99,,20.81,shopify,deny,456,TRUE,TRUE,0.152,kg,8806097735618,,,,20.81,7.75,2026-06-17T21:20:08
,sups0370-samsung-powerbank-5000-mah-25-watt,MERGE,Samsung Powerbank - 5000 mAh - 25 Watt,<p>Samsung Powerbank - 5000 mAh - 25 Watt</p>,Samsung,CE,"CE, Samsung, import-ohne-bild",MERGE,draft,FALSE,global,Electronics,SUPS0370,39.99,,25.38,shopify,deny,282,TRUE,TRUE,0.197,kg,8806097918448,,,,25.38,8.23,2026-06-17T21:20:08
,sups0371-samsung-powerbank-10000-mah-25-watt-fast-charge,MERGE,Samsung Powerbank - 10000 mAh - 25 Watt - Fast Charge,<p>Samsung Powerbank - 10000 mAh - 25 Watt - Fast Charge</p>,Samsung,CE,"CE, Samsung, import-ohne-bild",MERGE,draft,FALSE,global,Electronics,SUPS0371,31.99,,19.29,shopify,deny,20,TRUE,TRUE,0.306,kg,8806095312170,,,,19.29,7.59,2026-06-17T21:20:08
,sups0372-samsung-powerbank-15-watt-wireless-charger,MERGE,Samsung Powerbank - 15 Watt - Wireless Charger,<p>Samsung Powerbank - 15 Watt - Wireless Charger</p>,Samsung,CE,"CE, Samsung, import-ohne-bild",MERGE,draft,FALSE,global,Electronics,SUPS0372,24.99,,15.12,shopify,deny,192,TRUE,TRUE,0.310,kg,8806092978683,,,,15.12,5.88,2026-06-17T21:20:08
,sups1023-sonos-ace-bluetooth-kopfhoerer-schwarz,MERGE,Sonos Ace Bluetooth-Kopfhörer - Schwarz,<p>Sonos Ace Bluetooth-Kopfhörer - Schwarz</p>,SONOS,CE,"CE, SONOS, import-ohne-bild",MERGE,draft,FALSE,global,Electronics,SUPS1023,369.99,,258.83,shopify,deny,12,TRUE,TRUE,1.104,kg,8720862502642,,,,258.83,52.09,2026-06-17T21:20:08
,sups1024-sonos-ace-bluetooth-kopfhoerer-weiss,MERGE,Sonos Ace Bluetooth-Kopfhörer - Weiß,<p>Sonos Ace Bluetooth-Kopfhörer - Weiß</p>,SONOS,CE,"CE, SONOS, import-ohne-bild",MERGE,draft,FALSE,global,Electronics,SUPS1024,369.99,,258.83,shopify,deny,10,TRUE,TRUE,1.200,kg,8720862502635,,,,258.83,52.09,2026-06-17T21:20:08
,sups3003-steelseries-arctis-nova-7p-headset-ohrumschliessend-white,MERGE,SteelSeries Arctis Nova 7P - Headset - ohrumschließend - White,<p>SteelSeries Arctis Nova 7P - Headset - ohrumschließend - White</p>,SteelSeries,CE,"CE, SteelSeries, import-ohne-bild",MERGE,draft,FALSE,global,Electronics,SUPS3003,181.99,,126.88,shopify,deny,20,TRUE,TRUE,0.875,kg,5707119056502,,,,126.88,26.05,2026-06-17T21:20:08
,sups3005-steelseries-arctis-nova-7x-headset-ohrumschliessend-black,MERGE,SteelSeries Arctis Nova 7X - Headset - ohrumschließend - Black,<p>SteelSeries Arctis Nova 7X - Headset - ohrumschließend - Black</p>,SteelSeries,CE,"CE, SteelSeries, import-ohne-bild",MERGE,draft,FALSE,global,Electronics,SUPS3005,210.99,,147.18,shopify,deny,42,TRUE,TRUE,0.867,kg,5707119041331,,,,147.18,30.12,2026-06-17T21:20:08
,sups7004-shelly-hutschiene-3em-stromzaehler-max-3x-120a-inkl-3-klemmen-messfunkt,MERGE,"Shelly - Hutschiene - ""3EM"" - Stromzähler - max. 3x 120A -Inkl. 3 Klemmen - Messfunktion - WLAN","<p>Shelly - Hutschiene - ""3EM"" - Stromzähler - max. 3x 120A -Inkl. 3 Klemmen - Messfunktion - WLAN</p>",Shelly,,"Shelly, import-ohne-bild",MERGE,draft,FALSE,global,Electronics,SUPS7004,75.99,,48.72,shopify,deny,500,TRUE,TRUE,0.515,kg,3800235262214,,,,48.72,15.14,2026-06-17T21:20:08
,sups7023-shelly-unterputz-1pm-gen3-relais,MERGE,"Shelly · Unterputz·""1PM Gen3""· Relais","<p>Shelly · Unterputz·""1PM Gen3""· Relais</p>",Shelly,,"Shelly, import-ohne-bild",MERGE,draft,FALSE,global,Electronics,SUPS7023,19.99,,11.17,shopify,deny,48,TRUE,TRUE,0.040,kg,3800235261798,,,,11.17,5.63,2026-06-17T21:20:08
,supt2001-telit-cinterion-se868sy-d-eval-kit,MERGE,Telit Cinterion SE868SY-D Eval Kit,<p>Telit Cinterion SE868SY-D Eval Kit</p>,Telit,DV,"DV, Telit, import-ohne-bild",MERGE,draft,FALSE,global,Electronics,SUPT2001,231.99,,162.40,shopify,deny,9,TRUE,TRUE,0.299,kg,,,,,162.40,32.55,2026-06-17T21:20:08
,supt4010-teufel-t6-subwoofer-mk2-20-60w-schwarz-wireless,MERGE,Teufel T6 Subwoofer MK2 20 60W Schwarz Wireless,<p>Teufel T6 Subwoofer MK2 20 60W Schwarz Wireless</p>,,,import-ohne-bild,MERGE,draft,FALSE,global,Electronics,SUPT4010,333.99,,233.45,shopify,deny,2,TRUE,TRUE,9.550,kg,4048945034953,,,,233.45,47.21,2026-06-17T21:20:08
,supv0001-verbatim-mobile-dvd-rewriter-usb-2-0-light-version-53504,MERGE,Verbatim Mobile DVD ReWriter USB 2.0 (Light Version) 53504,<p>Verbatim Mobile DVD ReWriter USB 2.0 (Light Version) 53504</p>,Verbatim,VERBATIM,"VERBATIM, Verbatim, import-ohne-bild",MERGE,draft,FALSE,global,Electronics > Computers > Computer Components > Storage Devices,SUPV0001,39.99,,24.77,shopify,deny,22,TRUE,TRUE,0.390,kg,0023942535041,,,,24.77,8.84,2026-06-17T21:20:08
,supv0004-verbatim-mobile-blu-ray-brenner-rewriter-usb-3-0-43890,MERGE,Verbatim Mobile Blu-ray Brenner ReWriter USB 3.0 43890,<p>Verbatim Mobile Blu-ray Brenner ReWriter USB 3.0 43890</p>,Verbatim,VERBATIM,"VERBATIM, Verbatim, import-ohne-bild",MERGE,draft,FALSE,global,Electronics > Computers > Computer Components > Storage Devices,SUPV0004,144.99,,101.50,shopify,deny,20,TRUE,TRUE,0.650,kg,0023942438908,,,,101.50,20.34,2026-06-17T21:20:08
,supv0011-verbatim-slimline-blu-ray-writer-usb-3-1-gen-1-usb-c-43889,MERGE,Verbatim Slimline Blu-ray Writer USB 3.1 GEN 1 USB-C 43889,<p>Verbatim Slimline Blu-ray Writer USB 3.1 GEN 1 USB-C 43889</p>,Verbatim,VERBATIM,"VERBATIM, Verbatim, import-ohne-bild",MERGE,draft,FALSE,global,Electronics > Computers > Computer Components > Storage Devices,SUPV0011,155.99,,108.61,shopify,deny,27,TRUE,TRUE,0.451,kg,0023942438892,,,,108.61,22.47,2026-06-17T21:20:08
,supv0012-verbatim-usb-c-pro-multiport-hub-9-port-cmh-9-32152,MERGE,Verbatim USB-C Pro Multiport Hub 9 Port CMH-9 32152,<p>Verbatim USB-C Pro Multiport Hub 9 Port CMH-9 32152</p>,Verbatim,VERBATIM,"VERBATIM, Verbatim, import-ohne-bild",MERGE,draft,FALSE,global,Electronics > Computers > Computer Components > Storage Devices,SUPV0012,47.99,,30.75,shopify,deny,75,TRUE,TRUE,0.149,kg,0023942321521,,,,30.75,9.58,2026-06-17T21:20:08
,supv0013-verbatim-usb-c-pro-multiport-hub-14-port-cmh-14-32154,MERGE,Verbatim USB-C Pro Multiport Hub 14 Port CMH-14 32154,<p>Verbatim USB-C Pro Multiport Hub 14 Port CMH-14 32154</p>,Verbatim,VERBATIM,"VERBATIM, Verbatim, import-ohne-bild",MERGE,draft,FALSE,global,Electronics > Computers > Computer Components > Storage Devices,SUPV0013,66.99,,42.93,shopify,deny,19,TRUE,TRUE,0.217,kg,0023942321545,,,,42.93,13.36,2026-06-17T21:20:08
,supv0020-verbatim-usb-c-essentials-multi-port-hub-7-port-32158,MERGE,Verbatim USB-C Essentials Multi- Port Hub 7 Port 32158,<p>Verbatim USB-C Essentials Multi- Port Hub 7 Port 32158</p>,Verbatim,VERBATIM,"VERBATIM, Verbatim, import-ohne-bild",MERGE,draft,FALSE,global,Electronics > Computers > Computer Components > Storage Devices,SUPV0020,31.99,,19.79,shopify,deny,1,TRUE,TRUE,0.114,kg,0023942321583,,,,19.79,7.09,2026-06-17T21:20:08
,supv0022-verbatim-usb-c-pro-multiport-hub-8-port-cmh-08-32151,MERGE,Verbatim USB-C Pro Multiport Hub 8 Port CMH-08 32151,<p>Verbatim USB-C Pro Multiport Hub 8 Port CMH-08 32151</p>,Verbatim,VERBATIM,"VERBATIM, Verbatim, import-ohne-bild",MERGE,draft,FALSE,global,Electronics > Computers > Computer Components > Storage Devices,SUPV0022,45.99,,29.44,shopify,deny,1,TRUE,TRUE,0.134,kg,0023942321514,,,,29.44,9.21,2026-06-17T21:20:08
,supv0026-verbatim-sync-charge-60w-120cm-usb-c-usb-c-magnetic-gruen-31864,MERGE,Verbatim Sync&Charge 60W 120cm USB-C/USB-C Magnetic grün 31864,<p>Verbatim Sync&Charge 60W 120cm USB-C/USB-C Magnetic grün 31864</p>,Verbatim,VERBATIM,"VERBATIM, Verbatim, import-ohne-bild",MERGE,draft,FALSE,global,Electronics > Computers > Computer Components > Storage Devices,SUPV0026,13.99,,6.14,shopify,deny,10,TRUE,TRUE,0.101,kg,0023942318644,,,,6.14,5.62,2026-06-17T21:20:08
,supv0027-verbatim-share-my-screen-usb-c-wirel-displ-ad-1080p-hub-32146,MERGE,Verbatim Share My Screen USB-C Wirel.Displ.Ad. 1080P/Hub 32146,<p>Verbatim Share My Screen USB-C Wirel.Displ.Ad. 1080P/Hub 32146</p>,Verbatim,VERBATIM,"VERBATIM, Verbatim, import-ohne-bild",MERGE,draft,FALSE,global,Electronics > Computers > Computer Components > Storage Devices,SUPV0027,83.99,,58.67,shopify,deny,10,TRUE,TRUE,0.322,kg,0023942321460,,,,58.67,11.91,2026-06-17T21:20:08
,supv0028-verbatim-share-my-screen-usb-c-wireless-displ-ad-4k-hub-32147,MERGE,Verbatim Share My Screen USB-C Wireless Displ. Ad. 4K/Hub 32147,<p>Verbatim Share My Screen USB-C Wireless Displ. Ad. 4K/Hub 32147</p>,Verbatim,VERBATIM,"VERBATIM, Verbatim, import-ohne-bild",MERGE,draft,FALSE,global,Electronics > Computers > Computer Components > Storage Devices,SUPV0028,108.99,,76.13,shopify,deny,39,TRUE,TRUE,0.315,kg,0023942321477,,,,76.13,15.46,2026-06-17T21:20:08
,supv0029-verbatim-usb-c-essentials-multi-port-hub-6-port-card-read-32156,MERGE,Verbatim USB-C Essentials Multi- Port Hub 6 Port/card read. 32156,<p>Verbatim USB-C Essentials Multi- Port Hub 6 Port/card read. 32156</p>,Verbatim,VERBATIM,"VERBATIM, Verbatim, import-ohne-bild",MERGE,draft,FALSE,global,Electronics > Computers > Computer Components > Storage Devices,SUPV0029,27.99,,16.75,shopify,deny,11,TRUE,TRUE,0.120,kg,0023942321569,,,,16.75,6.77,2026-06-17T21:20:08
,supv0032-verbatim-usb-c-pro-multiport-hub-13-port-cmh-13-32153,MERGE,Verbatim USB-C Pro Multiport Hub 13 Port CMH-13 32153,<p>Verbatim USB-C Pro Multiport Hub 13 Port CMH-13 32153</p>,Verbatim,VERBATIM,"VERBATIM, Verbatim, import-ohne-bild",MERGE,draft,FALSE,global,Electronics > Computers > Computer Components > Storage Devices,SUPV0032,79.99,,55.52,shopify,deny,38,TRUE,TRUE,0.240,kg,0023942321538,,,,55.52,11.70,2026-06-17T21:20:08
,supv0034-verbatim-pmt-14-portable-touchscreen-monitor,MERGE,Verbatim PMT-14 Portable Touchscreen Monitor,<p>Verbatim PMT-14 Portable Touchscreen Monitor</p>,Verbatim,VERBATIM,"VERBATIM, Verbatim, import-ohne-bild",MERGE,draft,FALSE,global,Electronics > Computers > Computer Components > Storage Devices,SUPV0034,181.99,,126.88,shopify,deny,20,TRUE,TRUE,2.475,kg,0023942495918,,,,126.88,26.05,2026-06-17T21:20:08
,supv0035-verbatim-pmt-17-portable-touchscreen-monitor,MERGE,Verbatim PMT-17 Portable Touchscreen Monitor,<p>Verbatim PMT-17 Portable Touchscreen Monitor</p>,Verbatim,VERBATIM,"VERBATIM, Verbatim, import-ohne-bild",MERGE,draft,FALSE,global,Electronics > Computers > Computer Components > Storage Devices,SUPV0035,363.99,,254.77,shopify,deny,30,TRUE,TRUE,3.487,kg,0023942495932,,,,254.77,51.10,2026-06-17T21:20:08
,supv0036-verbatim-pmt-15-portable-touchscreen-monitor,MERGE,Verbatim PMT-15 Portable Touchscreen Monitor,<p>Verbatim PMT-15 Portable Touchscreen Monitor</p>,Verbatim,VERBATIM,"VERBATIM, Verbatim, import-ohne-bild",MERGE,draft,FALSE,global,Electronics > Computers > Computer Components > Storage Devices,SUPV0036,210.99,,147.18,shopify,deny,34,TRUE,TRUE,2.730,kg,0023942495925,,,,147.18,30.12,2026-06-17T21:20:08
,supv0037-verbatim-pmt-17-4k-portable-touchscreen-display,MERGE,Verbatim PMT-17 4K Portable Touchscreen Display,<p>Verbatim PMT-17 4K Portable Touchscreen Display</p>,Verbatim,VERBATIM,"VERBATIM, Verbatim, import-ohne-bild",MERGE,draft,FALSE,global,Electronics > Computers > Computer Components > Storage Devices,SUPV0037,488.99,,342.06,shopify,deny,30,TRUE,TRUE,3.612,kg,0023942322399,,,,342.06,68.86,2026-06-17T21:20:08
,supv0038-verbatim-pmt-15-4k-portable-touchscreen-monitor,MERGE,Verbatim PMT-15 4K Portable Touchscreen Monitor,<p>Verbatim PMT-15 4K Portable Touchscreen Monitor</p>,Verbatim,VERBATIM,"VERBATIM, Verbatim, import-ohne-bild",MERGE,draft,FALSE,global,Electronics > Computers > Computer Components > Storage Devices,SUPV0038,355.99,,248.68,shopify,deny,40,TRUE,TRUE,2.753,kg,0023942322382,,,,248.68,50.47,2026-06-17T21:20:08
,supv0039-verbatim-gan-iii-univers-travel-adapt-welt-zu-welt-uta-05-32120,MERGE,Verbatim GaN III Univers. Travel Adapt. Welt-zu-Welt UTA-05 32120,<p>Verbatim GaN III Univers. Travel Adapt. Welt-zu-Welt UTA-05 32120</p>,Verbatim,VERBATIM,"VERBATIM, Verbatim, import-ohne-bild",MERGE,draft,FALSE,global,Electronics > Computers > Computer Components > Storage Devices,SUPV0039,44.99,,28.62,shopify,deny,17,TRUE,TRUE,0.277,kg,0023942321200,,,,28.62,9.19,2026-06-17T21:20:08
,supv0040-verbatim-gan-iii-uni-travel-adap-100w-welt-zu-welt-uta-06-32121,MERGE,Verbatim GaN III Uni.Travel Adap 100W Welt-zu-Welt UTA-06 32121,<p>Verbatim GaN III Uni.Travel Adap 100W Welt-zu-Welt UTA-06 32121</p>,Verbatim,VERBATIM,"VERBATIM, Verbatim, import-ohne-bild",MERGE,draft,FALSE,global,Electronics > Computers > Computer Components > Storage Devices,SUPV0040,63.99,,40.80,shopify,deny,10,TRUE,TRUE,0.367,kg,0023942321217,,,,40.80,12.97,2026-06-17T21:20:08
,supv0044-verbatim-gnc-35-gan-charger-34w-1xusb-c-pd-1xusb-a-qc-3-0-32200,MERGE,"Verbatim GNC-35 GaN Charger 34W 1xUSB-C PD, 1xUSB-A QC 3.0 32200","<p>Verbatim GNC-35 GaN Charger 34W 1xUSB-C PD, 1xUSB-A QC 3.0 32200</p>",Verbatim,VERBATIM,"VERBATIM, Verbatim, import-ohne-bild",MERGE,draft,FALSE,global,Electronics > Computers > Computer Components > Storage Devices,SUPV0044,16.99,,8.98,shopify,deny,35,TRUE,TRUE,0.186,kg,0023942322009,,,,8.98,5.30,2026-06-17T21:20:08
,supv0047-verbatim-gnc-140-gan-charg-140w-3xusb-c-pd-1xusb-a-qc-3-0-32203,MERGE,"Verbatim GNC-140 GaN Charg. 140W 3xUSB-C PD, 1xUSB-A QC 3.0 32203","<p>Verbatim GNC-140 GaN Charg. 140W 3xUSB-C PD, 1xUSB-A QC 3.0 32203</p>",Verbatim,VERBATIM,"VERBATIM, Verbatim, import-ohne-bild",MERGE,draft,FALSE,global,Electronics > Computers > Computer Components > Storage Devices,SUPV0047,62.99,,40.60,shopify,deny,37,TRUE,TRUE,0.443,kg,0023942322030,,,,40.60,12.33,2026-06-17T21:20:08
,supv0048-verbatim-gnc-200-gan-charg-200w-3xusb-c-pd-1xusb-a-qc-3-0-32204,MERGE,"Verbatim GNC-200 GaN Charg. 200W 3xUSB-C PD, 1xUSB-A QC 3.0 32204","<p>Verbatim GNC-200 GaN Charg. 200W 3xUSB-C PD, 1xUSB-A QC 3.0 32204</p>",Verbatim,VERBATIM,"VERBATIM, Verbatim, import-ohne-bild",MERGE,draft,FALSE,global,Electronics > Computers > Computer Components > Storage Devices,SUPV0048,77.99,,54.20,shopify,deny,2,TRUE,TRUE,0.464,kg,0023942322047,,,,54.20,11.34,2026-06-17T21:20:08
,supv0053-verbatim-gan-charger-65w-2xusb-c-pd-1xusb-a-retrac-cable-32217,MERGE,"Verbatim Gan Charger 65W 2xUSB-C PD,1xUSB-A, retrac. Cable 32217","<p>Verbatim Gan Charger 65W 2xUSB-C PD,1xUSB-A, retrac. Cable 32217</p>",Verbatim,VERBATIM,"VERBATIM, Verbatim, import-ohne-bild",MERGE,draft,FALSE,global,Electronics > Computers > Computer Components > Storage Devices,SUPV0053,39.99,,25.58,shopify,deny,17,TRUE,TRUE,0.330,kg,0023942322177,,,,25.58,8.03,2026-06-17T21:20:08
,supv0056-verbatim-1x10-verbatim-dvd-r-4-7gb-jewel-16x-speed-printable,MERGE,"Verbatim 1x10 Verbatim DVD+R 4,7GB Jewel 16x Speed, printable","<p>Verbatim 1x10 Verbatim DVD+R 4,7GB Jewel 16x Speed, printable</p>",Verbatim,VERBATIM,"VERBATIM, Verbatim, import-ohne-bild",MERGE,draft,FALSE,global,Electronics > Computers > Computer Components > Storage Devices,SUPV0056,12.99,,5.38,shopify,deny,13,TRUE,TRUE,0.900,kg,0023942435082,,,,5.38,5.54,2026-06-17T21:20:08
,supv0064-verbatim-5er-pack-verbatim-bd-r-blu-ray-100gb-4x-speed-wide-printable-j,MERGE,Verbatim 5er-Pack Verbatim BD-R Blu-Ray 100GB 4x Speed wide printable JC,<p>Verbatim 5er-Pack Verbatim BD-R Blu-Ray 100GB 4x Speed wide printable JC</p>,Verbatim,VERBATIM,"VERBATIM, Verbatim, import-ohne-bild",MERGE,draft,FALSE,global,Electronics > Computers > Computer Components > Storage Devices,SUPV0064,50.99,,32.48,shopify,deny,13,TRUE,TRUE,0.232,kg,0023942437895,,,,32.48,10.37,2026-06-17T21:20:08
,supv0067-verbatim-charge-n-travel-70w-2c-retractable-universal-travel-adapter-bl,MERGE,VERBATIM CHARGE 'N' TRAVEL 70W 2C RETRACTABLE UNIVERSAL TRAVEL ADAPTER BLUE,<p>VERBATIM CHARGE 'N' TRAVEL 70W 2C RETRACTABLE UNIVERSAL TRAVEL ADAPTER BLUE</p>,Verbatim,VERBATIM,"VERBATIM, Verbatim, import-ohne-bild",MERGE,draft,FALSE,global,Electronics > Computers > Computer Components > Storage Devices,SUPV0067,59.99,,38.16,shopify,deny,4,TRUE,TRUE,0.354,kg,023942301875,,,,38.16,12.25,2026-06-17T21:20:08
,supv0068-verbatim-charge-n-travel-70w-2c-retractable-universal-travel-adapter-pu,MERGE,VERBATIM CHARGE 'N' TRAVEL 70W 2C RETRACTABLE UNIVERSAL TRAVEL ADAPTER PURPLE,<p>VERBATIM CHARGE 'N' TRAVEL 70W 2C RETRACTABLE UNIVERSAL TRAVEL ADAPTER PURPLE</p>,Verbatim,VERBATIM,"VERBATIM, Verbatim, import-ohne-bild",MERGE,draft,FALSE,global,Electronics > Computers > Computer Components > Storage Devices,SUPV0068,58.99,,38.06,shopify,deny,8,TRUE,TRUE,0.354,kg,0023942301882,,,,38.06,11.51,2026-06-17T21:20:08
,supv0069-verbatim-charge-n-travel-100w-universal-travel-adapter-with-retractable,MERGE,VERBATIM CHARGE 'N' TRAVEL 100W UNIVERSAL TRAVEL ADAPTER WITH RETRACTABLE CABLE BLACK,<p>VERBATIM CHARGE 'N' TRAVEL 100W UNIVERSAL TRAVEL ADAPTER WITH RETRACTABLE CABLE BLACK</p>,Verbatim,VERBATIM,"VERBATIM, Verbatim, import-ohne-bild",MERGE,draft,FALSE,global,Electronics > Computers > Computer Components > Storage Devices,SUPV0069,65.99,,42.63,shopify,deny,2,TRUE,TRUE,0.354,kg,023942301912,,,,42.63,12.82,2026-06-17T21:20:08
,supv0070-verbatim-charge-n-travel-100w-universal-travel-adapter-with-retractable,MERGE,VERBATIM CHARGE 'N' TRAVEL 100W UNIVERSAL TRAVEL ADAPTER WITH RETRACTABLE CABLE BLUE,<p>VERBATIM CHARGE 'N' TRAVEL 100W UNIVERSAL TRAVEL ADAPTER WITH RETRACTABLE CABLE BLUE</p>,Verbatim,VERBATIM,"VERBATIM, Verbatim, import-ohne-bild",MERGE,draft,FALSE,global,Electronics > Computers > Computer Components > Storage Devices,SUPV0070,65.99,,42.63,shopify,deny,9,TRUE,TRUE,0.354,kg,0023942301929,,,,42.63,12.82,2026-06-17T21:20:08
,supv0071-verbatim-charge-n-travel-100w-universal-travel-adapter-with-retractable,MERGE,VERBATIM CHARGE 'N' TRAVEL 100W UNIVERSAL TRAVEL ADAPTER WITH RETRACTABLE CABLE PURPLE,<p>VERBATIM CHARGE 'N' TRAVEL 100W UNIVERSAL TRAVEL ADAPTER WITH RETRACTABLE CABLE PURPLE</p>,Verbatim,VERBATIM,"VERBATIM, Verbatim, import-ohne-bild",MERGE,draft,FALSE,global,Electronics > Computers > Computer Components > Storage Devices,SUPV0071,65.99,,42.63,shopify,deny,7,TRUE,TRUE,0.354,kg,0023942301936,,,,42.63,12.82,2026-06-17T21:20:08
,supv0073-verbatim-portable-15-6-dual-monitor-essentials,MERGE,VERBATIM PORTABLE 15.6 DUAL MONITOR ESSENTIALS,<p>VERBATIM PORTABLE 15.6 DUAL MONITOR ESSENTIALS</p>,Verbatim,VERBATIM,"VERBATIM, Verbatim, import-ohne-bild",MERGE,draft,FALSE,global,Electronics > Computers > Computer Components > Storage Devices,SUPV0073,259.99,,181.69,shopify,deny,48,TRUE,TRUE,3.290,kg,0023942324034,,,,181.69,36.79,2026-06-17T21:20:08
,supv0075-verbatim-portable-14-fhd-touch-monitor-light-with-wireless-power-supply,MERGE,"Verbatim Portable 14"" FHD Touch Monitor LIGHT with Wireless Power Supply incl. Power Bank 5000mAh","<p>Verbatim Portable 14"" FHD Touch Monitor LIGHT with Wireless Power Supply incl. Power Bank 5000mAh</p>",Verbatim,VERBATIM,"VERBATIM, Verbatim, import-ohne-bild",MERGE,draft,FALSE,global,Electronics > Computers > Computer Components > Storage Devices,SUPV0075,207.99,,145.15,shopify,deny,10,TRUE,TRUE,1.910,kg,0023942320883,,,,145.15,29.63,2026-06-17T21:20:08
,supv0084-verbatim-cool-n-go-airjet-handheld-fan-grey-purple-32340,MERGE,Verbatim Cool’n’go Airjet Handheld Fan Grey/Purple 32340,<p>Verbatim Cool’n’go Airjet Handheld Fan Grey/Purple 32340</p>,Verbatim,VERBATIM,"VERBATIM, Verbatim, import-ohne-bild",MERGE,draft,FALSE,global,Electronics > Computers > Computer Components > Storage Devices,SUPV0084,21.99,,12.79,shopify,deny,492,TRUE,TRUE,0.256,kg,0023942323402,,,,12.79,5.69,2026-06-17T21:20:08
,supv0085-verbatim-cool-n-go-airjet-handheld-fan-white-silver-32341,MERGE,Verbatim Cool’n’go Airjet Handheld Fan White/Silver 32341,<p>Verbatim Cool’n’go Airjet Handheld Fan White/Silver 32341</p>,Verbatim,VERBATIM,"VERBATIM, Verbatim, import-ohne-bild",MERGE,draft,FALSE,global,Electronics > Computers > Computer Components > Storage Devices,SUPV0085,21.99,,12.79,shopify,deny,494,TRUE,TRUE,0.256,kg,0023942323419,,,,12.79,5.69,2026-06-17T21:20:08
,supx0011-xiaomi-mi-tv-stick-digitaler-multimedia-receiver-2-gb-8-gb,MERGE,Xiaomi Mi TV Stick - Digitaler Multimedia-Receiver 2 GB / 8 GB,<p>Xiaomi Mi TV Stick - Digitaler Multimedia-Receiver 2 GB / 8 GB</p>,Xiaomi,CE,"CE, Xiaomi, import-ohne-bild",MERGE,draft,FALSE,global,Electronics,SUPX0011,58.99,,37.56,shopify,deny,208,TRUE,TRUE,0.284,kg,6971408155620,,,,37.56,12.01,2026-06-17T21:20:08
,supy0000-yealink-dect-headset-wh62-mono-uc,MERGE,Yealink DECT Headset WH62 Mono UC,<p>Yealink DECT Headset WH62 Mono UC</p>,Yealink,CE,"CE, Yealink, import-ohne-bild",MERGE,draft,FALSE,global,Electronics,SUPY0000,147.99,,103.53,shopify,deny,20,TRUE,TRUE,0.300,kg,6938818319592,,,,103.53,20.83,2026-06-17T21:20:08
,supy0003-yealink-dect-multi-cell-manager-w90dm,MERGE,Yealink DECT Multi-Cell Manager W90DM,<p>Yealink DECT Multi-Cell Manager W90DM</p>,Yealink,CE,"CE, Yealink, import-ohne-bild",MERGE,draft,FALSE,global,Electronics,SUPY0003,250.99,,175.09,shopify,deny,85,TRUE,TRUE,0.348,kg,6938818306202,,,,175.09,35.83,2026-06-17T21:20:08
,supy0010-yealink-ip-telefon-sip-t54w-v2,MERGE,Yealink IP Telefon SIP-T54W V2,<p>Yealink IP Telefon SIP-T54W V2</p>,Yealink,CE,"CE, Yealink, import-ohne-bild",MERGE,draft,FALSE,global,Electronics,SUPY0010,155.99,,108.91,shopify,deny,1,TRUE,TRUE,1.450,kg,6938818303171,,,,108.91,22.17,2026-06-17T21:20:08
,supy0014-yealink-ip-telefon-sip-t58w,MERGE,Yealink IP Telefon SIP-T58W,<p>Yealink IP Telefon SIP-T58W</p>,Yealink,CE,"CE, Yealink, import-ohne-bild",MERGE,draft,FALSE,global,Electronics,SUPY0014,277.99,,194.17,shopify,deny,20,TRUE,TRUE,1.910,kg,6938818307667,,,,194.17,39.44,2026-06-17T21:20:08
,supy0019-yealink-ip-telefon-mp56-teams-e2,MERGE,Yealink IP Telefon MP56-Teams E2,<p>Yealink IP Telefon MP56-Teams E2</p>,Yealink,CE,"CE, Yealink, import-ohne-bild",MERGE,draft,FALSE,global,Electronics,SUPY0019,291.99,,204.02,shopify,deny,38,TRUE,TRUE,1.414,kg,6938818318410,,,,204.02,41.35,2026-06-17T21:20:08
,supy0022-yealink-ip-telefon-sip-t53w,MERGE,Yealink IP Telefon SIP-T53W,<p>Yealink IP Telefon SIP-T53W</p>,Yealink,CE,"CE, Yealink, import-ohne-bild",MERGE,draft,FALSE,global,Electronics,SUPY0022,141.99,,99.37,shopify,deny,102,TRUE,TRUE,1.364,kg,6938818303188,,,,99.37,19.95,2026-06-17T21:20:08
,supy0038-yealink-dect-telefon-w79p-basis-w70b-und-w59r,MERGE,Yealink DECT Telefon W79P (Basis W70B und W59R),<p>Yealink DECT Telefon W79P (Basis W70B und W59R)</p>,Yealink,CE,"CE, Yealink, import-ohne-bild",MERGE,draft,FALSE,global,Electronics,SUPY0038,183.99,,128.40,shopify,deny,39,TRUE,TRUE,0.782,kg,6938818308497,,,,128.40,26.21,2026-06-17T21:20:08
,supy0044-yealink-wh64-dual-teams-headset-on-ear-dect-bluetooth,MERGE,Yealink WH64 Dual Teams - Headset - On-Ear - DECT / Bluetooth,<p>Yealink WH64 Dual Teams - Headset - On-Ear - DECT / Bluetooth</p>,Yealink,CE,"CE, Yealink, import-ohne-bild",MERGE,draft,FALSE,global,Electronics,SUPY0044,161.99,,113.17,shopify,deny,329,TRUE,TRUE,0.920,kg,6938818319578,,,,113.17,22.96,2026-06-17T21:20:08
,supy0056-yealink-bh70-mono-headset-bluetooth,MERGE,Yealink BH70 Mono - Headset - Bluetooth,<p>Yealink BH70 Mono - Headset - Bluetooth</p>,Yealink,CE,"CE, Yealink, import-ohne-bild",MERGE,draft,FALSE,global,Electronics,SUPY0056,88.99,,61.92,shopify,deny,60,TRUE,TRUE,0.310,kg,6938818321816,,,,61.92,12.86,2026-06-17T21:20:08
,supy0059-yealink-wh67-headset-wh67-mono-uc,MERGE,Yealink WH67 - Headset WH67 Mono UC,<p>Yealink WH67 - Headset WH67 Mono UC</p>,Yealink,CE,"CE, Yealink, import-ohne-bild",MERGE,draft,FALSE,global,Electronics,SUPY0059,221.99,,154.79,shopify,deny,50,TRUE,TRUE,1.030,kg,6938818306578,,,,154.79,31.76,2026-06-17T21:20:08
,supy0060-yealink-wh64-mono-headset-on-ear,MERGE,Yealink WH64 Mono - Headset - On-Ear,<p>Yealink WH64 Mono - Headset - On-Ear</p>,Yealink,CE,"CE, Yealink, import-ohne-bild",MERGE,draft,FALSE,global,Electronics,SUPY0060,147.99,,103.23,shopify,deny,88,TRUE,TRUE,0.734,kg,6938818319608,,,,103.23,21.13,2026-06-17T21:20:08
,supy1003-yubico-usb-sicherheitsschluessel-nfc-schwarz,MERGE,YUBICO USB-Sicherheitsschlüssel - NFC - Schwarz,<p>YUBICO USB-Sicherheitsschlüssel - NFC - Schwarz</p>,Yubico,SECURITY,"SECURITY, Yubico, import-ohne-bild",MERGE,draft,FALSE,global,Electronics > Security,SUPY1003,39.99,,24.87,shopify,deny,313,TRUE,TRUE,0.009,kg,5060408465301,,,,24.87,8.74,2026-06-17T21:20:08
,supz0006-zebra-zd421d-etikettendrucker,MERGE,Zebra ZD421d - Etikettendrucker,<p>Zebra ZD421d - Etikettendrucker</p>,Zeb,,"Zeb, import-ohne-bild",MERGE,draft,FALSE,global,Electronics,SUPZ0006,355.99,,248.68,shopify,deny,15,TRUE,TRUE,2.930,kg,2503062116279,,,,248.68,50.47,2026-06-17T21:20:08
,supz0020-zebra-zd421t-etikettendrucker-thermotransfer-rolle-11-2-cm,MERGE,"Zebra ZD421t - Etikettendrucker - Thermotransfer - Rolle (11,2 cm)","<p>Zebra ZD421t - Etikettendrucker - Thermotransfer - Rolle (11,2 cm)</p>",Zeb,,"Zeb, import-ohne-bild",MERGE,draft,FALSE,global,Electronics,SUPZ0020,442.99,,309.58,shopify,deny,65,TRUE,TRUE,3.828,kg,8596375242906,,,,309.58,62.68,2026-06-17T21:20:08
,supz0033-zebra-zd421t-etikettendrucker-thermotransfer,MERGE,Zebra ZD421t - Etikettendrucker - Thermotransfer,<p>Zebra ZD421t - Etikettendrucker - Thermotransfer</p>,Zeb,,"Zeb, import-ohne-bild",MERGE,draft,FALSE,global,Electronics,SUPZ0033,492.99,,345.10,shopify,deny,2,TRUE,TRUE,3.517,kg,5704174529460,,,,345.10,69.18,2026-06-17T21:20:08
,usbk0042-kioxia-sd-exceria-plus-128gb,MERGE,Kioxia SD Exceria Plus 128GB,<p>Kioxia SD Exceria Plus 128GB</p>,Kioxia,FLASH,"FLASH, Kioxia, import-ohne-bild",MERGE,draft,FALSE,global,Electronics > Computers > Computer Components > Storage Devices,USBK0042,28.99,,17.90,shopify,deny,10,TRUE,TRUE,0.020,kg,4582761160187,,,,17.90,6.46,2026-06-17T21:20:08
,usbk0043-kioxia-microsd-exceria-plus-64gb,MERGE,Kioxia microSD Exceria Plus 64GB,<p>Kioxia microSD Exceria Plus 64GB</p>,Kioxia,FLASH,"FLASH, Kioxia, import-ohne-bild",MERGE,draft,FALSE,global,Electronics > Computers > Computer Components > Storage Devices,USBK0043,20.99,,11.98,shopify,deny,500,TRUE,TRUE,0.000,kg,4582563858398,,,,11.98,5.66,2026-06-17T21:20:08
,usbk0047-kioxia-microsd-exceria-plus-128gb,MERGE,Kioxia microSD Exceria Plus 128GB,<p>Kioxia microSD Exceria Plus 128GB</p>,Kioxia,FLASH,"FLASH, Kioxia, import-ohne-bild",MERGE,draft,FALSE,global,Electronics > Computers > Computer Components > Storage Devices,USBK0047,33.99,,21.12,shopify,deny,103,TRUE,TRUE,0.010,kg,4582761160507,,,,21.12,7.44,2026-06-17T21:20:08
,usbk1010-kioxia-microsd-exceria-32gb,MERGE,Kioxia microSD Exceria 32GB,<p>Kioxia microSD Exceria 32GB</p>,Kioxia,FLASH,"FLASH, Kioxia, import-ohne-bild",MERGE,draft,FALSE,global,Electronics > Computers > Computer Components > Storage Devices,USBK1010,15.99,,7.75,shopify,deny,80,TRUE,TRUE,0.009,kg,4582563850804,,,,7.75,5.69,2026-06-17T21:20:08
,usbk1022-kioxia-transmemory-u202-white-32gb-usb-2-0,MERGE,Kioxia TransMemory U202 white 32GB USB 2.0,<p>Kioxia TransMemory U202 white 32GB USB 2.0</p>,Kioxia,FLASH,"FLASH, Kioxia, import-ohne-bild",MERGE,draft,FALSE,global,Electronics > Computers > Computer Components > Storage Devices,USBK1022,14.99,,6.90,shopify,deny,500,TRUE,TRUE,0.015,kg,4582563850200,,,,6.90,5.70,2026-06-17T21:20:08
,usbk1023-kioxia-transmemory-u202-white-64gb-usb-2-0,MERGE,Kioxia TransMemory U202 white 64GB USB 2.0,<p>Kioxia TransMemory U202 white 64GB USB 2.0</p>,Kioxia,FLASH,"FLASH, Kioxia, import-ohne-bild",MERGE,draft,FALSE,global,Electronics > Computers > Computer Components > Storage Devices,USBK1023,12.99,,5.90,shopify,deny,486,TRUE,TRUE,0.017,kg,4582563850217,,,,5.90,5.02,2026-06-17T21:20:08
,usbk1024-kioxia-transmemory-u202-white-128gb-usb-2-0,MERGE,Kioxia TransMemory U202 white 128GB USB 2.0,<p>Kioxia TransMemory U202 white 128GB USB 2.0</p>,Kioxia,FLASH,"FLASH, Kioxia, import-ohne-bild",MERGE,draft,FALSE,global,Electronics > Computers > Computer Components > Storage Devices,USBK1024,14.99,,6.94,shopify,deny,249,TRUE,TRUE,0.016,kg,4582563850224,,,,6.94,5.66,2026-06-17T21:20:08
,usbk1035-kioxia-transmemory-u301-64gb-usb-3-0,MERGE,Kioxia TransMemory U301 64GB USB 3.0,<p>Kioxia TransMemory U301 64GB USB 3.0</p>,Kioxia,FLASH,"FLASH, Kioxia, import-ohne-bild",MERGE,draft,FALSE,global,Electronics > Computers > Computer Components > Storage Devices,USBK1035,15.99,,7.67,shopify,deny,149,TRUE,TRUE,0.015,kg,4582563850033,,,,7.67,5.77,2026-06-17T21:20:08
,usbk1040-kioxia-transmemory-u365-256gb-usb-3-0,MERGE,Kioxia TransMemory U365 256GB USB 3.0,<p>Kioxia TransMemory U365 256GB USB 3.0</p>,Kioxia,FLASH,"FLASH, Kioxia, import-ohne-bild",MERGE,draft,FALSE,global,Electronics > Computers > Computer Components > Storage Devices,USBK1040,50.99,,32.48,shopify,deny,20,TRUE,TRUE,0.015,kg,4582563850521,,,,32.48,10.37,2026-06-17T21:20:08
,usbk1048-kioxia-exceria-g2-sd-card-128gb,MERGE,Kioxia Exceria G2 SD Card 128GB,<p>Kioxia Exceria G2 SD Card 128GB</p>,Kioxia,FLASH,"FLASH, Kioxia, import-ohne-bild",MERGE,draft,FALSE,global,Electronics > Computers > Computer Components > Storage Devices,USBK1048,41.99,,26.63,shopify,deny,70,TRUE,TRUE,0.010,kg,4582563857087,,,,26.63,8.66,2026-06-17T21:20:08
,usbk1050-kioxia-exceria-g2-sd-card-512gb,MERGE,Kioxia Exceria G2 SD Card 512GB,<p>Kioxia Exceria G2 SD Card 512GB</p>,Kioxia,FLASH,"FLASH, Kioxia, import-ohne-bild",MERGE,draft,FALSE,global,Electronics > Computers > Computer Components > Storage Devices,USBK1050,60.99,,38.79,shopify,deny,6,TRUE,TRUE,0.010,kg,4582563857209,,,,38.79,12.46,2026-06-17T21:20:08
,usbk1051-kioxia-exceria-g2-sd-card-1tb,MERGE,Kioxia Exceria G2 SD Card 1TB,<p>Kioxia Exceria G2 SD Card 1TB</p>,Kioxia,FLASH,"FLASH, Kioxia, import-ohne-bild",MERGE,draft,FALSE,global,Electronics > Computers > Computer Components > Storage Devices,USBK1051,97.99,,68.10,shopify,deny,3,TRUE,TRUE,0.010,kg,4582563857261,,,,68.10,14.24,2026-06-17T21:20:08
,usbk1053-kioxia-exceria-plus-g2-sd-card-64gb,MERGE,Kioxia Exceria Plus G2 SD Card 64GB,<p>Kioxia Exceria Plus G2 SD Card 64GB</p>,Kioxia,FLASH,"FLASH, Kioxia, import-ohne-bild",MERGE,draft,FALSE,global,Electronics > Computers > Computer Components > Storage Devices,USBK1053,21.99,,12.93,shopify,deny,5,TRUE,TRUE,0.010,kg,4582761160170,,,,12.93,5.55,2026-06-17T21:20:08
,usbk1054-kioxia-exceria-plus-g2-sd-card-256gb,MERGE,Kioxia Exceria Plus G2 SD Card 256GB,<p>Kioxia Exceria Plus G2 SD Card 256GB</p>,Kioxia,FLASH,"FLASH, Kioxia, import-ohne-bild",MERGE,draft,FALSE,global,Electronics > Computers > Computer Components > Storage Devices,USBK1054,49.99,,31.81,shopify,deny,5,TRUE,TRUE,0.010,kg,4582761160194,,,,31.81,10.20,2026-06-17T21:20:08
,usbk1056-kioxia-transmemory-u301-64gb-black-usb-3-0,MERGE,Kioxia TransMemory U301 64GB black USB 3.0,<p>Kioxia TransMemory U301 64GB black USB 3.0</p>,Kioxia,FLASH,"FLASH, Kioxia, import-ohne-bild",MERGE,draft,FALSE,global,Electronics > Computers > Computer Components > Storage Devices,USBK1056,13.99,,6.50,shopify,deny,6,TRUE,TRUE,0.017,kg,4582563855472,,,,6.50,5.26,2026-06-17T21:20:08
,usbk1060-kioxia-microsd-exceria-plus-128gb,MERGE,Kioxia microSD Exceria Plus 128GB,<p>Kioxia microSD Exceria Plus 128GB</p>,Kioxia,FLASH,"FLASH, Kioxia, import-ohne-bild",MERGE,draft,FALSE,global,Electronics > Computers > Computer Components > Storage Devices,USBK1060,27.99,,17.16,shopify,deny,500,TRUE,TRUE,0.010,kg,4582563858435,,,,17.16,6.36,2026-06-17T21:20:08
,usbs0011-sandisk-ultra-flair-usb-3-0-64gb,MERGE,SanDisk Ultra Flair USB 3.0 64GB,<p>SanDisk Ultra Flair USB 3.0 64GB</p>,SanDisk,FLASH,"FLASH, SanDisk, import-ohne-bild",MERGE,draft,FALSE,global,Electronics > Computers > Computer Components > Storage Devices,USBS0011,20.99,,11.90,shopify,deny,100,TRUE,TRUE,0.018,kg,0619659136703,,,,11.90,5.74,2026-06-17T21:20:08
,usbs0013-sandisk-ultra-flair-usb-3-0-256gb,MERGE,SanDisk Ultra Flair USB 3.0 256GB,<p>SanDisk Ultra Flair USB 3.0 256GB</p>,SanDisk,FLASH,"FLASH, SanDisk, import-ohne-bild",MERGE,draft,FALSE,global,Electronics > Computers > Computer Components > Storage Devices,USBS0013,52.99,,33.90,shopify,deny,102,TRUE,TRUE,0.018,kg,0619659154189,,,,33.90,10.63,2026-06-17T21:20:08
,usbs0019-sandisk-ultra-dual-drive-go-usb-3-1-usb-c-64gb,MERGE,SanDisk Ultra Dual Drive Go USB 3.1 /USB-C 64GB,<p>SanDisk Ultra Dual Drive Go USB 3.1 /USB-C 64GB</p>,SanDisk,FLASH,"FLASH, SanDisk, import-ohne-bild",MERGE,draft,FALSE,global,Electronics > Computers > Computer Components > Storage Devices,USBS0019,20.99,,12.50,shopify,deny,1,TRUE,TRUE,0.017,kg,0619659177171,,,,12.50,5.14,2026-06-17T21:20:08
,usbs0071-sandisk-ultra-flash-speicherkarte-32-gb-class-10,MERGE,SanDisk Ultra - Flash-Speicherkarte - 32 GB - Class 10,<p>SanDisk Ultra - Flash-Speicherkarte - 32 GB - Class 10</p>,SanDisk,FLASH,"FLASH, SanDisk, import-ohne-bild",MERGE,draft,FALSE,global,Electronics > Computers > Computer Components > Storage Devices,USBS0071,19.99,,11.50,shopify,deny,37,TRUE,TRUE,0.008,kg,0619659184384,,,,11.50,5.30,2026-06-17T21:20:08
,usbs0072-sandisk-microsdxc-extreme-pro-256gb,MERGE,SanDisk microSDXC Extreme Pro 256GB,<p>SanDisk microSDXC Extreme Pro 256GB</p>,SanDisk,FLASH,"FLASH, SanDisk, import-ohne-bild",MERGE,draft,FALSE,global,Electronics > Computers > Computer Components > Storage Devices,USBS0072,77.99,,54.50,shopify,deny,4,TRUE,TRUE,0.017,kg,619659188542,,,,54.50,11.04,2026-06-17T21:20:08
,usbs0073-sandisk-ultra-flair-usb-flash-laufwerk-128-gb,MERGE,SanDisk Ultra Flair USB-Flash-Laufwerk 128 GB,<p>SanDisk Ultra Flair USB-Flash-Laufwerk 128 GB</p>,SanDisk,FLASH,"FLASH, SanDisk, import-ohne-bild",MERGE,draft,FALSE,global,Electronics > Computers > Computer Components > Storage Devices,USBS0073,32.99,,19.90,shopify,deny,45,TRUE,TRUE,0.018,kg,0619659163082,,,,19.90,7.82,2026-06-17T21:20:08
,usbs0074-sandisk-ultra-luxe-usb-flash-laufwerk-32-gb,MERGE,SanDisk Ultra Luxe USB-Flash-Laufwerk 32 GB,<p>SanDisk Ultra Luxe USB-Flash-Laufwerk 32 GB</p>,SanDisk,FLASH,"FLASH, SanDisk, import-ohne-bild",MERGE,draft,FALSE,global,Electronics > Computers > Computer Components > Storage Devices,USBS0074,18.99,,10.90,shopify,deny,83,TRUE,TRUE,0.024,kg,0619659172510,,,,10.90,5.06,2026-06-17T21:20:08
,usbs0075-sandisk-ultra-luxe-usb-flash-laufwerk-64-gb,MERGE,SanDisk Ultra Luxe USB-Flash-Laufwerk 64 GB,<p>SanDisk Ultra Luxe USB-Flash-Laufwerk 64 GB</p>,SanDisk,FLASH,"FLASH, SanDisk, import-ohne-bild",MERGE,draft,FALSE,global,Electronics > Computers > Computer Components > Storage Devices,USBS0075,20.99,,11.90,shopify,deny,153,TRUE,TRUE,0.021,kg,0619659172831,,,,11.90,5.74,2026-06-17T21:20:08
,usbs0076-sandisk-ultra-luxe-usb-flash-laufwerk-128-gb,MERGE,SanDisk Ultra Luxe USB-Flash-Laufwerk 128 GB,<p>SanDisk Ultra Luxe USB-Flash-Laufwerk 128 GB</p>,SanDisk,FLASH,"FLASH, SanDisk, import-ohne-bild",MERGE,draft,FALSE,global,Electronics > Computers > Computer Components > Storage Devices,USBS0076,28.99,,17.90,shopify,deny,344,TRUE,TRUE,0.021,kg,0619659172855,,,,17.90,6.46,2026-06-17T21:20:08
,usbs0082-sandisk-extreme-pro-flash-speicherkarte-512-gb,MERGE,SanDisk Extreme Pro Flash-Speicherkarte  512 GB,<p>SanDisk Extreme Pro Flash-Speicherkarte  512 GB</p>,SanDisk,FLASH,"FLASH, SanDisk, import-ohne-bild",MERGE,draft,FALSE,global,Electronics > Computers > Computer Components > Storage Devices,USBS0082,128.99,,89.90,shopify,deny,96,TRUE,TRUE,0.016,kg,0619659188566,,,,89.90,18.49,2026-06-17T21:20:08
,usbs1019-sandisk-usb-cruzer-blade-32gb-usb2-0,MERGE,SanDisk USB Cruzer Blade 32GB USB2.0,<p>SanDisk USB Cruzer Blade 32GB USB2.0</p>,SanDisk,FLASH,"FLASH, SanDisk, import-ohne-bild",MERGE,draft,FALSE,global,Electronics > Computers > Computer Components > Storage Devices,USBS1019,14.99,,7.20,shopify,deny,105,TRUE,TRUE,0.011,kg,0619659069193,,,,7.20,5.40,2026-06-17T21:20:08
,usbs1092-sandisk-ultra-dual-drive-luxe-usb-3-1-gen-1-usb-c-32gb,MERGE,SanDisk Ultra Dual Drive Luxe USB 3.1 Gen 1 / USB-C 32GB,<p>SanDisk Ultra Dual Drive Luxe USB 3.1 Gen 1 / USB-C 32GB</p>,SanDisk,FLASH,"FLASH, SanDisk, import-ohne-bild",MERGE,draft,FALSE,global,Electronics > Computers > Computer Components > Storage Devices,USBS1092,22.99,,13.50,shopify,deny,18,TRUE,TRUE,0.026,kg,0619659178581,,,,13.50,5.82,2026-06-17T21:20:08
,usbs1093-sandisk-usb-cruzer-blade-128gb-usb-2-0,MERGE,SanDisk USB Cruzer Blade 128GB USB 2.0,<p>SanDisk USB Cruzer Blade 128GB USB 2.0</p>,SanDisk,FLASH,"FLASH, SanDisk, import-ohne-bild",MERGE,draft,FALSE,global,Electronics > Computers > Computer Components > Storage Devices,USBS1093,24.99,,14.90,shopify,deny,99,TRUE,TRUE,0.012,kg,0619659125905,,,,14.90,6.10,2026-06-17T21:20:08
,usbs1094-sandisk-usb-cruzer-blade-64gb-usb-2-0,MERGE,SanDisk USB Cruzer Blade 64GB USB 2.0,<p>SanDisk USB Cruzer Blade 64GB USB 2.0</p>,SanDisk,FLASH,"FLASH, SanDisk, import-ohne-bild",MERGE,draft,FALSE,global,Electronics > Computers > Computer Components > Storage Devices,USBS1094,14.99,,7.25,shopify,deny,130,TRUE,TRUE,0.011,kg,0619659097318,,,,7.25,5.35,2026-06-17T21:20:08
,usbv0000-verbatim-plectra-black-128gb-usb-c-flash-drive-30225,MERGE,Verbatim Plectra Black 128GB USB-C Flash Drive 30225,<p>Verbatim Plectra Black 128GB USB-C Flash Drive 30225</p>,Verbatim,FLASH,"FLASH, Verbatim, import-ohne-bild",MERGE,draft,FALSE,global,Electronics > Computers > Computer Components > Storage Devices,USBV0000,24.99,,15.23,shopify,deny,100,TRUE,TRUE,0.020,kg,023942302254,,,,15.23,5.77,2026-06-17T21:20:08
,usbv0002-verbatim-plectra-black-256gb-usb-c-flash-drive-30226,MERGE,Verbatim Plectra Black 256GB USB-C Flash Drive 30226,<p>Verbatim Plectra Black 256GB USB-C Flash Drive 30226</p>,Verbatim,FLASH,"FLASH, Verbatim, import-ohne-bild",MERGE,draft,FALSE,global,Electronics > Computers > Computer Components > Storage Devices,USBV0002,41.99,,26.64,shopify,deny,100,TRUE,TRUE,0.020,kg,023942302261,,,,26.64,8.65,2026-06-17T21:20:08
,usbv0003-verbatim-plectra-black-512gb-usb-c-flash-drive-302,MERGE,Verbatim Plectra Black 512GB USB-C Flash Drive 302,<p>Verbatim Plectra Black 512GB USB-C Flash Drive 302</p>,Verbatim,FLASH,"FLASH, Verbatim, import-ohne-bild",MERGE,draft,FALSE,global,Electronics > Computers > Computer Components > Storage Devices,USBV0003,73.99,,51.36,shopify,deny,95,TRUE,TRUE,0.020,kg,0023942302278,,,,51.36,10.82,2026-06-17T21:20:08
,usbv0005-verbatim-plectra-white-128gb-usb-c-flash-drive-30229,MERGE,Verbatim Plectra White 128GB USB-C Flash Drive 30229,<p>Verbatim Plectra White 128GB USB-C Flash Drive 30229</p>,Verbatim,FLASH,"FLASH, Verbatim, import-ohne-bild",MERGE,draft,FALSE,global,Electronics > Computers > Computer Components > Storage Devices,USBV0005,24.99,,15.33,shopify,deny,100,TRUE,TRUE,0.020,kg,0023942302292,,,,15.33,5.67,2026-06-17T21:20:08
,usbv0006-verbatim-plectra-white-256gb-usb-c-flash-drive-30230,MERGE,Verbatim Plectra White 256GB USB-C Flash Drive 30230,<p>Verbatim Plectra White 256GB USB-C Flash Drive 30230</p>,Verbatim,FLASH,"FLASH, Verbatim, import-ohne-bild",MERGE,draft,FALSE,global,Electronics > Computers > Computer Components > Storage Devices,USBV0006,40.99,,26.09,shopify,deny,99,TRUE,TRUE,0.020,kg,0023942302308,,,,26.09,8.36,2026-06-17T21:20:08
,usbv0007-verbatim-plectra-white-512gb-usb-c-flash-drive-30231,MERGE,Verbatim Plectra White 512GB USB-C Flash Drive 30231,<p>Verbatim Plectra White 512GB USB-C Flash Drive 30231</p>,Verbatim,FLASH,"FLASH, Verbatim, import-ohne-bild",MERGE,draft,FALSE,global,Electronics > Computers > Computer Components > Storage Devices,USBV0007,73.99,,51.36,shopify,deny,88,TRUE,TRUE,0.020,kg,0023942302315,,,,51.36,10.82,2026-06-17T21:20:08
,usbv0008-verbatim-store-n-go-v3-16gb-usb-3-0-grey-49172,MERGE,Verbatim Store n Go V3 16GB USB 3.0 grey 49172,<p>Verbatim Store n Go V3 16GB USB 3.0 grey 49172</p>,Verbatim,FLASH,"FLASH, Verbatim, import-ohne-bild",MERGE,draft,FALSE,global,Electronics > Computers > Computer Components > Storage Devices,USBV0008,12.99,,5.27,shopify,deny,280,TRUE,TRUE,0.020,kg,0023942491729,,,,5.27,5.65,2026-06-17T21:20:08
,usbv0012-verbatim-store-n-go-v3-256gb-usb-3-0-grey-49168,MERGE,Verbatim Store n Go V3 256GB USB 3.0 grey 49168,<p>Verbatim Store n Go V3 256GB USB 3.0 grey 49168</p>,Verbatim,FLASH,"FLASH, Verbatim, import-ohne-bild",MERGE,draft,FALSE,global,Electronics > Computers > Computer Components > Storage Devices,USBV0012,39.99,,25.68,shopify,deny,132,TRUE,TRUE,0.020,kg,023942491682,,,,25.68,7.93,2026-06-17T21:20:08
,usbv0013-verbatim-store-n-go-8gb-pinstripe-usb-2-0-black-49062,MERGE,Verbatim Store n Go 8GB Pinstripe USB 2.0 black 49062,<p>Verbatim Store n Go 8GB Pinstripe USB 2.0 black 49062</p>,Verbatim,FLASH,"FLASH, Verbatim, import-ohne-bild",MERGE,draft,FALSE,global,Electronics > Computers > Computer Components > Storage Devices,USBV0013,10.99,,3.44,shopify,deny,234,TRUE,TRUE,0.018,kg,0023942490623,,,,3.44,5.80,2026-06-17T21:20:08
,usbv0016-verbatim-store-n-go-64gb-pinstripe-usb-2-0-black-49065,MERGE,Verbatim Store n Go 64GB Pinstripe USB 2.0 black 49065,<p>Verbatim Store n Go 64GB Pinstripe USB 2.0 black 49065</p>,Verbatim,FLASH,"FLASH, Verbatim, import-ohne-bild",MERGE,draft,FALSE,global,Electronics > Computers > Computer Components > Storage Devices,USBV0016,12.99,,5.30,shopify,deny,126,TRUE,TRUE,0.019,kg,0023942490654,,,,5.30,5.62,2026-06-17T21:20:08
,usbv0017-verbatim-store-n-go-128gb-pinstripe-usb-2-0-black-49071,MERGE,Verbatim Store n Go 128GB Pinstripe USB 2.0 black 49071,<p>Verbatim Store n Go 128GB Pinstripe USB 2.0 black 49071</p>,Verbatim,FLASH,"FLASH, Verbatim, import-ohne-bild",MERGE,draft,FALSE,global,Electronics > Computers > Computer Components > Storage Devices,USBV0017,16.99,,8.90,shopify,deny,42,TRUE,TRUE,0.020,kg,0023942490715,,,,8.90,5.38,2026-06-17T21:20:08
,usbv0018-verbatim-v200-metal-usb-3-2-64gb-aluminium,MERGE,Verbatim V200 Metal USB 3.2 64GB Aluminium,<p>Verbatim V200 Metal USB 3.2 64GB Aluminium</p>,Verbatim,FLASH,"FLASH, Verbatim, import-ohne-bild",MERGE,draft,FALSE,global,Electronics > Computers > Computer Components > Storage Devices,USBV0018,15.99,,8.07,shopify,deny,58,TRUE,TRUE,0.020,kg,0023942302117,,,,8.07,5.37,2026-06-17T21:20:08
,usbv0020-verbatim-metal-executive-16gb-usb-3-0-gold,MERGE,Verbatim Metal Executive 16GB USB 3.0 gold,<p>Verbatim Metal Executive 16GB USB 3.0 gold</p>,Verbatim,FLASH,"FLASH, Verbatim, import-ohne-bild",MERGE,draft,FALSE,global,Electronics > Computers > Computer Components > Storage Devices,USBV0020,14.99,,7.51,shopify,deny,83,TRUE,TRUE,0.016,kg,0023942991045,,,,7.51,5.09,2026-06-17T21:20:08
,usbv0021-verbatim-metal-executive-32gb-usb-3-0-gold,MERGE,Verbatim Metal Executive 32GB USB 3.0 gold,<p>Verbatim Metal Executive 32GB USB 3.0 gold</p>,Verbatim,FLASH,"FLASH, Verbatim, import-ohne-bild",MERGE,draft,FALSE,global,Electronics > Computers > Computer Components > Storage Devices,USBV0021,16.99,,8.55,shopify,deny,47,TRUE,TRUE,0.016,kg,0023942991052,,,,8.55,5.73,2026-06-17T21:20:08
,w0082-ecoflow-residential-ecosystem-broschueren-paket-1-karton,MERGE,ECOFLOW Residential Ecosystem Broschüren-Paket (1 Karton),<p>ECOFLOW Residential Ecosystem Broschüren-Paket (1 Karton)</p>,Ecoflow,PPS,"PPS, Ecoflow, import-ohne-bild",MERGE,draft,FALSE,global,Electronics,W0082,39.99,,25.38,shopify,deny,128,TRUE,TRUE,0.000,kg,,,,,25.38,8.23,2026-06-17T21:20:08
,hdiw0213-western-digital-wd11purz-1-tb,MERGE,Western Digital WD11PURZ / 1 TB,,,,auto-deactivated,MERGE,draft,FALSE,,,HDIW0213,141.99,,,shopify,deny,0,TRUE,TRUE,,kg,,,,,,,2026-06-17T21:20:08
,hdiw0234-western-digital-wd44purz-4-tb,MERGE,Western Digital Purple internal hard drive,,,,auto-deactivated,MERGE,draft,FALSE,,,HDIW0234,248.99,,,shopify,deny,0,TRUE,TRUE,,kg,,,,,,,2026-06-17T21:20:08
,hhwx0145-dreame-h15-mix-handstaubsauger,MERGE,Dreame H15 Mix 2-in-1-Stabstaubsauger Akku Trocken&Nass Beutellos 400 W Schwarz 5 Ah,,,,auto-deactivated,MERGE,draft,FALSE,,,HHWX0145,630.99,,,shopify,deny,0,TRUE,TRUE,,kg,,,,,,,2026-06-17T21:20:08
,nett1079-teltonika-tsf010-switch,MERGE,Teltonika TSF010 - Switch,,,,auto-deactivated,MERGE,draft,FALSE,,,NETT1079,37.99,,,shopify,deny,0,TRUE,TRUE,,kg,,,,,,,2026-06-17T21:20:08
,shg0064-govee-rgbicw-outdoor-string-lights,MERGE,Govee H7025CB1 Smart Lighting Intelligente Strangleuchte Wi-Fi/Bluetooth,,,,auto-deactivated,MERGE,draft,FALSE,,,SHG0064,75.99,,,shopify,deny,0,TRUE,TRUE,,kg,,,,,,,2026-06-17T21:20:08
,supv0005-verbatim-1x50-verbatim-dvd-r-4-7gb-16x-speed-photo-printable-43533,MERGE,"Verbatim 43533 DVD-Rohling 4,7 GB DVD-R 50 Stück(e)",,,,auto-deactivated,MERGE,draft,FALSE,,,SUPV0005,20.99,,,shopify,deny,0,TRUE,TRUE,,kg,,,,,,,2026-06-17T21:20:08
